bowler,total_balls,total_runs,total_wickets,boundaries_conceded,dots,economy,dot_pct,wicket_rate
A Adekunle,314,221,15,16,167,4.222929936305732,0.5318471337579618,0.04777070063694268
A Ahmadhel,12,21,1,3,5,10.5,0.4166666666666667,0.08333333333333333
A Aitken,198,150,4,16,119,4.545454545454546,0.601010101010101,0.020202020202020204
A Aitken-Drummond,84,65,5,7,42,4.642857142857143,0.5,0.05952380952380952
A Akhigbe,235,190,11,24,139,4.851063829787234,0.5914893617021276,0.04680851063829787
A Akurut,44,17,3,1,30,2.3181818181818183,0.6818181818181818,0.06818181818181818
A Alexander,108,105,9,11,52,5.833333333333333,0.48148148148148145,0.08333333333333333
A Alfonso,26,15,1,1,17,3.4615384615384617,0.6538461538461539,0.038461538461538464
A Amado,18,20,1,0,13,6.666666666666667,0.7222222222222222,0.05555555555555555
A Andrews,62,64,5,6,27,6.193548387096774,0.43548387096774194,0.08064516129032258
A Andriani,162,93,15,9,94,3.4444444444444446,0.5802469135802469,0.09259259259259259
A Anlezark,203,181,5,17,113,5.34975369458128,0.5566502463054187,0.024630541871921183
A Ashok,122,148,4,18,40,7.278688524590164,0.32786885245901637,0.03278688524590164
A Ashokan,387,463,19,46,152,7.178294573643411,0.39276485788113696,0.04909560723514212
A Athanaze,136,87,5,9,82,3.8382352941176467,0.6029411764705882,0.03676470588235294
A Augastin,132,115,9,11,72,5.2272727272727275,0.5454545454545454,0.06818181818181818
A Awasthi,27,75,1,10,5,16.666666666666668,0.18518518518518517,0.037037037037037035
A Balbirnie,36,48,1,8,14,8.0,0.3888888888888889,0.027777777777777776
A Beggs,210,171,5,19,114,4.885714285714286,0.5428571428571428,0.023809523809523808
A Beresford-Peirse,202,261,5,31,90,7.752475247524753,0.44554455445544555,0.024752475247524754
A Bester,181,168,18,19,91,5.569060773480663,0.5027624309392266,0.09944751381215469
A Bhargava,13,15,1,3,8,6.923076923076923,0.6153846153846154,0.07692307692307693
A Bhattarai,577,428,20,53,369,4.450606585788561,0.6395147313691508,0.03466204506065858
A Bidari,26,17,1,1,14,3.9230769230769234,0.5384615384615384,0.038461538461538464
A Bierwisch,104,68,8,5,71,3.9230769230769234,0.6826923076923077,0.07692307692307693
A Bishnoi,235,318,12,39,114,8.119148936170212,0.4851063829787234,0.05106382978723404
A Bohara,1265,1535,78,162,409,7.280632411067193,0.3233201581027668,0.0616600790513834
A Bonora,56,45,1,4,30,4.821428571428571,0.5357142857142857,0.017857142857142856
A Bosch,311,318,9,37,120,6.135048231511254,0.3858520900321543,0.028938906752411574
A Brindle,928,706,38,56,460,4.564655172413794,0.4956896551724138,0.040948275862068964
A Brown-Carrera,227,158,12,6,151,4.176211453744493,0.6651982378854625,0.05286343612334802
A Bulow,290,271,9,34,166,5.606896551724137,0.5724137931034483,0.03103448275862069
A Busing-Volschenk,43,55,4,7,14,7.674418604651162,0.32558139534883723,0.09302325581395349
A Canning,1736,1368,44,140,1027,4.728110599078342,0.591589861751152,0.02534562211981567
A Capsey,1480,1249,47,117,707,5.063513513513514,0.4777027027027027,0.03175675675675676
A Carter,122,105,5,11,71,5.163934426229509,0.5819672131147541,0.040983606557377046
A Cassim,110,70,3,6,69,3.8181818181818183,0.6272727272727273,0.02727272727272727
A Cawley,237,225,7,27,128,5.69620253164557,0.540084388185654,0.029535864978902954
A Chandel,703,550,36,55,378,4.694167852062589,0.5376955903271693,0.051209103840682786
A Charles,16,13,1,0,12,4.875,0.75,0.0625
A Chaubey,89,133,3,17,42,8.96629213483146,0.47191011235955055,0.033707865168539325
A Chaudhary,112,135,3,18,49,7.232142857142857,0.4375,0.026785714285714284
A Chenthamara,338,321,22,36,163,5.6982248520710055,0.4822485207100592,0.0650887573964497
A Chilia,65,53,1,4,35,4.892307692307692,0.5384615384615384,0.015384615384615385
A Codrington,187,169,6,23,113,5.422459893048128,0.6042780748663101,0.03208556149732621
A Conteh,129,142,10,12,47,6.604651162790698,0.3643410852713178,0.07751937984496124
A Cossa,69,83,3,9,30,7.217391304347826,0.43478260869565216,0.043478260869565216
A Curavic,6,11,1,1,2,11.0,0.3333333333333333,0.16666666666666666
A Dagar,421,230,13,15,267,3.2779097387173395,0.6342042755344418,0.030878859857482184
A Dalzell,729,681,24,82,408,5.604938271604938,0.5596707818930041,0.03292181069958848
A Dananjaya,3294,3055,104,302,1528,5.564663023679417,0.46387370977534914,0.031572556162720096
A Daniel,662,497,15,42,362,4.504531722054381,0.5468277945619335,0.022658610271903322
A Das,332,275,16,24,155,4.969879518072289,0.46686746987951805,0.04819277108433735
A Davidson-Soler,194,152,5,11,117,4.701030927835051,0.6030927835051546,0.02577319587628866
A Daxini,11,24,0,3,2,13.090909090909092,0.18181818181818182,0.0
A Dcosta,555,504,34,47,268,5.448648648648649,0.4828828828828829,0.06126126126126126
A Dennison,1,0,0,0,1,0.0,1.0,0.0
A Denuwan,40,51,1,4,10,7.6499999999999995,0.25,0.025
A Dercksen,686,729,25,90,336,6.376093294460642,0.4897959183673469,0.03644314868804665
A Desai,73,85,6,7,26,6.986301369863014,0.3561643835616438,0.0821917808219178
A Dhabe,249,266,14,28,97,6.409638554216867,0.3895582329317269,0.05622489959839357
A Dhar,18,31,0,4,7,10.333333333333334,0.3888888888888889,0.0
A Dhingra,255,343,17,39,81,8.070588235294117,0.3176470588235294,0.06666666666666667
A Dilhara,6,5,0,1,4,5.0,0.6666666666666666,0.0
A Dineshi,15,20,0,0,10,8.0,0.6666666666666666,0.0
A Dirannehelage,319,152,16,3,234,2.858934169278997,0.7335423197492164,0.050156739811912224
A Dizija,67,129,3,19,23,11.55223880597015,0.34328358208955223,0.04477611940298507
A Djorovic,81,149,1,19,28,11.037037037037036,0.345679012345679,0.012345679012345678
A Doddaballapur,468,313,40,21,260,4.012820512820513,0.5555555555555556,0.08547008547008547
A Donovan,128,149,3,18,58,6.984375,0.453125,0.0234375
A Dulara,12,9,0,1,6,4.5,0.5,0.0
A Dutt,3064,2671,95,298,1635,5.23041775456919,0.5336161879895561,0.03100522193211488
A Edwards,156,87,5,9,114,3.3461538461538463,0.7307692307692307,0.03205128205128205
A Emch,9,13,0,1,4,8.666666666666666,0.4444444444444444,0.0
A Esterhuysen,255,259,7,31,124,6.094117647058823,0.48627450980392156,0.027450980392156862
A Fillie,237,181,16,13,148,4.582278481012659,0.6244725738396625,0.06751054852320675
A Flintoff,4049,2951,140,304,2428,4.372931588046431,0.5996542356137318,0.034576438626821436
A Fujikawa,387,334,20,27,184,5.178294573643411,0.4754521963824289,0.05167958656330749
A Galan,290,212,19,10,139,4.386206896551724,0.4793103448275862,0.06551724137931035
A Gardner,5374,4440,222,453,2674,4.957201339784146,0.49758094529214736,0.041310011164867884
A Gbla,712,716,45,60,320,6.033707865168539,0.449438202247191,0.06320224719101124
A Gianani,17,9,0,0,13,3.176470588235294,0.7647058823529411,0.0
A Gisdaki,6,14,0,3,1,14.0,0.16666666666666666,0.0
A Glen,591,531,15,52,306,5.3908629441624365,0.5177664974619289,0.025380710659898477
A Goenka,97,99,2,9,40,6.123711340206185,0.41237113402061853,0.020618556701030927
A Gordon,253,192,9,21,157,4.553359683794467,0.6205533596837944,0.03557312252964427
A Griffiths,1404,1346,38,153,714,5.752136752136752,0.5085470085470085,0.027065527065527065
A Gulati,42,83,2,10,4,11.857142857142858,0.09523809523809523,0.047619047619047616
A Gunasekar,47,57,1,5,17,7.276595744680852,0.3617021276595745,0.02127659574468085
A Gupta,71,99,3,10,27,8.366197183098592,0.38028169014084506,0.04225352112676056
A Gurung,760,485,41,41,458,3.8289473684210527,0.6026315789473684,0.05394736842105263
A Harinath,18,16,0,1,8,5.333333333333333,0.4444444444444444,0.0
A Harrison,19,24,0,2,7,7.578947368421053,0.3684210526315789,0.0
A Hartley,2169,1509,63,164,1270,4.174273858921162,0.5855232826187183,0.029045643153526972
A Hepburn,114,80,7,9,65,4.2105263157894735,0.5701754385964912,0.06140350877192982
A Hewage,6,0,1,0,5,0.0,0.8333333333333334,0.16666666666666666
A Hlubi,643,709,19,104,334,6.615863141524105,0.5194401244167963,0.029548989113530325
A Hogg,12,13,0,1,5,6.5,0.4166666666666667,0.0
A Husain,286,301,16,24,109,6.314685314685315,0.3811188811188811,0.055944055944055944
A Hutchinson,76,40,3,3,49,3.1578947368421053,0.6447368421052632,0.039473684210526314
A Ikuzwe,964,727,64,65,519,4.524896265560166,0.5383817427385892,0.06639004149377593
A Ilahi,112,91,5,3,55,4.875,0.49107142857142855,0.044642857142857144
A Iopu,20,22,2,2,6,6.6,0.3,0.1
A Iqbal,45,35,0,4,27,4.666666666666667,0.6,0.0
A Javid,980,906,22,76,390,5.5469387755102035,0.3979591836734694,0.022448979591836733
A Johnson,54,50,1,6,24,5.555555555555555,0.4444444444444444,0.018518518518518517
A Joshi,43,65,0,6,18,9.069767441860465,0.4186046511627907,0.0
A Kalasi,227,182,12,11,95,4.81057268722467,0.4185022026431718,0.05286343612334802
A Kanada,22,28,3,3,11,7.636363636363637,0.5,0.13636363636363635
A Kanukuntla,204,184,6,17,109,5.411764705882353,0.5343137254901961,0.029411764705882353
A Kanwal,14,16,1,0,4,6.857142857142857,0.2857142857142857,0.07142857142857142
A Kapil,25,31,1,2,9,7.4399999999999995,0.36,0.04
A Karmacharya,308,226,22,21,162,4.402597402597403,0.525974025974026,0.07142857142857142
A Karn,97,95,5,10,44,5.876288659793814,0.4536082474226804,0.05154639175257732
A Karvelas,984,967,38,142,525,5.896341463414634,0.5335365853658537,0.03861788617886179
A Kato-Stafford,88,58,5,5,52,3.9545454545454546,0.5909090909090909,0.056818181818181816
A Kaul,67,63,4,5,25,5.64179104477612,0.373134328358209,0.05970149253731343
A Kayuni,12,12,0,0,8,6.0,0.6666666666666666,0.0
A Kennedy,18,25,0,4,6,8.333333333333334,0.3333333333333333,0.0
A Khaka,6567,5307,221,597,3710,4.848789401553221,0.564945941830364,0.033653114055124105
A Khan,584,411,21,39,363,4.222602739726027,0.6215753424657534,0.03595890410958904
A Kheterpal,358,424,12,44,142,7.106145251396648,0.39664804469273746,0.0335195530726257
A Khullar,102,93,2,3,63,5.470588235294118,0.6176470588235294,0.0196078431372549
A Kind-David,53,51,0,5,29,5.773584905660377,0.5471698113207547,0.0
A King,2911,2276,134,219,1458,4.691171418756441,0.5008588114050154,0.046032291308828584
A Kirschbaum,618,571,33,55,301,5.543689320388349,0.48705501618122976,0.05339805825242718
A Kohli,700,630,39,56,344,5.3999999999999995,0.49142857142857144,0.055714285714285716
A Konhu,41,40,1,2,19,5.853658536585366,0.4634146341463415,0.024390243902439025
A Kontopirakis,49,43,1,2,27,5.26530612244898,0.5510204081632653,0.02040816326530612
A Koul,6,15,0,3,0,15.0,0.0,0.0
A Krishna,1150,1014,55,119,616,5.2904347826086955,0.5356521739130434,0.04782608695652174
A Kshirsagar,85,96,3,8,38,6.776470588235294,0.4470588235294118,0.03529411764705882
A Kumble,1524,1192,32,103,834,4.692913385826771,0.547244094488189,0.02099737532808399
A Kuthalingham,31,24,1,2,14,4.64516129032258,0.45161290322580644,0.03225806451612903
A Lazic,12,29,0,3,0,14.5,0.0,0.0
A Le Ray,28,20,1,0,13,4.285714285714286,0.4642857142857143,0.03571428571428571
A Leckey,25,37,0,7,15,8.879999999999999,0.6,0.0
A Lee,866,695,24,64,438,4.815242494226328,0.5057736720554272,0.02771362586605081
A Levaci,105,102,8,9,58,5.828571428571428,0.5523809523809524,0.0761904761904762
A Limdawala,314,379,13,46,138,7.242038216560509,0.4394904458598726,0.041401273885350316
A Lupascu,75,71,5,3,34,5.68,0.4533333333333333,0.06666666666666667
A Lyth,373,362,7,27,146,5.823056300268097,0.3914209115281501,0.01876675603217158
A Madushanka,146,175,5,23,82,7.191780821917809,0.5616438356164384,0.03424657534246575
A Magdalenic,38,83,0,9,15,13.105263157894738,0.39473684210526316,0.0
A Maheshwari,119,193,5,25,39,9.73109243697479,0.3277310924369748,0.04201680672268908
A Makesh,67,70,6,5,22,6.268656716417911,0.3283582089552239,0.08955223880597014
A Makri,573,499,29,40,333,5.225130890052356,0.581151832460733,0.0506108202443281
A Manousis,44,51,2,4,14,6.954545454545455,0.3181818181818182,0.045454545454545456
A Mansale,1105,919,31,98,611,4.990045248868778,0.5529411764705883,0.028054298642533938
A Mare,347,300,15,29,197,5.187319884726224,0.5677233429394812,0.043227665706051875
A Martel,343,398,16,38,113,6.962099125364432,0.3294460641399417,0.04664723032069971
A Martin,465,320,14,24,243,4.129032258064516,0.5225806451612903,0.030107526881720432
A Mazvishaya,1181,995,46,108,603,5.0550381033022855,0.5105842506350551,0.03895004233700254
A McGrath,216,163,3,12,121,4.527777777777778,0.5601851851851852,0.013888888888888888
A Mehmood,126,163,3,18,53,7.761904761904762,0.42063492063492064,0.023809523809523808
A Mene-Ejegi,367,356,16,40,215,5.820163487738419,0.5858310626702997,0.043596730245231606
A Merritt,410,426,20,45,184,6.234146341463415,0.44878048780487806,0.04878048780487805
A Mesarovic,170,129,7,7,104,4.552941176470588,0.611764705882353,0.041176470588235294
A Meyenborg,237,212,11,17,137,5.367088607594937,0.5780590717299579,0.046413502109704644
A Mishra,2039,1689,82,149,1035,4.970083374203041,0.5076017655713585,0.04021579205492889
A Mithun,188,210,3,30,103,6.702127659574469,0.5478723404255319,0.015957446808510637
A Mohamed,228,188,8,15,114,4.947368421052632,0.5,0.03508771929824561
A Mohammed,3285,2728,117,241,1520,4.982648401826484,0.4627092846270928,0.03561643835616438
A Mokgotlhe,788,638,30,56,475,4.8578680203045685,0.6027918781725888,0.03807106598984772
A Mongar,88,84,7,7,34,5.7272727272727275,0.38636363636363635,0.07954545454545454
A Morris,1043,935,41,102,543,5.378715244487056,0.5206136145733461,0.039309683604985615
A Mpeka,135,76,2,5,92,3.3777777777777778,0.6814814814814815,0.014814814814814815
A Munisar,500,418,12,41,247,5.016,0.494,0.024
A Muoki,8,4,0,0,7,3.0,0.875,0.0
A Mutreja,89,65,1,7,52,4.382022471910112,0.5842696629213483,0.011235955056179775
A Nagarajan,95,136,3,16,25,8.589473684210526,0.2631578947368421,0.031578947368421054
A Nakayama,82,44,3,4,57,3.2195121951219514,0.6951219512195121,0.036585365853658534
A Nanda,530,656,25,81,238,7.426415094339623,0.4490566037735849,0.04716981132075472
A Nao,1775,1486,66,167,1008,5.023098591549296,0.5678873239436619,0.03718309859154929
A Nathwani,304,367,15,42,121,7.24342105263158,0.3980263157894737,0.049342105263157895
A Natubhai Ahir,348,305,17,23,169,5.258620689655173,0.48563218390804597,0.04885057471264368
A Ndiraya,70,42,7,0,30,3.6,0.42857142857142855,0.1
A Ndlovu,230,259,3,36,109,6.756521739130434,0.47391304347826085,0.013043478260869565
A Nehra,4330,4123,150,502,2261,5.713163972286375,0.5221709006928407,0.03464203233256351
A Neill,550,470,23,52,310,5.127272727272727,0.5636363636363636,0.04181818181818182
A Nel,2989,2297,96,269,1818,4.6109066577450655,0.6082301773168284,0.03211776513884242
A Nortje,2014,2241,100,276,920,6.676266137040715,0.4568023833167825,0.04965243296921549
A Obulor,109,111,6,10,48,6.110091743119265,0.44036697247706424,0.05504587155963303
A Orfila,108,144,3,13,36,8.0,0.3333333333333333,0.027777777777777776
A Ostergaard,128,118,3,8,79,5.53125,0.6171875,0.0234375
A Parima,66,85,5,9,26,7.7272727272727275,0.3939393939393939,0.07575757575757576
A Patel,386,294,12,33,230,4.569948186528498,0.5958549222797928,0.031088082901554404
A Paul,228,318,15,34,70,8.368421052631579,0.30701754385964913,0.06578947368421052
A Perera,129,98,12,10,67,4.558139534883721,0.5193798449612403,0.09302325581395349
A Peters,65,48,1,3,39,4.43076923076923,0.6,0.015384615384615385
A Phillip,201,210,4,24,99,6.268656716417911,0.4925373134328358,0.01990049751243781
A Prashar,215,207,13,25,111,5.776744186046511,0.5162790697674419,0.06046511627906977
A Premaratne,481,286,11,20,295,3.5675675675675675,0.6133056133056133,0.02286902286902287
A Prince,61,44,2,2,33,4.327868852459017,0.5409836065573771,0.03278688524590164
A Pusthay,172,191,11,13,61,6.662790697674418,0.3546511627906977,0.06395348837209303
A Rajp,74,73,3,5,29,5.918918918918918,0.3918918918918919,0.04054054054054054
A Ramesh,7,16,0,3,3,13.714285714285714,0.42857142857142855,0.0
A Rameshan,150,157,11,20,72,6.28,0.48,0.07333333333333333
A Rangaswamy,535,379,27,37,353,4.250467289719626,0.6598130841121496,0.05046728971962617
A Razmilic,86,167,3,19,23,11.651162790697674,0.26744186046511625,0.03488372093023256
A Reddy,1458,1621,65,193,571,6.670781893004115,0.39163237311385457,0.04458161865569273
A Rehman,57,35,3,5,43,3.6842105263157894,0.7543859649122807,0.05263157894736842
A Reyes,291,373,20,43,115,7.690721649484536,0.3951890034364261,0.06872852233676977
A Sakande,314,339,6,44,150,6.477707006369426,0.47770700636942676,0.01910828025477707
A Salomao,629,510,30,37,365,4.864864864864865,0.5802861685214626,0.04769475357710652
A Sanford,38,34,1,2,23,5.368421052631579,0.6052631578947368,0.02631578947368421
A Saraan,36,27,1,2,18,4.5,0.5,0.027777777777777776
A Sathyan,16,16,1,2,9,6.0,0.5625,0.0625
A Savvani,445,411,17,34,217,5.541573033707865,0.48764044943820223,0.038202247191011236
A Sawyer,14,22,0,2,4,9.428571428571429,0.2857142857142857,0.0
A Shahi,331,393,20,40,138,7.123867069486405,0.4169184290030212,0.06042296072507553
A Shahzad,1464,1424,39,164,744,5.836065573770492,0.5081967213114754,0.02663934426229508
A Shamshudeen,18,24,0,2,4,8.0,0.2222222222222222,0.0
A Sharafu,13,15,0,2,8,6.923076923076923,0.6153846153846154,0.0
A Sharma,358,282,9,34,215,4.726256983240224,0.6005586592178771,0.025139664804469275
A Sheikh,223,224,3,24,126,6.026905829596413,0.5650224215246636,0.013452914798206279
A Shrubsole,4871,3760,190,451,2928,4.631492506672141,0.6011086019297885,0.039006364196263604
A Shukla,1510,1721,67,218,750,6.83841059602649,0.4966887417218543,0.04437086092715232
A Sibanda,11,6,0,0,11,3.272727272727273,1.0,0.0
A Sidhu,272,283,8,32,134,6.242647058823529,0.49264705882352944,0.029411764705882353
A Simelane,170,273,8,31,39,9.635294117647058,0.22941176470588234,0.047058823529411764
A Siriwardhana,242,187,10,17,130,4.636363636363636,0.5371900826446281,0.04132231404958678
A Sokovagone,25,40,0,4,6,9.6,0.24,0.0
A Stocks,297,230,20,9,130,4.646464646464646,0.4377104377104377,0.06734006734006734
A Stoilova,13,28,0,4,5,12.923076923076923,0.38461538461538464,0.0
A Stonehouse,1363,1065,46,141,828,4.688187820983126,0.607483492296405,0.03374908290535583
A Suda,7,7,0,1,4,6.0,0.5714285714285714,0.0
A Surenkumar,405,409,14,39,188,6.059259259259259,0.4641975308641975,0.0345679012345679
A Sutherland,2641,2281,118,254,1388,5.182127981825066,0.5255585005679667,0.044680045437334344
A Suwanchonrathi,98,77,5,7,52,4.714285714285714,0.5306122448979592,0.05102040816326531
A Symonds,3666,3226,93,259,1697,5.279869067103109,0.46290234588106927,0.02536824877250409
A Tagilala,21,21,0,1,8,6.0,0.38095238095238093,0.0
A Taylor,163,129,5,6,98,4.748466257668712,0.6012269938650306,0.03067484662576687
A Tector,157,170,2,28,89,6.496815286624203,0.5668789808917197,0.012738853503184714
A Thorpe,270,238,15,21,148,5.288888888888889,0.5481481481481482,0.05555555555555555
A Thyagarajan,6,7,0,1,2,7.0,0.3333333333333333,0.0
A Tissera,33,57,4,6,13,10.363636363636363,0.3939393939393939,0.12121212121212122
A Tripathi,13,26,2,4,4,12.0,0.3076923076923077,0.15384615384615385
A Trivedi,6,15,0,2,2,15.0,0.3333333333333333,0.0
A Turay,88,93,12,7,28,6.340909090909091,0.3181818181818182,0.13636363636363635
A Turkmen,350,388,17,42,159,6.651428571428571,0.4542857142857143,0.04857142857142857
A Ueda,8,8,1,1,4,6.0,0.5,0.125
A Umetani,16,23,0,3,8,8.625,0.5,0.0
A Vaidya,282,204,16,11,186,4.340425531914893,0.6595744680851063,0.05673758865248227
A Vailoa,110,101,9,14,65,5.50909090909091,0.5909090909090909,0.08181818181818182
A Vala,3153,2442,108,200,1580,4.647002854424358,0.5011100539169046,0.03425309229305423
A Venkatesh,260,281,22,28,95,6.484615384615385,0.36538461538461536,0.08461538461538462
A Vessik,323,209,17,8,227,3.8823529411764706,0.7027863777089783,0.05263157894736842
A Virdi,302,294,7,33,140,5.841059602649007,0.46357615894039733,0.023178807947019868
A Wanjira,349,298,15,35,205,5.123209169054442,0.5873925501432665,0.04297994269340974
A Wanninayake,115,102,4,8,50,5.321739130434782,0.43478260869565216,0.034782608695652174
A Wellington,1945,1474,63,137,1065,4.547043701799486,0.5475578406169666,0.032390745501285345
A Wijewardhana,147,146,5,17,66,5.959183673469388,0.4489795918367347,0.034013605442176874
A Williams,119,78,6,6,80,3.9327731092436977,0.6722689075630253,0.05042016806722689
A Wright,546,470,28,37,240,5.164835164835165,0.43956043956043955,0.05128205128205128
A Yon,186,204,16,15,72,6.580645161290323,0.3870967741935484,0.08602150537634409
A Zampa,8631,8714,347,828,3388,6.0576989920055615,0.39253852392538524,0.04020391611632487
A Zimunu,615,537,17,61,366,5.239024390243903,0.5951219512195122,0.027642276422764227
A van Schoor,84,58,2,3,48,4.142857142857143,0.5714285714285714,0.023809523809523808
A van den Berg,44,45,3,6,21,6.136363636363637,0.4772727272727273,0.06818181818181818
A van der Merwe,133,85,2,7,78,3.834586466165413,0.5864661654135338,0.015037593984962405
AA Alleyne,2363,2334,81,278,1210,5.926364790520525,0.5120609394837071,0.03427845958527296
AA Banner,12,17,0,1,1,8.5,0.08333333333333333,0.0
AA Donald,155,134,1,18,95,5.187096774193549,0.6129032258064516,0.0064516129032258064
AA Gajic,303,388,21,45,117,7.683168316831683,0.38613861386138615,0.06930693069306931
AA Hussein,40,55,2,7,15,8.25,0.375,0.05
AA Jimoh,76,73,5,8,33,5.7631578947368425,0.4342105263157895,0.06578947368421052
AA Moiane,8,10,0,1,6,7.5,0.75,0.0
AA Navicha,124,147,10,16,49,7.112903225806451,0.3951612903225806,0.08064516129032258
AA Noffke,100,88,7,9,47,5.279999999999999,0.47,0.07
AA Onikoyi,34,34,0,3,15,6.0,0.4411764705882353,0.0
AA Paradkar,279,317,13,44,126,6.817204301075269,0.45161290322580644,0.04659498207885305
AA Patil,789,762,41,73,311,5.79467680608365,0.394169835234474,0.051964512040557666
AA Premji,57,46,3,4,27,4.842105263157895,0.47368421052631576,0.05263157894736842
AA Rahayu,433,388,29,40,216,5.3764434180138565,0.49884526558891457,0.06697459584295612
AAA Amsterdam,93,74,2,5,45,4.774193548387097,0.4838709677419355,0.021505376344086023
AAH Bhikari,31,53,3,8,8,10.258064516129032,0.25806451612903225,0.0967741935483871
AAM Eliane,63,78,1,8,25,7.428571428571429,0.3968253968253968,0.015873015873015872
AAP Atkinson,710,839,25,118,347,7.090140845070422,0.4887323943661972,0.035211267605633804
AAP Rivero,490,428,33,26,216,5.240816326530612,0.44081632653061226,0.0673469387755102
AAS Silva,537,325,19,27,330,3.631284916201117,0.6145251396648045,0.035381750465549346
AAhan Achar,449,403,14,41,207,5.385300668151448,0.4610244988864143,0.031180400890868598
AB Agarkar,3474,2873,109,349,2057,4.962003454231433,0.5921128382268278,0.03137593552101324
AB Chawla,198,120,5,10,122,3.6363636363636362,0.6161616161616161,0.025252525252525252
AB Dinda,799,867,31,112,376,6.510638297872341,0.47058823529411764,0.03879849812265332
AB Kamara,277,288,17,36,134,6.238267148014441,0.48375451263537905,0.061371841155234655
AB Kaur,957,1009,29,129,467,6.326018808777429,0.48798328108672934,0.030303030303030304
AB Martinez,60,46,0,3,47,4.6,0.7833333333333333,0.0
AB Mengoumou,33,70,1,10,9,12.727272727272727,0.2727272727272727,0.030303030303030304
AB Slebsager,219,239,10,22,125,6.5479452054794525,0.5707762557077626,0.045662100456621
AB de Villiers,201,205,7,22,90,6.119402985074627,0.44776119402985076,0.03482587064676617
ABY Smith,286,255,11,13,119,5.34965034965035,0.4160839160839161,0.038461538461538464
AC Agar,3013,2842,99,238,1227,5.659475605708596,0.4072353136408895,0.032857616993030206
AC Botha,696,514,25,41,367,4.431034482758621,0.5272988505747126,0.035919540229885055
AC Brodin,41,31,2,1,28,4.536585365853659,0.6829268292682927,0.04878048780487805
AC Cummins,203,181,4,16,118,5.34975369458128,0.5812807881773399,0.019704433497536946
AC Dawson,245,211,2,16,113,5.16734693877551,0.46122448979591835,0.00816326530612245
AC Douglas,252,275,18,26,94,6.5476190476190474,0.373015873015873,0.07142857142857142
AC Evans,2365,2323,93,288,1256,5.893446088794926,0.5310782241014799,0.03932346723044398
AC Frame,22,26,0,3,12,7.090909090909091,0.5454545454545454,0.0
AC Jayangani,3505,3338,127,334,1485,5.714122681883024,0.42368045649072755,0.0362339514978602
AC Kerr,6500,5541,237,500,2986,5.114769230769231,0.4593846153846154,0.03646153846153846
AC Lenham,1233,1189,30,116,530,5.785888077858881,0.42984590429845904,0.024330900243309004
AC Mushangwe,363,207,25,15,206,3.4214876033057853,0.5674931129476584,0.06887052341597796
AC Septien,73,40,4,4,55,3.2876712328767126,0.7534246575342466,0.0547945205479452
AC Thomas,688,723,15,84,335,6.305232558139535,0.48691860465116277,0.02180232558139535
AC Voges,279,269,8,19,106,5.78494623655914,0.37992831541218636,0.02867383512544803
ACF Stokes,403,374,29,37,181,5.568238213399503,0.4491315136476427,0.07196029776674938
ACI Lovell,12,25,0,5,4,12.5,0.3333333333333333,0.0
AD Diwan Ali,27,29,0,2,14,6.444444444444445,0.5185185185185185,0.0
AD Janakanthymala,67,47,2,4,36,4.208955223880597,0.5373134328358209,0.029850746268656716
AD Kamania,2,2,1,0,0,6.0,0.0,0.5
AD Mascarenhas,1083,977,27,100,538,5.412742382271468,0.4967682363804247,0.024930747922437674
AD Mathews,6379,5441,183,582,3329,5.117730051732246,0.5218686314469353,0.028687882113183884
AD Presland,212,149,5,10,129,4.216981132075471,0.6084905660377359,0.02358490566037736
AD Russell,3596,4130,134,510,1612,6.890989988876529,0.4482758620689655,0.03726362625139043
AD Thomason,406,467,15,53,175,6.901477832512315,0.43103448275862066,0.03694581280788178
AD de Lange,48,39,0,4,29,4.875,0.6041666666666666,0.0
ADJ Pitcher,38,38,0,4,17,6.0,0.4473684210526316,0.0
ADL Stokoe,74,67,3,9,40,5.4324324324324325,0.5405405405405406,0.04054054054054054
ADS Fletcher,28,26,0,2,11,5.571428571428571,0.39285714285714285,0.0
AE Dyson,213,198,4,27,133,5.577464788732394,0.6244131455399061,0.018779342723004695
AE Isesele,42,63,5,11,14,9.0,0.3333333333333333,0.11904761904761904
AE Moe,7,7,0,0,3,6.0,0.42857142857142855,0.0
AE Paraam,678,610,24,70,345,5.398230088495575,0.5088495575221239,0.035398230088495575
AE Satterthwaite,1331,1154,42,110,613,5.202103681442524,0.46055597295266715,0.03155522163786627
AE Smith,115,51,4,5,91,2.660869565217391,0.7913043478260869,0.034782608695652174
AEMP Durayalage,31,28,1,1,19,5.419354838709677,0.6129032258064516,0.03225806451612903
AEN Riley,144,135,3,9,56,5.625,0.3888888888888889,0.020833333333333332
AF Aoina,246,211,16,19,133,5.146341463414634,0.540650406504065,0.06504065040650407
AF Giles,1720,1218,41,72,896,4.248837209302326,0.5209302325581395,0.023837209302325583
AF Gleadall,88,103,3,12,36,7.022727272727273,0.4090909090909091,0.03409090909090909
AF Ifill,525,540,32,54,236,6.171428571428572,0.44952380952380955,0.06095238095238095
AF Mapu,138,115,2,11,91,5.0,0.6594202898550725,0.014492753623188406
AF Milne,3446,3643,126,473,1721,6.343006384213581,0.4994196169471851,0.03656413232733604
AG Bailey,152,207,3,30,60,8.171052631578947,0.39473684210526316,0.019736842105263157
AG Cremer,3905,3398,111,292,1803,5.220998719590269,0.4617157490396927,0.028425096030729832
AG Dugmore,8,12,0,1,1,9.0,0.125,0.0
AG Gordon,111,88,2,13,74,4.756756756756757,0.6666666666666666,0.018018018018018018
AG Prince,12,3,0,0,9,1.5,0.75,0.0
AG Rao,228,204,8,22,115,5.368421052631579,0.5043859649122807,0.03508771929824561
AG Salter,1427,1246,23,117,652,5.238962859145059,0.45690259285213736,0.0161177295024527
AG Wakely,6,24,0,4,0,24.0,0.0,0.0
AG Weligamage,212,333,7,49,96,9.424528301886792,0.4528301886792453,0.0330188679245283
AG Wharf,562,403,18,48,351,4.302491103202847,0.6245551601423488,0.03202846975088968
AGC Vimukthi,62,65,0,9,33,6.290322580645161,0.532258064516129,0.0
AGR Loudon,37,38,0,4,15,6.162162162162162,0.40540540540540543,0.0
AH Maqsood,2981,2569,135,236,1382,5.170748071117075,0.46360281784636026,0.04528681650452868
AH Miller,232,232,3,30,122,6.0,0.5258620689655172,0.01293103448275862
AH Thomson,35,47,0,6,13,8.057142857142857,0.37142857142857144,0.0
AI Chudasama,1127,856,42,86,622,4.557231588287489,0.551907719609583,0.037267080745341616
AISD Kainoco,30,38,1,4,15,7.6,0.5,0.03333333333333333
AIV Benatar,218,156,16,8,147,4.293577981651376,0.6743119266055045,0.07339449541284404
AJ Ball,60,57,0,7,26,5.7,0.43333333333333335,0.0
AJ Bichel,1297,943,33,84,781,4.362374710871242,0.6021588280647648,0.025443330763299923
AJ Blake,163,184,2,21,58,6.773006134969325,0.3558282208588957,0.012269938650306749
AJ Burger,98,104,3,10,37,6.367346938775511,0.37755102040816324,0.030612244897959183
AJ Finch,306,302,5,31,123,5.921568627450981,0.4019607843137255,0.016339869281045753
AJ Hall,2845,2218,93,221,1564,4.6776801405975394,0.5497363796133568,0.032688927943760986
AJ Healy,12,12,0,2,6,6.0,0.5,0.0
AJ Hosein,4247,4225,163,454,1894,5.968919237108547,0.4459618554273605,0.03838003296444549
AJ Ireland,960,861,24,113,553,5.38125,0.5760416666666667,0.025
AJ Kenealy,515,450,12,60,301,5.242718446601942,0.5844660194174758,0.02330097087378641
AJ Macleod,285,255,7,26,133,5.368421052631579,0.4666666666666667,0.02456140350877193
AJ Malan,66,54,3,4,39,4.909090909090909,0.5909090909090909,0.045454545454545456
AJ McKay,1008,851,30,106,591,5.065476190476191,0.5863095238095238,0.02976190476190476
AJ Michael,102,146,5,19,34,8.588235294117647,0.3333333333333333,0.049019607843137254
AJ Mosca,30,49,1,4,4,9.8,0.13333333333333333,0.03333333333333333
AJ Neal,579,440,15,33,274,4.5595854922279795,0.47322970639032813,0.025906735751295335
AJ Parmar,443,461,37,40,159,6.243792325056434,0.35891647855530473,0.0835214446952596
AJ Redmond,18,24,2,2,3,8.0,0.16666666666666666,0.1111111111111111
AJ Strauss,6,3,0,0,4,3.0,0.6666666666666666,0.0
AJ Turner,309,290,10,25,138,5.631067961165049,0.44660194174757284,0.032362459546925564
AJ Tye,2276,2417,119,279,1023,6.3717047451669595,0.44947275922671354,0.05228471001757469
AJA Samuels,108,139,3,19,53,7.722222222222222,0.49074074074074076,0.027777777777777776
AK Bangura,159,182,9,22,74,6.867924528301887,0.46540880503144655,0.05660377358490566
AK Gokoel,397,385,20,35,198,5.818639798488665,0.4987405541561713,0.05037783375314862
AK Gonerara,169,167,8,16,91,5.928994082840236,0.5384615384615384,0.047337278106508875
AK Kitchen,37,46,2,7,16,7.459459459459459,0.43243243243243246,0.05405405405405406
AK Maguire,915,952,39,100,371,6.242622950819672,0.4054644808743169,0.04262295081967213
AK Markram,1739,1836,42,193,735,6.3346751006325475,0.4226566992524439,0.024151811385853938
AK Muslar,38,61,1,8,12,9.631578947368421,0.3157894736842105,0.02631578947368421
AK Perera,42,50,0,7,17,7.142857142857143,0.40476190476190477,0.0
AK Peters,126,122,2,12,66,5.809523809523809,0.5238095238095238,0.015873015873015872
AK Russell,459,494,7,53,161,6.457516339869281,0.35076252723311546,0.015250544662309368
AK Shukla,19,18,0,2,10,5.684210526315789,0.5263157894736842,0.0
AL Casime,54,51,2,7,39,5.666666666666667,0.7222222222222222,0.037037037037037035
AL Hughes,1559,1433,32,132,680,5.515073765234125,0.43617703656189866,0.02052597819114817
AL Kandappah,1,4,0,1,0,24.0,0.0,0.0
AL Kerai,6,10,0,2,3,10.0,0.5,0.0
AL Kerrison,30,40,0,4,12,8.0,0.4,0.0
AL MacDonald,159,105,4,10,92,3.9622641509433962,0.5786163522012578,0.025157232704402517
AL Mangue,42,73,1,9,13,10.428571428571429,0.30952380952380953,0.023809523809523808
AL Mundundo,306,212,17,9,186,4.1568627450980395,0.6078431372549019,0.05555555555555555
AL Phehlukwayo,3982,4137,150,456,1754,6.233550979407333,0.4404821697639377,0.03766951280763436
AL Seddon,181,202,5,24,81,6.696132596685082,0.44751381215469616,0.027624309392265192
AL Stephen,1105,897,48,106,663,4.870588235294118,0.6,0.04343891402714932
AL Tiwari,15,21,0,2,6,8.4,0.4,0.0
AL Watkins,63,65,3,5,21,6.190476190476191,0.3333333333333333,0.047619047619047616
AM Ali,120,129,2,11,43,6.45,0.35833333333333334,0.016666666666666666
AM Bacher,108,66,3,3,56,3.6666666666666665,0.5185185185185185,0.027777777777777776
AM Blignaut,1436,1201,30,125,862,5.018105849582173,0.6002785515320335,0.020891364902506964
AM Ellis,556,539,16,63,272,5.816546762589928,0.4892086330935252,0.02877697841726619
AM Fernando,1294,1301,40,166,685,6.032457496136012,0.5293663060278208,0.030911901081916538
AM Foreman,369,339,8,40,194,5.512195121951219,0.5257452574525745,0.02168021680216802
AM French,181,202,6,26,102,6.696132596685082,0.56353591160221,0.03314917127071823
AM Green,469,492,22,62,222,6.294243070362473,0.47334754797441364,0.046908315565031986
AM Guruge,649,675,37,82,316,6.240369799691833,0.4869029275808937,0.05701078582434515
AM Hardie,1173,1205,43,154,594,6.163682864450128,0.5063938618925832,0.03665814151747655
AM Healey,279,183,14,8,161,3.935483870967742,0.5770609318996416,0.05017921146953405
AM Hicks,25,26,2,2,10,6.239999999999999,0.4,0.08
AM Kamara,694,553,26,56,392,4.780979827089337,0.5648414985590778,0.037463976945244955
AM Kimote,1554,1667,101,184,705,6.436293436293436,0.45366795366795365,0.064993564993565
AM Kupito,14,21,0,3,7,9.0,0.5,0.0
AM Lilley,612,635,11,59,242,6.2254901960784315,0.3954248366013072,0.017973856209150325
AM McCarthy,24,22,0,2,9,5.5,0.375,0.0
AM Nayar,20,17,0,1,10,5.1,0.5,0.0
AM Northcote,48,37,0,2,23,4.625,0.4791666666666667,0.0
AM Oyede,111,99,1,7,51,5.351351351351352,0.4594594594594595,0.009009009009009009
AM Patel,129,108,6,9,76,5.023255813953488,0.5891472868217055,0.046511627906976744
AM Peterson,902,712,42,71,441,4.7361419068736135,0.48891352549889133,0.04656319290465632
AM Phangiso,1451,1294,51,127,707,5.350792556857339,0.487250172294969,0.03514817367332874
AM Rajpurohit,66,107,3,16,20,9.727272727272727,0.30303030303030304,0.045454545454545456
AM Samad,69,93,2,12,32,8.08695652173913,0.463768115942029,0.028985507246376812
AM Tribe,350,327,9,38,175,5.605714285714286,0.5,0.025714285714285714
AM Varma,71,76,0,10,30,6.422535211267605,0.4225352112676056,0.0
AM Vaughan,204,160,5,13,94,4.705882352941177,0.46078431372549017,0.024509803921568627
AM Zepeda,373,308,8,17,216,4.954423592493297,0.579088471849866,0.021447721179624665
AMCD Abeysinghe,376,237,12,21,244,3.7819148936170213,0.648936170212766,0.031914893617021274
AMN Andersen,14,18,0,2,7,7.7142857142857135,0.5,0.0
AN Davidson-Richards,1601,1474,57,150,793,5.524047470331044,0.49531542785758903,0.03560274828232355
AN Hyobeom,99,124,4,14,40,7.515151515151516,0.40404040404040403,0.04040404040404041
AN Kelly,2940,2616,152,283,1419,5.338775510204082,0.4826530612244898,0.05170068027210884
AN Kervezee,31,36,0,5,12,6.967741935483871,0.3870967741935484,0.0
AN Lascu,131,196,8,27,46,8.977099236641221,0.3511450381679389,0.061068702290076333
AN Petersen,9,7,0,0,6,4.666666666666667,0.6666666666666666,0.0
AN Toube,118,145,5,17,47,7.372881355932203,0.3983050847457627,0.0423728813559322
AO Morgan,25,32,0,4,6,7.68,0.24,0.0
AO Suji,281,303,6,32,131,6.469750889679715,0.46619217081850534,0.021352313167259787
AP Adegbola,135,102,2,7,79,4.533333333333333,0.5851851851851851,0.014814814814814815
AP Agathangelou,55,56,0,7,25,6.109090909090909,0.45454545454545453,0.0
AP Devcich,407,380,7,32,173,5.601965601965603,0.4250614250614251,0.0171990171990172
AP Gillespie,13,14,2,1,4,6.461538461538462,0.3076923076923077,0.15384615384615385
AP O'Connor,194,192,2,22,96,5.9381443298969065,0.4948453608247423,0.010309278350515464
AP Palladino,629,577,17,55,283,5.503974562798092,0.44992050874403816,0.02702702702702703
APC Kilowan,230,86,11,6,181,2.243478260869565,0.7869565217391304,0.04782608695652174
AQM Yako,20,11,0,0,12,3.3,0.6,0.0
AR Adams,912,838,32,117,525,5.5131578947368425,0.5756578947368421,0.03508771929824561
AR Balla,8,16,0,3,3,12.0,0.375,0.0
AR Bisht,40,39,0,2,19,5.85,0.475,0.0
AR Caddick,604,389,18,48,419,3.8642384105960264,0.6937086092715232,0.029801324503311258
AR Cusack,1770,1684,79,170,837,5.708474576271186,0.4728813559322034,0.04463276836158192
AR Leo,160,196,10,19,60,7.35,0.375,0.0625
AR McBrine,5444,4387,132,401,2779,4.835047759000735,0.5104702424687729,0.024246877296105803
AR Menon,6,12,0,2,1,12.0,0.16666666666666666,0.0
AR Naidoo,18,52,0,8,1,17.333333333333332,0.05555555555555555,0.0
AR Nurse,2466,2358,54,212,1025,5.737226277372263,0.41565287915652877,0.021897810218978103
AR Patel,4932,4535,176,483,2354,5.517031630170316,0.4772911597729116,0.035685320356853206
AR Patwa,95,100,2,12,44,6.315789473684211,0.4631578947368421,0.021052631578947368
AR Perez Rivero,19,20,2,2,7,6.315789473684211,0.3684210526315789,0.10526315789473684
AR Puri,1197,1239,43,130,535,6.2105263157894735,0.4469507101086048,0.03592314118629908
AR Ramjani,1541,1189,113,111,767,4.629461388708631,0.49772874756651525,0.07332900713822194
AR Shetty,438,456,11,51,185,6.2465753424657535,0.4223744292237443,0.02511415525114155
AR Sylvester,108,89,2,12,62,4.944444444444445,0.5740740740740741,0.018518518518518517
AR Valdez,128,149,3,13,52,6.984375,0.40625,0.0234375
AR White,353,271,12,12,150,4.606232294617564,0.42492917847025496,0.0339943342776204
ARG Thomas,38,51,1,9,18,8.052631578947368,0.47368421052631576,0.02631578947368421
ARH Patel,7,4,0,0,6,3.4285714285714284,0.8571428571428571,0.0
ARI Umeed,60,37,4,2,27,3.7,0.45,0.06666666666666667
ARJ Ogborne,821,740,25,94,467,5.40803897685749,0.5688185140073082,0.030450669914738125
AS Abioye,209,162,13,12,111,4.650717703349282,0.5311004784688995,0.06220095693779904
AS Basra,42,47,1,7,17,6.714285714285714,0.40476190476190477,0.023809523809523808
AS Dale,539,444,19,57,322,4.942486085343228,0.5974025974025974,0.03525046382189239
AS Dean,78,66,3,6,35,5.076923076923077,0.44871794871794873,0.038461538461538464
AS Hansra,653,602,17,55,287,5.531393568147014,0.43950995405819293,0.026033690658499236
AS Hasaranga,34,37,2,6,19,6.529411764705882,0.5588235294117647,0.058823529411764705
AS Joseph,5017,5165,197,614,2476,6.176998206099263,0.49352202511461035,0.03926649392066972
AS Luseno,68,58,4,8,43,5.117647058823529,0.6323529411764706,0.058823529411764705
AS Mehmi,139,172,6,19,49,7.424460431654676,0.35251798561151076,0.04316546762589928
AS Nadkarni,15,13,0,2,11,5.2,0.7333333333333333,0.0
AS Perera,221,134,9,14,137,3.6380090497737556,0.6199095022624435,0.04072398190045249
AS Qwele,517,367,42,31,313,4.259187620889748,0.6054158607350096,0.08123791102514506
AS Taai,24,9,2,1,19,2.25,0.7916666666666666,0.08333333333333333
AS Tanke,68,58,1,5,41,5.117647058823529,0.6029411764705882,0.014705882352941176
AS Wikman,35,47,1,6,15,8.057142857142857,0.42857142857142855,0.02857142857142857
AS Withanage,64,78,3,8,27,7.3125,0.421875,0.046875
AS van Beuge,397,365,18,40,180,5.516372795969773,0.4534005037783375,0.04534005037783375
ASF Sirah,404,457,25,40,160,6.787128712871287,0.39603960396039606,0.06188118811881188
ASS Fletcher,4902,4265,196,386,2236,5.220318237454101,0.45614035087719296,0.03998368013055895
ASS Nijjar,1357,1161,34,101,611,5.133382461311717,0.45025792188651437,0.025055268975681652
AT Nidamanuru,30,38,3,4,7,7.6,0.23333333333333334,0.1
AT Rayudu,124,128,3,14,53,6.193548387096774,0.4274193548387097,0.024193548387096774
AT Thomson,997,933,28,85,409,5.614844533600802,0.4102306920762287,0.028084252758274825
ATS Silva,336,267,15,28,191,4.767857142857143,0.5684523809523809,0.044642857142857144
AU Rashid,12769,12790,469,1197,5200,6.00986764821051,0.4072362753543739,0.03672957945023103
AUKDS Kalugala,45,51,3,3,20,6.8,0.4444444444444444,0.06666666666666667
AV Lalcheta,1716,1253,59,159,1065,4.381118881118881,0.6206293706293706,0.034382284382284384
AV Lazarus,72,76,3,8,31,6.333333333333333,0.4305555555555556,0.041666666666666664
AW Finch,739,755,17,94,348,6.129905277401894,0.4709066305818674,0.023004059539918808
AW Gorvin,1212,1142,35,119,546,5.653465346534653,0.4504950495049505,0.028877887788778877
AW Hawkins-Kay,1367,1095,45,122,801,4.806144842721287,0.5859546452084857,0.03291880029261156
AW Mathieson,25,40,1,6,6,9.6,0.24,0.04
AW Wambua,14,11,1,2,10,4.714285714285714,0.7142857142857143,0.07142857142857142
AY Karim,141,69,4,7,94,2.9361702127659575,0.6666666666666666,0.028368794326241134
AY Patel,160,119,11,13,84,4.4624999999999995,0.525,0.06875
AZ Monaghan,953,852,27,101,510,5.36411332633788,0.5351521511017838,0.02833158447009444
AZ Shah,31,53,1,8,13,10.258064516129032,0.41935483870967744,0.03225806451612903
Aakash Chand,147,167,9,19,55,6.816326530612245,0.3741496598639456,0.061224489795918366
Aamer Jamal,192,248,6,38,104,7.75,0.5416666666666666,0.03125
Aamer Yamin,199,193,4,24,105,5.819095477386935,0.5276381909547738,0.020100502512562814
Aamir Kaleem,2175,1802,100,180,1103,4.971034482758621,0.5071264367816092,0.04597701149425287
Aamir Lal,199,208,14,19,83,6.2713567839195985,0.41708542713567837,0.07035175879396985
Aarif Sheikh,1105,900,17,86,582,4.886877828054299,0.5266968325791855,0.015384615384615385
Aarnav Patel,44,54,3,5,21,7.363636363636364,0.4772727272727273,0.06818181818181818
Aaron Beard,843,948,22,114,389,6.747330960854092,0.46144721233689207,0.02609727164887307
Aaron Jones,317,335,8,34,139,6.340694006309148,0.4384858044164038,0.025236593059936908
Aarti Priya,149,143,6,5,75,5.758389261744966,0.5033557046979866,0.040268456375838924
Aashita Gupta,3,3,0,0,1,6.0,0.3333333333333333,0.0
Aayan Afzal Khan,2599,1970,85,181,1393,4.547903039630627,0.5359753751442863,0.03270488649480569
Abbas Afridi,438,602,40,74,144,8.246575342465754,0.3287671232876712,0.091324200913242
Abbas Ghani,279,385,23,49,109,8.279569892473118,0.3906810035842294,0.08243727598566308
Abdalah Lubega,6,16,0,2,1,16.0,0.16666666666666666,0.0
Abdul Bashir,78,118,2,17,35,9.076923076923077,0.44871794871794873,0.02564102564102564
Abdul Hakam,90,84,6,9,44,5.6,0.4888888888888889,0.06666666666666667
Abdul Jabar,213,128,7,12,143,3.6056338028169015,0.6713615023474179,0.03286384976525822
Abdul Jalali,25,12,0,2,21,2.88,0.84,0.0
Abdul Majid,128,120,5,12,58,5.625,0.453125,0.0390625
Abdul Majid Abbasi,1936,1720,81,167,964,5.330578512396694,0.49793388429752067,0.04183884297520661
Abdul Manan,48,44,2,3,19,5.5,0.3958333333333333,0.041666666666666664
Abdul Naser Baluch,302,330,19,36,146,6.556291390728476,0.48344370860927155,0.06291390728476821
Abdul Razzaq,4848,4080,132,457,2653,5.0495049504950495,0.5472359735973598,0.027227722772277228
Abdul Sadiq,82,113,4,13,29,8.26829268292683,0.35365853658536583,0.04878048780487805
Abdul Salman Khan,32,37,1,4,14,6.9375,0.4375,0.03125
Abdul Samad,211,160,16,20,120,4.549763033175355,0.5687203791469194,0.07582938388625593
Abdul Waheed,137,161,8,17,50,7.051094890510949,0.36496350364963503,0.058394160583941604
Abdul Wahid,169,238,11,29,62,8.449704142011834,0.3668639053254438,0.0650887573964497
Abdul-Shakoor Rahimzei,175,159,13,14,77,5.451428571428571,0.44,0.07428571428571429
Abdullah Akbarjan,440,492,32,36,131,6.70909090909091,0.29772727272727273,0.07272727272727272
Abdullah Akhunzada,139,63,5,4,93,2.7194244604316546,0.6690647482014388,0.03597122302158273
Abdullah Ghulam,110,106,6,15,66,5.781818181818182,0.6,0.05454545454545454
Abdullah Jasat,180,225,8,25,81,7.5,0.45,0.044444444444444446
Abdullah Mahmood,362,325,20,26,148,5.386740331491713,0.4088397790055249,0.055248618784530384
Abdullah Mohd Yousaf,44,62,2,5,11,8.454545454545455,0.25,0.045454545454545456
Abdullah Qureshi,25,13,1,2,18,3.1199999999999997,0.72,0.04
Abdullah Rana,137,186,14,26,38,8.145985401459855,0.2773722627737226,0.10218978102189781
Abdullah Shahid,89,74,4,8,52,4.98876404494382,0.5842696629213483,0.0449438202247191
Abdullah Sheikh,100,106,3,9,37,6.359999999999999,0.37,0.03
Abdullahi Ismail,92,96,5,10,46,6.260869565217391,0.5,0.05434782608695652
Abdur Rauf,224,217,8,26,118,5.8125,0.5267857142857143,0.03571428571428571
Abdur Razzak,7039,5642,212,535,3819,4.8092058531041335,0.5425486574797557,0.030117914476488136
Abdur Rehman,1732,1286,47,99,922,4.454965357967668,0.5323325635103926,0.027136258660508082
Abeera Waris,47,67,2,7,18,8.553191489361703,0.3829787234042553,0.0425531914893617
Abhijeet Ahuja,12,8,2,2,8,4.0,0.6666666666666666,0.16666666666666666
Abhinav Raman,74,109,3,14,27,8.837837837837837,0.36486486486486486,0.04054054054054054
Abhiraj Singh,973,683,47,74,587,4.211716341212744,0.6032887975334018,0.048304213771839674
Abhishek Anand,13,8,1,0,5,3.6923076923076925,0.38461538461538464,0.07692307692307693
Abhishek Sharma,167,240,7,26,41,8.622754491017965,0.24550898203592814,0.041916167664670656
Abid Mushtaq,53,41,1,1,29,4.641509433962264,0.5471698113207547,0.018867924528301886
Abid Ullah Shah,46,41,0,2,30,5.3478260869565215,0.6521739130434783,0.0
Abraar Khan,12,10,1,0,4,5.0,0.3333333333333333,0.08333333333333333
Abraash Khan,76,66,8,6,39,5.210526315789474,0.5131578947368421,0.10526315789473684
Abrar Ahmed,1671,1559,82,163,748,5.597845601436266,0.44763614602034707,0.049072411729503294
Absar Khan,6,8,1,1,0,8.0,0.0,0.16666666666666666
Abu Hider,236,333,6,46,100,8.466101694915254,0.423728813559322,0.025423728813559324
Abu Jayed,140,167,6,22,64,7.1571428571428575,0.45714285714285713,0.04285714285714286
Abubacarr Kuyateh,204,250,10,32,96,7.352941176470588,0.47058823529411764,0.049019607843137254
Abul Farhad,220,292,15,37,94,7.963636363636364,0.42727272727272725,0.06818181818181818
Abul Hasan,257,306,2,45,122,7.14396887159533,0.47470817120622566,0.007782101167315175
Ada Bhasin,528,379,25,33,326,4.306818181818182,0.6174242424242424,0.04734848484848485
Adam Senn,247,253,7,26,122,6.145748987854251,0.4939271255060729,0.02834008097165992
Adama Kamara,91,87,3,6,36,5.736263736263736,0.3956043956043956,0.03296703296703297
Adeel Raja,281,288,6,33,123,6.149466192170818,0.4377224199288256,0.021352313167259787
Adhitya Shetty,60,56,1,6,28,5.6,0.4666666666666667,0.016666666666666666
Adil Afzal,6,11,0,1,0,11.0,0.0,0.0
Adil Bhatti,146,158,6,18,59,6.493150684931507,0.4041095890410959,0.0410958904109589
Adil Butt,425,528,29,73,195,7.454117647058824,0.4588235294117647,0.06823529411764706
Adil Hanif,138,93,4,10,85,4.043478260869565,0.6159420289855072,0.028985507246376812
Adil Khan,81,97,6,12,40,7.185185185185185,0.49382716049382713,0.07407407407407407
Adithya Ranaweera,137,120,5,6,52,5.255474452554745,0.3795620437956204,0.0364963503649635
Aditya Panwar,86,122,6,16,32,8.511627906976743,0.37209302325581395,0.06976744186046512
Adnan Butt,36,28,0,2,18,4.666666666666667,0.5,0.0
Adnan Gondal,12,7,2,0,7,3.5,0.5833333333333334,0.16666666666666666
Adnan Idrees,539,678,33,77,185,7.547309833024119,0.3432282003710575,0.061224489795918366
Adnan Ilyas,32,38,1,5,15,7.125,0.46875,0.03125
Adnan Liaquat,25,22,0,2,12,5.279999999999999,0.48,0.0
Adnan Mirza,183,242,9,28,59,7.934426229508197,0.3224043715846995,0.04918032786885246
Adnan Razzaq,103,144,5,17,37,8.388349514563107,0.3592233009708738,0.04854368932038835
Adnan Shnwarei,20,24,0,2,10,7.199999999999999,0.5,0.0
Adnan Syed,28,39,0,3,11,8.357142857142856,0.39285714285714285,0.0
Afida Afthab,279,216,10,18,146,4.645161290322581,0.5232974910394266,0.035842293906810034
Afif Hossain,304,368,13,44,115,7.2631578947368425,0.3782894736842105,0.04276315789473684
Afif Khattak,19,25,1,3,9,7.894736842105264,0.47368421052631576,0.05263157894736842
Aftab Ahmed,432,408,4,31,181,5.666666666666667,0.41898148148148145,0.009259259259259259
Aftab Ahmed (2),675,557,23,72,393,4.9511111111111115,0.5822222222222222,0.034074074074074076
Aftab Hussain,241,252,17,25,91,6.2738589211618265,0.3775933609958506,0.07053941908713693
Aftab Kayani,98,101,9,10,49,6.183673469387756,0.5,0.09183673469387756
Afzaal Haider,81,123,2,19,31,9.11111111111111,0.38271604938271603,0.024691358024691357
Afzal Faiz,18,52,0,7,4,17.333333333333332,0.2222222222222222,0.0
Afzal Saleem,115,98,6,10,57,5.113043478260869,0.4956521739130435,0.05217391304347826
Agha Salman,1176,1187,26,124,522,6.0561224489795915,0.44387755102040816,0.022108843537414966
Ahmad Khalid Ahmadzai,82,94,6,11,29,6.878048780487805,0.35365853658536583,0.07317073170731707
Ahmad Mushtaq,44,50,2,3,16,6.818181818181818,0.36363636363636365,0.045454545454545456
Ahmad Nasir,19,18,0,3,12,5.684210526315789,0.631578947368421,0.0
Ahmad Raza,84,103,2,12,36,7.357142857142857,0.42857142857142855,0.023809523809523808
Ahmadschah Ahmadzai,12,24,2,3,2,12.0,0.16666666666666666,0.16666666666666666
Ahmadullah Shinwari,516,576,25,75,254,6.6976744186046515,0.49224806201550386,0.04844961240310078
Ahmed Aqeel,156,169,5,16,49,6.5,0.3141025641025641,0.03205128205128205
Ahmed Baladraf,78,84,7,9,28,6.461538461538462,0.358974358974359,0.08974358974358974
Ahmed Daniyal,44,40,3,4,22,5.454545454545455,0.5,0.06818181818181818
Ahmed Faiz,52,52,1,5,26,6.0,0.5,0.019230769230769232
Ahmed Hassan,205,161,9,18,121,4.71219512195122,0.5902439024390244,0.04390243902439024
Ahmed Jamaal,31,31,1,5,18,6.0,0.5806451612903226,0.03225806451612903
Ahmed Raid,12,14,0,1,1,7.0,0.08333333333333333,0.0
Ahmed Raza,4382,3307,122,258,2304,4.528069374714742,0.5257873117298038,0.02784116841624829
Ahmed Shehzad,122,150,2,13,33,7.3770491803278695,0.27049180327868855,0.01639344262295082
Ahmed Wardak,397,343,21,26,185,5.183879093198992,0.4659949622166247,0.05289672544080604
Ahmer Bin Nisar,32,48,2,5,7,9.0,0.21875,0.0625
Ahram Jeong,26,20,1,0,11,4.615384615384616,0.4230769230769231,0.038461538461538464
Ahsan Abbasi,79,77,2,7,35,5.848101265822785,0.4430379746835443,0.02531645569620253
Ahsan Khan,141,235,6,31,59,10.0,0.41843971631205673,0.0425531914893617
Ahsan Malik,1322,1311,77,126,573,5.950075642965204,0.43343419062027233,0.058245083207261725
Ahsan Yusuf,6,10,0,1,1,10.0,0.16666666666666666,0.0
Aiman Anwer,961,993,28,126,442,6.199791883454735,0.4599375650364204,0.029136316337148804
Ainna Hamizah Hashim,1194,1081,54,112,593,5.432160804020101,0.4966499162479062,0.04522613065326633
Aishath Meesa Rameez,80,118,3,14,24,8.85,0.3,0.0375
Aisya Eleesa,717,653,37,66,342,5.464435146443515,0.4769874476987448,0.05160390516039052
Aizaz Cheema,780,728,33,76,368,5.6,0.4717948717948718,0.04230769230769231
Aizaz Khan,3121,3425,145,376,1386,6.584428067926947,0.44408843319448893,0.04645946811919257
Ajaz Patel,38,41,2,4,15,6.473684210526316,0.39473684210526316,0.05263157894736842
Ajhar Alam,69,109,3,16,23,9.478260869565217,0.3333333333333333,0.043478260869565216
Akash Babu,182,167,4,13,78,5.5054945054945055,0.42857142857142855,0.02197802197802198
Akeem Jordan,70,57,1,8,48,4.885714285714286,0.6857142857142857,0.014285714285714285
Akhil Anil,497,472,21,44,229,5.698189134808853,0.4607645875251509,0.04225352112676056
Akhil Arjunan,233,274,9,30,91,7.055793991416309,0.3905579399141631,0.03862660944206009
Akhil Kumar,400,409,18,44,187,6.135,0.4675,0.045
Akif Javed,184,177,7,18,105,5.771739130434782,0.5706521739130435,0.03804347826086957
Akif Raja,588,615,23,77,301,6.275510204081633,0.5119047619047619,0.0391156462585034
Akram Aslam,101,56,2,4,65,3.326732673267327,0.6435643564356436,0.019801980198019802
Akramullah Malikzada,12,22,1,3,2,11.0,0.16666666666666666,0.08333333333333333
Al Maseera Jahangir,76,35,5,2,49,2.763157894736842,0.6447368421052632,0.06578947368421052
Al-Amin Hossain,1295,1354,71,167,610,6.273359073359073,0.47104247104247104,0.054826254826254826
Alam Nakash,131,147,6,16,51,6.732824427480916,0.3893129770992366,0.04580152671755725
Aleena Khan,182,211,4,19,69,6.956043956043956,0.3791208791208791,0.02197802197802198
Alex Carthew,19,12,1,1,11,3.7894736842105265,0.5789473684210527,0.05263157894736842
Alexandros Karvelas,74,90,2,9,30,7.297297297297297,0.40540540540540543,0.02702702702702703
Alfredo Puentes,2,6,0,1,0,18.0,0.0,0.0
Ali Abdulla Popalzae,18,22,3,1,1,7.333333333333333,0.05555555555555555,0.16666666666666666
Ali Dawood,1835,1794,133,193,861,5.865940054495913,0.46920980926430517,0.07247956403269755
Ali Hasan,350,319,14,36,187,5.468571428571428,0.5342857142857143,0.04
Ali Hussain,151,227,5,28,56,9.019867549668874,0.3708609271523179,0.033112582781456956
Ali Khan,1724,1635,78,182,919,5.690255220417634,0.5330626450116009,0.04524361948955916
Ali Masood,276,371,21,42,111,8.065217391304348,0.40217391304347827,0.07608695652173914
Ali Muaaz,1,1,0,0,0,6.0,0.0,0.0
Ali Naqi,41,46,0,3,16,6.731707317073171,0.3902439024390244,0.0
Ali Naseer,1389,1559,64,191,618,6.734341252699784,0.4449244060475162,0.04607631389488841
Ali Nawaz,144,247,11,33,41,10.291666666666666,0.2847222222222222,0.0763888888888889
Ali Nayyer,589,678,37,75,266,6.906621392190153,0.45161290322580644,0.06281833616298811
Ali Rasool,76,132,2,20,26,10.421052631578949,0.34210526315789475,0.02631578947368421
Ali Saleem,46,30,1,3,32,3.9130434782608696,0.6956521739130435,0.021739130434782608
Ali Sheikh,132,141,10,13,40,6.409090909090909,0.30303030303030304,0.07575757575757576
Ali Waqar,103,135,3,15,34,7.864077669902912,0.3300970873786408,0.02912621359223301
Ali Yalmaz,109,161,8,19,32,8.862385321100916,0.29357798165137616,0.07339449541284404
Ali Zaheer,136,87,2,8,87,3.8382352941176467,0.6397058823529411,0.014705882352941176
Alice Davis,14,17,1,1,5,7.285714285714286,0.35714285714285715,0.07142857142857142
Alifiya Sayed,318,282,12,34,173,5.320754716981132,0.5440251572327044,0.03773584905660377
Alina Aslam,401,320,16,20,236,4.788029925187033,0.5885286783042394,0.0399002493765586
Aliya Riaz,1412,1406,35,164,680,5.974504249291784,0.48158640226628896,0.024787535410764873
Alkandari Abdulrahman,11,13,0,2,4,7.090909090909091,0.36363636363636365,0.0
Alok Kapali,775,683,20,53,340,5.287741935483871,0.43870967741935485,0.025806451612903226
Altaf Gill,49,72,2,6,10,8.816326530612246,0.20408163265306123,0.04081632653061224
Amal Jacob,205,247,7,27,80,7.229268292682927,0.3902439024390244,0.03414634146341464
Amalin Sorfina,70,76,0,8,27,6.514285714285714,0.38571428571428573,0.0
Aman Ali,14,22,0,3,6,9.428571428571429,0.42857142857142855,0.0
Amandeep Singh,201,245,10,27,74,7.313432835820896,0.3681592039800995,0.04975124378109453
Amar Sharma,658,863,25,89,256,7.869300911854103,0.3890577507598784,0.037993920972644375
Amarpal Kaur,364,265,33,16,175,4.368131868131869,0.4807692307692308,0.09065934065934066
Amaya Rajapaksha,32,32,0,1,10,6.0,0.3125,0.0
Ameel Mauroof,274,390,14,43,78,8.54014598540146,0.2846715328467153,0.051094890510948905
Ameer Saiyed,153,176,5,16,64,6.901960784313726,0.41830065359477125,0.032679738562091505
Amina Kashif,115,120,5,6,58,6.260869565217391,0.5043478260869565,0.043478260869565216
Aminata Kamara,624,540,28,58,350,5.1923076923076925,0.5608974358974359,0.04487179487179487
Aminul Islam,191,238,13,24,42,7.476439790575917,0.2198952879581152,0.06806282722513089
Aminul Islam Chowdhury,19,15,2,1,7,4.736842105263158,0.3684210526315789,0.10526315789473684
Amir Ali,772,601,25,67,457,4.67098445595855,0.5919689119170984,0.03238341968911917
Amir Butt,134,172,9,14,34,7.701492537313433,0.2537313432835821,0.06716417910447761
Amir Farooq,677,774,32,102,319,6.859675036927622,0.4711964549483013,0.047267355982274745
Amir Hamza,14,17,1,2,8,7.285714285714286,0.5714285714285714,0.07142857142857142
Amir Hayat,976,806,35,82,559,4.954918032786885,0.5727459016393442,0.035860655737704916
Amir Mangal,18,17,1,1,6,5.666666666666667,0.3333333333333333,0.05555555555555555
Amir Sharif,91,78,0,9,60,5.142857142857143,0.6593406593406593,0.0
Amir Zaib,54,80,4,11,18,8.88888888888889,0.3333333333333333,0.07407407407407407
Amit Uniyal,31,31,1,4,17,6.0,0.5483870967741935,0.03225806451612903
Amjad Javed,1402,1370,56,158,723,5.863052781740371,0.5156918687589158,0.039942938659058486
Amjad Mahboob,2453,2170,108,233,1366,5.307786384019568,0.5568691398287811,0.044027721157766
Amjad Sher,670,727,38,91,317,6.51044776119403,0.47313432835820896,0.056716417910447764
Amma Kashif,37,34,0,2,25,5.513513513513513,0.6756756756756757,0.0
Ammad Uddin,6,10,0,1,2,10.0,0.3333333333333333,0.0
Ammar Khalid,395,349,20,40,218,5.301265822784811,0.5518987341772152,0.05063291139240506
Amna Khan,76,122,1,15,24,9.631578947368421,0.3157894736842105,0.013157894736842105
Amna Tariq,982,816,49,66,482,4.985743380855397,0.4908350305498982,0.04989816700610998
Amoluk Singh,131,136,7,19,60,6.229007633587787,0.4580152671755725,0.05343511450381679
Amshi de Silva,38,30,1,4,23,4.736842105263158,0.6052631578947368,0.02631578947368421
Anam Amin,2329,1833,88,194,1254,4.722198368398454,0.5384285100901675,0.037784456848432804
Anas Khan,583,601,37,61,229,6.1852487135506005,0.3927958833619211,0.0634648370497427
Anasim Khan,139,163,6,19,54,7.0359712230215825,0.38848920863309355,0.04316546762589928
Andre Jarju,205,308,10,37,69,9.014634146341464,0.33658536585365856,0.04878048780487805
Aneeta Santhosh,12,15,0,1,3,7.5,0.25,0.0
Angela Busa,86,98,2,10,52,6.837209302325581,0.6046511627906976,0.023255813953488372
Anik Ahmed,57,76,2,9,20,8.0,0.3508771929824561,0.03508771929824561
Anique Uddin,496,387,17,42,281,4.681451612903226,0.5665322580645161,0.034274193548387094
Anjali Chand,44,4,10,0,31,0.5454545454545455,0.7045454545454546,0.22727272727272727
Anjar Tadarus,578,686,37,74,209,7.1211072664359865,0.3615916955017301,0.06401384083044982
Anjuli Ghalley,107,77,4,6,61,4.317757009345795,0.5700934579439252,0.037383177570093455
Ankit Dubey,33,23,3,2,18,4.181818181818182,0.5454545454545454,0.09090909090909091
Ankush Singh,15,11,1,0,9,4.4,0.6,0.06666666666666667
Anmoldeep Singh,41,70,0,5,15,10.24390243902439,0.36585365853658536,0.0
Anoop Orsu,34,53,1,7,9,9.352941176470587,0.2647058823529412,0.029411764705882353
Anowarul Islam,21,25,0,3,10,7.142857142857143,0.47619047619047616,0.0
Ansar Iqbal,50,49,4,3,19,5.88,0.38,0.08
Ansh Patel,210,202,14,22,102,5.771428571428571,0.4857142857142857,0.06666666666666667
Anshuman Rath,574,504,22,50,273,5.268292682926829,0.47560975609756095,0.03832752613240418
Anskumar Ahir,37,37,1,4,19,6.0,0.5135135135135135,0.02702702702702703
Anuj Dal,580,527,5,55,272,5.451724137931034,0.4689655172413793,0.008620689655172414
Anwar Ali,1488,1552,38,178,660,6.258064516129032,0.4435483870967742,0.025537634408602152
Anwar Rahman,1141,838,44,75,609,4.406660823838738,0.5337423312883436,0.03856266432953549
Aphsal Ashraf,24,35,2,5,5,8.75,0.20833333333333334,0.08333333333333333
Apsari Begam,7,1,0,0,7,0.8571428571428571,1.0,0.0
Aqib Ilyas,1756,1496,74,126,807,5.111617312072893,0.45956719817767655,0.04214123006833713
Aqib Iqbal,1353,1504,77,170,633,6.669623059866963,0.4678492239467849,0.056910569105691054
Aqif Farooq,71,124,3,19,29,10.47887323943662,0.4084507042253521,0.04225352112676056
Arafat Minhas,56,56,2,7,29,6.0,0.5178571428571429,0.03571428571428571
Arafat Sunny,989,839,42,82,483,5.089989888776541,0.4883720930232558,0.042467138523761376
Archara Supriya,56,48,4,2,23,5.142857142857142,0.4107142857142857,0.07142857142857142
Areeba Mughal,12,9,0,1,6,4.5,0.5,0.0
Arif Hussain,72,63,1,6,32,5.25,0.4444444444444444,0.013888888888888888
Arif Nasir Uddin,68,75,2,7,29,6.617647058823529,0.4264705882352941,0.029411764705882353
Arif Ullah,137,184,10,20,47,8.058394160583942,0.34306569343065696,0.072992700729927
Ariful Haque,18,17,0,2,8,5.666666666666667,0.4444444444444444,0.0
Arjun Vinod,199,283,5,32,64,8.532663316582916,0.32160804020100503,0.02512562814070352
Arsalan Ahmed,42,67,3,12,18,9.571428571428571,0.42857142857142855,0.07142857142857142
Arsalan Qadir,6,12,0,2,1,12.0,0.16666666666666666,0.0
Arshad Ali,409,325,9,28,201,4.767726161369193,0.49144254278728605,0.022004889975550123
Arshad Hayat,24,24,0,1,7,6.0,0.2916666666666667,0.0
Arshad Iqbal,57,53,4,6,26,5.578947368421052,0.45614035087719296,0.07017543859649122
Arshad Khan,339,258,8,18,166,4.566371681415929,0.4896755162241888,0.02359882005899705
Arshdeep Singh,2496,3064,156,421,1123,7.365384615384615,0.4499198717948718,0.0625
Arslan Amjad,155,250,13,31,48,9.67741935483871,0.3096774193548387,0.08387096774193549
Arun Yadav,80,110,7,17,32,8.25,0.4,0.0875
Aryan Lakra,364,331,8,34,184,5.456043956043956,0.5054945054945055,0.02197802197802198
Asad Ali,211,153,2,20,143,4.350710900473934,0.6777251184834123,0.009478672985781991
Asad Ali Rehemtulla,297,417,18,50,112,8.424242424242424,0.3771043771043771,0.06060606060606061
Asad Mohammad,367,395,10,40,158,6.457765667574932,0.4305177111716621,0.027247956403269755
Asad Rasheed,54,78,5,9,19,8.666666666666666,0.35185185185185186,0.09259259259259259
Asad Shafiq,12,18,0,2,3,9.0,0.25,0.0
Ashar Abbas,14,24,0,4,6,10.285714285714285,0.42857142857142855,0.0
Ashar Zaidi,928,764,17,46,373,4.939655172413794,0.4019396551724138,0.018318965517241378
Ashfaq Ahmed,261,231,6,21,115,5.310344827586207,0.44061302681992337,0.022988505747126436
Ashi Chopla,137,123,3,6,91,5.386861313868613,0.6642335766423357,0.021897810218978103
Ashiqullah Said,237,209,15,22,132,5.291139240506329,0.5569620253164557,0.06329113924050633
Ashish Rana,32,29,3,1,13,5.4375,0.40625,0.09375
Ashmal Hashmi,92,113,1,11,45,7.369565217391304,0.4891304347826087,0.010869565217391304
Ashraful Shuvo,40,46,0,4,15,6.8999999999999995,0.375,0.0
Ashwin Vinod,472,542,29,64,225,6.889830508474576,0.4766949152542373,0.0614406779661017
Ashwini Balaji,377,352,14,32,232,5.6021220159151195,0.6153846153846154,0.03713527851458886
Asif Ali,538,560,26,55,208,6.245353159851301,0.38661710037174724,0.048327137546468404
Asif Bevinje,202,239,14,32,102,7.099009900990099,0.504950495049505,0.06930693069306931
Asif Iqbal,30,42,4,4,5,8.4,0.16666666666666666,0.13333333333333333
Asif Iqbal (1),24,33,0,5,9,8.25,0.375,0.0
Asif Javed,107,80,9,5,52,4.4859813084112155,0.48598130841121495,0.08411214953271028
Asif Khan,6,3,0,0,3,3.0,0.5,0.0
Asif Mahmood,32,38,0,5,13,7.125,0.40625,0.0
Asif Shaikh,331,370,17,41,125,6.706948640483384,0.3776435045317221,0.0513595166163142
Asim Ashraf,63,116,0,16,25,11.047619047619047,0.3968253968253968,0.0
Asim Khurshid,12,15,0,1,4,7.5,0.3333333333333333,0.0
Aslam Bera,173,212,7,21,64,7.3526011560693645,0.3699421965317919,0.04046242774566474
Aslam Doria,11,35,2,7,0,19.09090909090909,0.0,0.18181818181818182
Aslam Mohammad,143,155,6,18,75,6.503496503496504,0.5244755244755245,0.04195804195804196
Aslan Jafri,138,177,9,19,40,7.695652173913044,0.2898550724637681,0.06521739130434782
Asmavia Iqbal,1906,1728,73,198,1014,5.439664218258132,0.5320041972717734,0.03830010493179433
Asrar Ahmed,68,117,3,20,31,10.323529411764705,0.45588235294117646,0.04411764705882353
Assad Borham,306,263,5,21,148,5.1568627450980395,0.48366013071895425,0.016339869281045753
Assad Mehmood,43,29,1,0,21,4.046511627906977,0.4883720930232558,0.023255813953488372
Aswad Khan,8,14,0,2,4,10.5,0.5,0.0
Ateeq Iqbal,1113,967,46,102,589,5.212938005390836,0.5292003593890386,0.04132973944294699
Atif Kamal,159,183,13,23,60,6.90566037735849,0.37735849056603776,0.08176100628930817
Atif Mehmood,558,481,34,44,290,5.172043010752688,0.5197132616487455,0.06093189964157706
Atif Rasheed,54,64,6,8,28,7.111111111111111,0.5185185185185185,0.1111111111111111
Atif-Ur-Rehman,339,308,19,32,184,5.451327433628318,0.5427728613569321,0.05604719764011799
Attia Diwan Ali,79,83,1,5,40,6.30379746835443,0.5063291139240507,0.012658227848101266
Aung Ko Ko,84,93,5,9,32,6.642857142857143,0.38095238095238093,0.05952380952380952
Avesh Khan,868,1050,37,146,412,7.258064516129033,0.47465437788018433,0.04262672811059908
Avi Dixit,85,84,5,9,39,5.929411764705883,0.4588235294117647,0.058823529411764705
Avishka Iroshan,108,165,10,22,30,9.166666666666666,0.2777777777777778,0.09259259259259259
Awad Khan,29,33,1,3,13,6.8275862068965525,0.4482758620689655,0.034482758620689655
Awais Ikram,87,134,5,16,34,9.241379310344827,0.39080459770114945,0.05747126436781609
Ayan Khan,1465,1326,35,129,747,5.430716723549488,0.5098976109215017,0.023890784982935155
Ayaz Dadabhai,180,172,13,11,68,5.733333333333333,0.37777777777777777,0.07222222222222222
Ayesha Hasan,17,20,0,1,8,7.0588235294117645,0.47058823529411764,0.0
Ayesha Zafar,82,93,5,10,29,6.8048780487804885,0.35365853658536583,0.06097560975609756
Aysha,680,662,33,61,326,5.841176470588236,0.47941176470588237,0.04852941176470588
Ayyaz Qureshi,82,114,5,15,26,8.341463414634147,0.3170731707317073,0.06097560975609756
Azam Khalil,258,255,13,24,122,5.930232558139535,0.4728682170542636,0.050387596899224806
Azam Mohammad,123,120,7,12,59,5.853658536585366,0.4796747967479675,0.056910569105691054
Azan Baig,13,14,1,0,4,6.461538461538462,0.3076923076923077,0.07692307692307693
Azeem Rafiq,679,687,24,56,252,6.070692194403534,0.3711340206185567,0.035346097201767304
Azeem ul Haq,158,112,2,12,102,4.253164556962026,0.6455696202531646,0.012658227848101266
Azeez Salako,36,23,1,2,21,3.8333333333333335,0.5833333333333334,0.027777777777777776
Azhar Ali,402,421,11,38,153,6.2835820895522385,0.3805970149253731,0.02736318407960199
Azhar Mahmood,731,612,15,72,431,5.023255813953488,0.5896032831737346,0.02051983584131327
Azharullah,1331,1348,42,140,598,6.076634109691961,0.4492862509391435,0.03155522163786627
Aziz Mohammad,318,353,16,35,134,6.660377358490566,0.42138364779874216,0.050314465408805034
Aziz Sualley,101,106,5,10,44,6.297029702970297,0.43564356435643564,0.04950495049504951
Azmat Ali,8,10,0,0,5,7.5,0.625,0.0
Azmatullah Nazeer,119,127,2,16,68,6.4033613445378155,0.5714285714285714,0.01680672268907563
Azri Azhar,68,76,1,10,35,6.705882352941176,0.5147058823529411,0.014705882352941176
Azyan Farhath,309,321,24,33,123,6.233009708737864,0.39805825242718446,0.07766990291262135
B Akhilesh Reddy,97,85,1,8,50,5.257731958762887,0.5154639175257731,0.010309278350515464
B Arora,634,779,25,88,247,7.372239747634069,0.38958990536277605,0.03943217665615142
B Balala,229,320,5,42,97,8.384279475982533,0.42358078602620086,0.021834061135371178
B Bhadriraju,117,95,9,4,41,4.871794871794871,0.3504273504273504,0.07692307692307693
B Biza,532,506,22,47,224,5.7067669172932325,0.42105263157894735,0.041353383458646614
B Bugingo,13,16,0,3,7,7.384615384615385,0.5384615384615384,0.0
B Doggett,369,433,13,55,163,7.040650406504065,0.44173441734417346,0.03523035230352303
B Dugic,145,242,8,35,50,10.013793103448275,0.3448275862068966,0.05517241379310345
B Ellis,927,731,22,52,457,4.731391585760518,0.4929881337648328,0.023732470334412083
B Etim,258,235,12,23,127,5.465116279069767,0.49224806201550386,0.046511627906976744
B Evans,1246,1420,65,172,558,6.837881219903692,0.4478330658105939,0.0521669341894061
B Fernando,736,872,26,96,295,7.108695652173913,0.4008152173913043,0.035326086956521736
B Freeman,13,16,0,1,3,7.384615384615385,0.23076923076923078,0.0
B Gaanamong,75,73,6,3,29,5.84,0.38666666666666666,0.08
B Geeves,116,114,5,13,56,5.8965517241379315,0.4827586206896552,0.04310344827586207
B George,84,132,2,17,30,9.428571428571429,0.35714285714285715,0.023809523809523808
B Isaac,67,94,0,12,28,8.417910447761194,0.417910447761194,0.0
B Ito-Davis,317,232,29,20,160,4.391167192429022,0.5047318611987381,0.0914826498422713
B Jerkovic,57,100,4,12,9,10.526315789473685,0.15789473684210525,0.07017543859649122
B Kalki Kumar,33,42,0,5,16,7.636363636363637,0.48484848484848486,0.0
B Karki,216,126,11,11,136,3.5,0.6296296296296297,0.05092592592592592
B Kasinja,62,58,1,4,27,5.612903225806451,0.43548387096774194,0.016129032258064516
B Keganne,60,78,3,8,22,7.8,0.36666666666666664,0.05
B Kgosiemang,402,501,19,66,179,7.477611940298507,0.44527363184079605,0.0472636815920398
B Khumalo,485,585,24,72,214,7.237113402061856,0.44123711340206184,0.049484536082474224
B Kruger,141,107,5,12,80,4.553191489361702,0.5673758865248227,0.03546099290780142
B Kumar,7793,7184,252,881,4260,5.531117669703581,0.5466444244835108,0.03233671243423585
B Kynman,508,449,22,54,283,5.303149606299212,0.5570866141732284,0.04330708661417323
B Laughlin,301,344,6,47,142,6.857142857142858,0.4717607973421927,0.019933554817275746
B Lee,8747,7085,311,777,5186,4.859951983537213,0.5928889905110324,0.03555504744483823
B Lekau,114,134,2,15,64,7.052631578947368,0.5614035087719298,0.017543859649122806
B Leo,115,157,5,20,47,8.191304347826087,0.40869565217391307,0.043478260869565216
B Lewis,79,75,6,7,40,5.69620253164557,0.5063291139240507,0.0759493670886076
B Maes Loch,96,54,6,1,60,3.375,0.625,0.0625
B Mahesh,96,117,4,15,50,7.3125,0.5208333333333334,0.041666666666666664
B Maphosa,92,118,1,14,46,7.695652173913043,0.5,0.010869565217391304
B Masaba,681,566,38,51,316,4.986784140969163,0.46402349486049926,0.055800293685756244
B Mavuta,657,630,20,62,312,5.7534246575342465,0.4748858447488584,0.030441400304414
B Maximo,85,81,4,5,47,5.7176470588235295,0.5529411764705883,0.047058823529411764
B Mejaro,125,139,8,9,45,6.672000000000001,0.36,0.064
B Miles,402,330,15,28,214,4.925373134328358,0.5323383084577115,0.03731343283582089
B Mosoaboli,64,57,2,4,35,5.34375,0.546875,0.03125
B Mpedi,222,196,15,18,119,5.297297297297297,0.536036036036036,0.06756756756756757
B Murekatete,833,610,50,55,521,4.393757503001201,0.6254501800720288,0.060024009603841535
B Murtagh,71,52,3,2,46,4.394366197183098,0.647887323943662,0.04225352112676056
B Muzarabani,4364,4239,159,496,2237,5.82813932172319,0.5126031164069661,0.03643446379468378
B Mwita,233,165,4,19,152,4.24892703862661,0.6523605150214592,0.017167381974248927
B Namuunzul,126,147,1,9,70,7.0,0.5555555555555556,0.007936507936507936
B Narender Reddy,54,23,0,0,35,2.5555555555555554,0.6481481481481481,0.0
B Ndipo,58,39,3,0,35,4.0344827586206895,0.603448275862069,0.05172413793103448
B Niaz,208,222,19,23,75,6.403846153846154,0.3605769230769231,0.09134615384615384
B Passoni,7,8,0,1,5,6.857142857142857,0.7142857142857143,0.0
B Phelenyane,400,414,19,41,216,6.21,0.54,0.0475
B Pondani,252,270,11,37,134,6.428571428571429,0.5317460317460317,0.04365079365079365
B Regmi,3057,2008,137,173,1796,3.941118743866536,0.5875040889761204,0.044815178279358846
B Sai Sudharsan,4,8,0,1,2,12.0,0.5,0.0
B Schuster,26,30,1,1,11,6.923076923076923,0.4230769230769231,0.038461538461538464
B Shanti,15,20,0,2,6,8.0,0.4,0.0
B Sharki,6,8,0,0,1,8.0,0.16666666666666666,0.0
B Shetty,235,227,9,20,108,5.795744680851064,0.4595744680851064,0.03829787234042553
B Shikongo,1587,1637,67,206,791,6.189035916824197,0.4984247006931317,0.04221802142407057
B Shotorova,210,193,7,11,131,5.514285714285714,0.6238095238095238,0.03333333333333333
B Siddharth,141,99,4,7,97,4.212765957446808,0.6879432624113475,0.028368794326241134
B Sombatraksa,12,19,0,3,5,9.5,0.4166666666666667,0.0
B Stanlake,1599,1611,65,199,850,6.045028142589119,0.5315822388993121,0.04065040650406504
B Swanepoel,298,210,11,28,197,4.228187919463087,0.6610738255033557,0.03691275167785235
B Tau,6,3,0,0,4,3.0,0.6666666666666666,0.0
B Taylan,74,64,1,6,45,5.189189189189189,0.6081081081081081,0.013513513513513514
B Terbish,13,36,0,5,3,16.615384615384617,0.23076923076923078,0.0
B Tlali,236,160,13,10,140,4.067796610169491,0.5932203389830508,0.05508474576271186
B Vakarewa,27,22,0,3,18,4.888888888888889,0.6666666666666666,0.0
B Verdon,14,3,3,0,10,1.2857142857142856,0.7142857142857143,0.21428571428571427
B Wakhley,63,66,2,7,37,6.285714285714286,0.5873015873015873,0.031746031746031744
B Wani,73,64,2,1,44,5.26027397260274,0.6027397260273972,0.0273972602739726
B Ward,1058,1014,69,84,395,5.75047258979206,0.3733459357277883,0.06521739130434782
B White,1693,1939,49,213,712,6.87182516243355,0.4205552274069699,0.028942705256940343
B Whitehouse,54,65,2,12,26,7.222222222222222,0.48148148148148145,0.037037037037037035
B Williams,38,36,1,5,24,5.684210526315789,0.631578947368421,0.02631578947368421
B Yadav,61,89,2,12,26,8.754098360655739,0.4262295081967213,0.03278688524590164
B van Zyl,50,36,3,3,30,4.319999999999999,0.6,0.06
BA Carse,1890,2035,66,270,937,6.4603174603174605,0.49576719576719575,0.03492063492063492
BA Hutton,1992,1680,67,189,1094,5.0602409638554215,0.5491967871485943,0.033634538152610444
BA Jackson,634,592,31,73,344,5.6025236593059935,0.5425867507886435,0.04889589905362776
BA Langston,1237,805,39,84,829,3.904607922392886,0.6701697655618432,0.03152789005658852
BA Murphy,183,143,5,11,96,4.688524590163935,0.5245901639344263,0.0273224043715847
BA Pai,732,831,35,91,330,6.811475409836065,0.45081967213114754,0.04781420765027322
BA Raine,1689,1560,44,176,857,5.541740674955595,0.507400828892836,0.02605091770278271
BA Simango,60,63,1,6,26,6.3,0.43333333333333335,0.016666666666666666
BA Stokes,4161,4282,111,466,1854,6.174477289113194,0.44556596971881757,0.026676279740447006
BA Westdijk,146,176,1,25,73,7.232876712328768,0.5,0.00684931506849315
BA Williams,1001,666,34,61,657,3.992007992007992,0.6563436563436563,0.03396603396603397
BAA Zammitt,6,10,0,0,2,10.0,0.3333333333333333,0.0
BAC Howell,2285,1960,71,172,1058,5.146608315098469,0.463019693654267,0.031072210065645513
BAD Manenti,1119,1090,25,102,480,5.8445040214477215,0.4289544235924933,0.022341376228775692
BAW Mendis,4855,4223,205,342,2236,5.218949536560247,0.46055612770339854,0.042224510813594233
BB Bailey,148,95,4,10,108,3.8513513513513513,0.7297297297297297,0.02702702702702703
BB Seebaran,108,132,1,14,40,7.333333333333333,0.37037037037037035,0.009259259259259259
BB Sran,370,321,14,33,207,5.205405405405406,0.5594594594594594,0.03783783783783784
BBA Geddes,70,58,1,3,27,4.9714285714285715,0.38571428571428573,0.014285714285714285
BBJL Perera,43,32,2,3,25,4.465116279069767,0.5813953488372093,0.046511627906976744
BC Cullen,137,177,2,26,69,7.751824817518249,0.5036496350364964,0.014598540145985401
BC Floros,75,59,4,7,44,4.72,0.5866666666666667,0.05333333333333334
BC Fortuin,1081,1167,43,128,460,6.477335800185014,0.425531914893617,0.039777983348751156
BCJ Cutting,352,376,10,41,159,6.409090909090909,0.45170454545454547,0.028409090909090908
BD Cotton,1226,1140,32,140,670,5.579119086460032,0.5464926590538336,0.026101141924959218
BD Glover,1145,1184,47,132,596,6.204366812227074,0.5205240174672489,0.04104803493449782
BD McDonough,206,198,7,25,120,5.766990291262135,0.5825242718446602,0.03398058252427184
BDH Stevens,1486,1070,65,98,833,4.3203230148048455,0.5605652759084792,0.04374158815612382
BE Fletcher,37,61,2,8,12,9.891891891891891,0.32432432432432434,0.05405405405405406
BE Hendricks,1246,1298,54,165,608,6.25040128410915,0.48796147672552165,0.04333868378812199
BE Johnson,12,36,0,6,4,18.0,0.3333333333333333,0.0
BF Mailata,321,339,13,37,157,6.336448598130841,0.48909657320872274,0.040498442367601244
BF Smith,1534,1156,48,95,759,4.5215123859191655,0.49478487614080835,0.03129074315514994
BFW de Leede,2567,2681,103,315,1206,6.266458901441371,0.4698091156992598,0.04012465913517725
BG Charlesworth,90,97,1,11,35,6.466666666666667,0.3888888888888889,0.011111111111111112
BG Illing,709,594,18,75,439,5.0267983074753175,0.6191819464033851,0.02538787023977433
BG Lister,394,488,15,64,159,7.431472081218273,0.4035532994923858,0.03807106598984772
BG Rogers,171,202,5,19,51,7.087719298245614,0.2982456140350877,0.029239766081871343
BGF Green,1087,1001,39,110,533,5.525298988040479,0.49034038638454464,0.035878564857405704
BGS Mendis,224,204,4,19,108,5.4642857142857135,0.48214285714285715,0.017857142857142856
BI Kellaway,614,556,26,59,280,5.433224755700326,0.4560260586319218,0.04234527687296417
BJ Bennett,157,220,6,31,58,8.40764331210191,0.36942675159235666,0.03821656050955414
BJ Currie,1682,1396,88,144,932,4.979785969084424,0.5541022592152199,0.052318668252080855
BJ Diamanti,24,45,0,6,3,11.25,0.125,0.0
BJ Dwarshuis,1421,1500,63,198,702,6.333567909922589,0.494018296973962,0.04433497536945813
BJ Gibbon,554,566,17,76,299,6.129963898916968,0.5397111913357401,0.030685920577617327
BJ Hall,60,38,2,2,29,3.8,0.48333333333333334,0.03333333333333333
BJ Hatton-Lowe,112,128,5,14,41,6.857142857142857,0.36607142857142855,0.044642857142857144
BJ Hodge,97,96,2,11,42,5.9381443298969065,0.4329896907216495,0.020618556701030927
BJ McCarthy,4255,4442,163,561,2156,6.263689776733255,0.5066980023501763,0.03830787309048179
BJ McMullen,2122,1766,71,219,1256,4.993402450518379,0.5918944392082941,0.03345900094250707
BJ Morris,168,183,3,25,86,6.535714285714286,0.5119047619047619,0.017857142857142856
BJ Patel,18,21,0,3,7,7.0,0.3888888888888889,0.0
BJ Taylor,369,297,6,24,177,4.829268292682927,0.4796747967479675,0.016260162601626018
BJ Webster,1447,1316,54,134,669,5.456807187284036,0.46233586731167936,0.03731859018659295
BJR Martindale,71,51,1,5,38,4.309859154929577,0.5352112676056338,0.014084507042253521
BK Das,219,152,4,20,149,4.164383561643835,0.680365296803653,0.0182648401826484
BK Majji,48,32,5,3,26,4.0,0.5416666666666666,0.10416666666666667
BK Stroud,221,214,7,24,117,5.8099547511312215,0.5294117647058824,0.03167420814479638
BKG Mendis,20,28,0,3,6,8.4,0.3,0.0
BL Couch,468,445,13,51,238,5.705128205128205,0.5085470085470085,0.027777777777777776
BL D'Oliveira,2268,2039,53,175,945,5.394179894179894,0.4166666666666667,0.023368606701940034
BL Edwards,66,74,3,10,32,6.7272727272727275,0.48484848484848486,0.045454545454545456
BL Kotze,321,316,7,33,147,5.906542056074766,0.45794392523364486,0.021806853582554516
BL Morgan,16,10,1,1,9,3.75,0.5625,0.0625
BM Anusha,65,57,2,4,37,5.2615384615384615,0.5692307692307692,0.03076923076923077
BM Cliff,575,574,20,88,314,5.989565217391305,0.5460869565217391,0.034782608695652174
BM Halliday,428,410,18,38,184,5.747663551401869,0.42990654205607476,0.04205607476635514
BM Hope,263,320,6,34,94,7.3003802281368815,0.3574144486692015,0.022813688212927757
BM Scholtz,6761,4764,252,401,3733,4.227776956071588,0.5521372578021003,0.037272592811714245
BM Tickner,1156,1393,48,186,506,7.2301038062283745,0.43771626297577854,0.04152249134948097
BM Wheeler,459,537,18,78,237,7.019607843137255,0.5163398692810458,0.0392156862745098
BMA Mbida,388,362,13,28,227,5.597938144329897,0.5850515463917526,0.03350515463917526
BMAJ Mendis,2023,1835,55,133,808,5.442412259021255,0.3994068215521503,0.02718734552644587
BMJ Allison,1409,1297,38,151,738,5.523066004258339,0.5237757274662882,0.0269694819020582
BMR Akram,12,24,0,5,4,12.0,0.3333333333333333,0.0
BMSM Kumari,3322,3061,104,316,1514,5.528597230583986,0.4557495484647803,0.031306441902468396
BN Toube,230,316,14,44,98,8.243478260869566,0.4260869565217391,0.06086956521739131
BO Coad,2046,1466,59,177,1275,4.299120234604105,0.6231671554252199,0.028836754643206255
BO van Rooi,130,123,1,11,70,5.676923076923076,0.5384615384615384,0.007692307692307693
BOP Fernando,12,16,0,1,2,8.0,0.16666666666666666,0.0
BP Adapaka,234,274,10,24,88,7.0256410256410255,0.37606837606837606,0.042735042735042736
BP Kruger,21,23,0,4,10,6.571428571428571,0.47619047619047616,0.0
BP Loots,188,227,2,28,77,7.24468085106383,0.4095744680851064,0.010638297872340425
BP Nash,30,33,0,2,8,6.6,0.26666666666666666,0.0
BR Dorey,169,147,2,20,110,5.218934911242603,0.650887573964497,0.011834319526627219
BRM Taylor,292,300,5,24,113,6.164383561643836,0.386986301369863,0.017123287671232876
BS Adhihetty,37,21,3,1,19,3.4054054054054053,0.5135135135135135,0.08108108108108109
BS Bartley,103,186,3,22,28,10.834951456310678,0.27184466019417475,0.02912621359223301
BS Stephenson,154,176,7,18,73,6.857142857142857,0.474025974025974,0.045454545454545456
BT Slater,27,36,0,5,9,8.0,0.3333333333333333,0.0
BTJ Wheal,2363,2321,91,299,1234,5.893355903512484,0.5222175201015659,0.038510368176047395
BV Sears,732,905,42,116,294,7.418032786885246,0.4016393442622951,0.05737704918032787
BV Vitori,1367,1402,40,172,685,6.153621068032187,0.5010972933430871,0.029261155815654718
BW Aitchison,917,802,29,104,494,5.247546346782988,0.5387131952017448,0.03162486368593239
BW Harmison,103,80,4,5,47,4.660194174757281,0.4563106796116505,0.038834951456310676
BW Hilfenhaus,1438,1262,42,151,829,5.2656467315716275,0.5764951321279554,0.02920723226703755
BW Sanderson,1964,1700,63,193,1084,5.193482688391039,0.5519348268839104,0.03207739307535642
BWM Mike,883,1023,31,122,414,6.951302378255946,0.46885617214043035,0.035107587768969425
BYA Mendis,21,11,0,0,13,3.142857142857143,0.6190476190476191,0.0
Babar Ali,293,164,10,13,195,3.358361774744027,0.6655290102389079,0.034129692832764506
Babar Hayat,6,9,0,2,3,9.0,0.5,0.0
Badal Singh,112,99,0,11,66,5.303571428571428,0.5892857142857143,0.0
Bakhtiar Tahiri,86,130,3,17,32,9.069767441860465,0.37209302325581395,0.03488372093023256
Bakhtyar Nabi,68,61,3,5,30,5.38235294117647,0.4411764705882353,0.04411764705882353
Baljinder Singh,18,29,1,5,5,9.666666666666666,0.2777777777777778,0.05555555555555555
Baljit Singh,172,155,9,11,73,5.406976744186046,0.42441860465116277,0.05232558139534884
Baseer Khan,52,37,5,3,29,4.269230769230769,0.5576923076923077,0.09615384615384616
Bashar Khan,77,52,6,3,42,4.0519480519480515,0.5454545454545454,0.07792207792207792
Basharat Hussain,69,104,1,11,16,9.043478260869565,0.2318840579710145,0.014492753623188406
Bashir Ahmad,12,36,0,6,2,18.0,0.16666666666666666,0.0
Bashir Shah,1396,1014,59,112,817,4.358166189111748,0.585243553008596,0.042263610315186245
Basil Hameed,1918,1599,84,144,939,5.00208550573514,0.48957247132429615,0.043795620437956206
Basir Ahamad,135,101,4,10,71,4.488888888888889,0.5259259259259259,0.02962962962962963
Basiru Jaye,45,67,1,6,16,8.933333333333334,0.35555555555555557,0.022222222222222223
Bastaki Fahad,20,22,1,2,10,6.6,0.5,0.05
Bastaki Mahmoud,6,8,1,2,3,8.0,0.5,0.16666666666666666
Baz Aybui,125,140,8,12,42,6.720000000000001,0.336,0.064
Bazid Khan,13,11,0,0,4,5.0769230769230775,0.3076923076923077,0.0
Bhargav Narasimha,39,56,2,6,10,8.615384615384615,0.2564102564102564,0.05128205128205128
Bhumeshswar Jagroo,16,17,0,1,7,6.375,0.4375,0.0
Bibina Baby,29,34,0,4,20,7.03448275862069,0.6896551724137931,0.0
Bikram Sob,166,146,6,15,94,5.27710843373494,0.5662650602409639,0.03614457831325301
Bilal Aftab,12,14,1,2,5,7.0,0.4166666666666667,0.08333333333333333
Bilal Ahmad Mir,138,195,11,26,48,8.478260869565217,0.34782608695652173,0.07971014492753623
Bilal Ahmed,68,80,4,7,22,7.0588235294117645,0.3235294117647059,0.058823529411764705
Bilal Asif,133,96,5,8,64,4.330827067669173,0.48120300751879697,0.03759398496240601
Bilal Hassun,1133,1216,68,140,592,6.439541041482789,0.5225066195939982,0.06001765225066196
Bilal Khan,5244,4579,262,532,2876,5.239130434782608,0.5484363081617086,0.04996186117467582
Bilal Mansoor,64,38,3,3,47,3.5625,0.734375,0.046875
Bilal Masud,171,189,12,20,76,6.631578947368421,0.4444444444444444,0.07017543859649122
Bilal Muhammad,548,586,31,61,258,6.416058394160585,0.4708029197080292,0.05656934306569343
Bilal Safdar,66,63,3,5,25,5.7272727272727275,0.3787878787878788,0.045454545454545456
Bilal Shah,12,18,0,2,2,9.0,0.16666666666666666,0.0
Bilal Tahir,125,110,6,8,48,5.28,0.384,0.048
Bilal Zalmai,1069,1227,53,121,395,6.886810102899907,0.3695042095416277,0.04957904583723106
Bilawal Bhatti,569,681,13,91,258,7.1810193321616875,0.45342706502636204,0.022847100175746926
Bipin Kumar,172,234,3,31,70,8.162790697674419,0.4069767441860465,0.01744186046511628
Bismah Maroof,1316,1133,46,86,560,5.165653495440729,0.425531914893617,0.034954407294832825
Bukhar Illikkal,171,197,5,17,57,6.912280701754386,0.3333333333333333,0.029239766081871343
C Abel,756,625,38,56,394,4.9603174603174605,0.5211640211640212,0.05026455026455026
C Agafili,46,35,2,4,30,4.565217391304348,0.6521739130434783,0.043478260869565216
C Anayo,13,8,0,0,7,3.6923076923076925,0.5384615384615384,0.0
C Anderson,187,170,5,21,107,5.454545454545454,0.5721925133689839,0.026737967914438502
C Appel,24,22,1,2,15,5.5,0.625,0.041666666666666664
C Aweko,2099,1429,134,126,1144,4.08480228680324,0.5450214387803716,0.06383992377322535
C Bah,374,405,12,42,167,6.497326203208556,0.446524064171123,0.03208556149732621
C Battage,84,105,0,14,39,7.5,0.4642857142857143,0.0
C Beckford,92,93,7,10,44,6.065217391304348,0.4782608695652174,0.07608695652173914
C Bevin,59,94,2,12,24,9.559322033898304,0.4067796610169492,0.03389830508474576
C Bosch,1046,1278,47,163,433,7.330783938814531,0.41395793499043976,0.044933078393881457
C Boyle,131,120,4,7,66,5.4961832061068705,0.5038167938931297,0.030534351145038167
C Breteche,98,71,5,5,57,4.346938775510204,0.5816326530612245,0.05102040816326531
C Brewer,142,115,8,11,89,4.859154929577465,0.6267605633802817,0.056338028169014086
C Brits,9,5,0,0,8,3.3333333333333335,0.8888888888888888,0.0
C Bull,501,423,24,42,275,5.065868263473054,0.5489021956087824,0.04790419161676647
C Burgess,6,4,0,0,4,4.0,0.6666666666666666,0.0
C Bwanali,141,125,7,9,60,5.319148936170213,0.425531914893617,0.04964539007092199
C Campher,3160,3212,105,375,1517,6.09873417721519,0.4800632911392405,0.03322784810126582
C Carmichael,97,100,4,15,59,6.185567010309278,0.6082474226804123,0.041237113402061855
C Cassell,400,435,13,53,199,6.5249999999999995,0.4975,0.0325
C Cato,76,92,3,14,40,7.2631578947368425,0.5263157894736842,0.039473684210526314
C Chatonzwa,634,597,26,72,290,5.649842271293375,0.45741324921135645,0.04100946372239748
C Chatphaisan,142,142,9,16,66,6.0,0.4647887323943662,0.06338028169014084
C Chukwuonye,158,106,15,6,91,4.025316455696203,0.5759493670886076,0.0949367088607595
C Cirino,33,37,1,3,15,6.7272727272727275,0.45454545454545453,0.030303030303030304
C Cirlig,54,63,1,4,27,7.0,0.5,0.018518518518518517
C Connolly,511,540,12,58,196,6.34050880626223,0.3835616438356164,0.023483365949119372
C Dickson,305,342,13,36,124,6.727868852459016,0.4065573770491803,0.04262295081967213
C Dissanayake,423,324,9,30,231,4.595744680851064,0.5460992907801419,0.02127659574468085
C Floyd,447,423,6,45,207,5.677852348993288,0.46308724832214765,0.013422818791946308
C Forshaw,226,318,21,44,73,8.442477876106196,0.3230088495575221,0.09292035398230089
C George,13,20,0,3,5,9.230769230769232,0.38461538461538464,0.0
C Gomez,87,148,1,19,33,10.206896551724139,0.3793103448275862,0.011494252873563218
C Green,1370,1429,38,178,652,6.258394160583942,0.4759124087591241,0.027737226277372264
C Greenshields,38,30,5,0,11,4.736842105263158,0.2894736842105263,0.13157894736842105
C Gunasekara,264,234,6,24,148,5.318181818181818,0.5606060606060606,0.022727272727272728
C Gwilliam-Lopez,19,19,1,2,8,6.0,0.42105263157894735,0.05263157894736842
C Heenatigala,68,81,4,12,29,7.147058823529411,0.4264705882352941,0.058823529411764705
C Hemraj,7,9,0,1,3,7.7142857142857135,0.42857142857142855,0.0
C Henery,167,140,11,9,85,5.02994011976048,0.5089820359281437,0.0658682634730539
C Hinze,625,549,40,60,329,5.2703999999999995,0.5264,0.064
C Howell,61,38,1,3,39,3.737704918032787,0.639344262295082,0.01639344262295082
C Isaac,73,43,1,6,55,3.534246575342466,0.7534246575342466,0.0136986301369863
C Janik,333,243,8,25,192,4.378378378378378,0.5765765765765766,0.024024024024024024
C Jayathilake,50,65,2,12,26,7.8,0.52,0.04
C Jennings,76,66,4,5,42,5.210526315789474,0.5526315789473685,0.05263157894736842
C Karunaratne,1982,2041,65,205,878,6.178607467204844,0.4429868819374369,0.03279515640766902
C Kauripeke,18,0,1,0,17,0.0,0.9444444444444444,0.05555555555555555
C Kellaway,140,110,5,6,58,4.714285714285714,0.4142857142857143,0.03571428571428571
C Kelly,208,215,2,28,100,6.2019230769230775,0.4807692307692308,0.009615384615384616
C Kyewuta,1457,1430,80,166,780,5.888812628689087,0.5353466026080989,0.05490734385724091
C Lenyatsa,26,24,2,1,8,5.538461538461539,0.3076923076923077,0.07692307692307693
C Liebenberg,12,14,0,3,7,7.0,0.5833333333333334,0.0
C Lokuge,192,129,10,8,128,4.03125,0.6666666666666666,0.052083333333333336
C Magaia,153,138,14,11,84,5.411764705882353,0.5490196078431373,0.0915032679738562
C Mahamalage,524,471,27,44,262,5.393129770992367,0.5,0.05152671755725191
C McKerr,1764,1781,59,222,847,6.057823129251701,0.4801587301587302,0.03344671201814059
C Miles,15,20,0,1,9,8.0,0.6,0.0
C Milner,30,41,0,4,13,8.2,0.43333333333333335,0.0
C Moyo,52,53,0,4,22,6.115384615384616,0.4230769230769231,0.0
C Munoz-Mills,43,43,1,4,18,6.0,0.4186046511627907,0.023255813953488372
C Munro,682,669,13,63,285,5.885630498533724,0.4178885630498534,0.01906158357771261
C Murray,2665,2679,109,275,1107,6.031519699812383,0.4153846153846154,0.04090056285178236
C Murrombe,122,154,7,9,36,7.5737704918032795,0.29508196721311475,0.05737704918032787
C Mutasa,79,105,1,13,36,7.974683544303798,0.45569620253164556,0.012658227848101266
C Namugenyi,111,85,2,10,68,4.594594594594595,0.6126126126126126,0.018018018018018018
C Nicholas,456,407,11,48,255,5.355263157894737,0.5592105263157895,0.02412280701754386
C Nimesh,36,48,0,5,12,8.0,0.3333333333333333,0.0
C Noel,25,23,0,3,18,5.52,0.72,0.0
C Olphert,312,309,10,37,171,5.9423076923076925,0.5480769230769231,0.03205128205128205
C Ostergaard,219,179,10,13,122,4.904109589041096,0.5570776255707762,0.045662100456621
C Outerbridge,442,355,20,32,231,4.819004524886878,0.5226244343891403,0.04524886877828054
C Overton,2416,2209,75,250,1248,5.48592715231788,0.5165562913907285,0.031043046357615893
C Pavely,636,502,23,44,320,4.735849056603773,0.5031446540880503,0.036163522012578615
C Peake,115,110,2,8,45,5.739130434782608,0.391304347826087,0.017391304347826087
C Pengkumta,424,474,22,56,189,6.7075471698113205,0.44575471698113206,0.05188679245283019
C Perry,336,315,17,30,182,5.625,0.5416666666666666,0.050595238095238096
C Pervez,1258,924,39,94,781,4.406995230524642,0.6208267090620032,0.031001589825119236
C Piparo,7,9,1,1,2,7.7142857142857135,0.2857142857142857,0.14285714285714285
C Prasad,160,110,13,6,79,4.125,0.49375,0.08125
C Prathyusha,56,60,1,8,22,6.428571428571428,0.39285714285714285,0.017857142857142856
C Raack,553,452,24,38,266,4.904159132007233,0.4810126582278481,0.0433996383363472
C Roberts,38,60,4,9,13,9.473684210526317,0.34210526315789475,0.10526315789473684
C Robertson,566,478,12,53,308,5.06713780918728,0.5441696113074205,0.02120141342756184
C Robinson,37,42,1,5,15,6.8108108108108105,0.40540540540540543,0.02702702702702703
C Rububagumya,1046,1307,63,140,394,7.497131931166348,0.37667304015296366,0.06022944550669216
C Rumistrzewicz,556,441,42,34,231,4.758992805755396,0.4154676258992806,0.07553956834532374
C Rushworth,2714,2344,86,280,1484,5.18201915991157,0.5467943994104643,0.03168754605747973
C Sakariya,74,69,3,9,40,5.594594594594595,0.5405405405405406,0.04054054054054054
C Sandaru,128,93,8,8,65,4.359375,0.5078125,0.0625
C Sawad,30,25,1,3,16,5.0,0.5333333333333333,0.03333333333333333
C Sewsunker,108,166,1,19,53,9.222222222222221,0.49074074074074076,0.009259259259259259
C Shivakumar,48,74,0,10,19,9.25,0.3958333333333333,0.0
C Skelton,1921,1585,60,155,939,4.9505465903175425,0.4888079125455492,0.031233732431025507
C Smith,87,91,4,7,34,6.275862068965517,0.39080459770114945,0.04597701149425287
C Sosa,322,237,16,11,187,4.416149068322982,0.5807453416149069,0.049689440993788817
C Sridev,83,110,6,12,23,7.951807228915662,0.27710843373493976,0.07228915662650602
C Stow,103,145,2,18,26,8.446601941747572,0.2524271844660194,0.019417475728155338
C Sudarsanan,16,25,0,4,7,9.375,0.4375,0.0
C Sully,171,212,6,29,66,7.43859649122807,0.38596491228070173,0.03508771929824561
C Sutthiruang,2607,1941,108,219,1586,4.4672036823935555,0.6083621020329881,0.04142692750287687
C Tchale,187,262,7,30,70,8.406417112299465,0.37433155080213903,0.0374331550802139
C Thompson,77,51,1,3,52,3.974025974025974,0.6753246753246753,0.012987012987012988
C Trott,304,277,3,23,147,5.467105263157895,0.48355263157894735,0.009868421052631578
C Udekwe,500,453,30,47,277,5.436,0.554,0.06
C Umutonni,12,11,0,1,5,5.5,0.4166666666666667,0.0
C Valente,96,92,2,9,51,5.75,0.53125,0.020833333333333332
C Viljoen,1144,949,51,92,598,4.9772727272727275,0.5227272727272727,0.044580419580419584
C Waiswa,515,488,23,59,282,5.6854368932038835,0.5475728155339806,0.04466019417475728
C Webb,12,12,0,1,5,6.0,0.4166666666666667,0.0
C White,273,181,10,18,165,3.978021978021978,0.6043956043956044,0.03663003663003663
C Wickramasinghe,101,123,2,16,43,7.306930693069307,0.42574257425742573,0.019801980198019802
C Wijesinghe,723,594,32,62,444,4.929460580912863,0.6141078838174274,0.04426002766251729
C Wright,1139,1111,50,127,587,5.852502194907814,0.5153643546971027,0.043898156277436345
C Wyngaard,6,8,0,2,4,8.0,0.6666666666666666,0.0
C Zavoiu,50,68,3,8,20,8.16,0.4,0.06
C Zhou,13,19,0,1,6,8.76923076923077,0.46153846153846156,0.0
C Zhuwao,31,37,0,7,18,7.161290322580645,0.5806451612903226,0.0
C de Grandhomme,1905,1713,44,172,921,5.395275590551181,0.48346456692913387,0.023097112860892388
C de Lange,2412,1983,104,169,1151,4.932835820895522,0.4771973466003317,0.04311774461028192
C van der Westhuizen,117,47,6,4,87,2.41025641025641,0.7435897435897436,0.05128205128205128
CA Henry,2525,2251,70,272,1400,5.348910891089109,0.5544554455445545,0.027722772277227723
CA Ingram,911,918,22,86,372,6.046103183315038,0.4083424807903403,0.024149286498353458
CA Keita,44,54,5,4,12,7.363636363636364,0.2727272727272727,0.11363636363636363
CA Liyanage,6,14,0,2,0,14.0,0.0,0.0
CA Reid,81,64,1,9,53,4.7407407407407405,0.654320987654321,0.012345679012345678
CA Soper,3466,2751,122,260,1940,4.762261973456434,0.5597230236583959,0.03519907674552799
CA Vidler,96,107,5,16,53,6.6875,0.5520833333333334,0.052083333333333336
CA Young,4718,4783,200,612,2414,6.082662144976685,0.5116574819838915,0.0423908435777872
CAH Stevenson,803,771,29,85,423,5.760896637608966,0.526774595267746,0.0361145703611457
CAJ Meschede,1214,1110,23,104,529,5.485996705107084,0.4357495881383855,0.018945634266886325
CAJ Morris,1494,1453,39,197,772,5.835341365461847,0.5167336010709505,0.02610441767068273
CAK Rajitha,1667,1878,52,259,856,6.7594481103779245,0.5134973005398921,0.03119376124775045
CAL Davis,19,25,1,3,7,7.894736842105264,0.3684210526315789,0.05263157894736842
CAW Jeffers,118,118,3,10,51,6.0,0.4322033898305085,0.025423728813559324
CB Lambert,62,66,0,6,29,6.387096774193548,0.46774193548387094,0.0
CB Mpofu,3766,3814,94,470,1998,6.0764737121614445,0.5305363781200212,0.02496016994158258
CB Roposo,259,281,19,29,103,6.50965250965251,0.39768339768339767,0.07335907335907337
CB Sole,2089,1944,82,229,1199,5.583532790809,0.5739588319770225,0.03925323121110579
CBRLS Kumara,1869,2124,80,268,891,6.818619582664526,0.4767255216693419,0.042803638309256285
CC Alexander,28,24,0,2,10,5.142857142857142,0.35714285714285715,0.0
CC Blake,530,498,20,70,312,5.637735849056604,0.5886792452830188,0.03773584905660377
CC van Slobbe,267,239,13,18,134,5.370786516853933,0.50187265917603,0.04868913857677903
CD Barnwell,38,51,1,4,10,8.052631578947368,0.2631578947368421,0.02631578947368421
CD Collymore,1868,1311,35,124,1146,4.210920770877944,0.6134903640256959,0.01873661670235546
CD Mboe,41,21,4,2,28,3.073170731707317,0.6829268292682927,0.0975609756097561
CD McMillan,462,425,13,40,203,5.51948051948052,0.4393939393939394,0.02813852813852814
CD Nash,362,386,3,35,125,6.397790055248619,0.3453038674033149,0.008287292817679558
CD de Lange,622,581,30,50,262,5.604501607717042,0.4212218649517685,0.04823151125401929
CDJ Dent,177,178,5,14,70,6.033898305084746,0.3954802259887006,0.02824858757062147
CE Bennett,335,291,13,38,191,5.2119402985074625,0.5701492537313433,0.03880597014925373
CE Dean,5361,4359,207,449,2822,4.878567431449357,0.5263943294161537,0.03861219921656407
CE McConchie,451,517,16,54,169,6.878048780487805,0.37472283813747226,0.03547671840354767
CE Shreck,314,239,10,26,185,4.56687898089172,0.589171974522293,0.03184713375796178
CF Hartley,279,266,7,27,124,5.720430107526882,0.4444444444444444,0.025089605734767026
CF Hughes,7,21,0,2,0,18.0,0.0,0.0
CF Parkinson,617,637,6,59,240,6.194489465153971,0.3889789303079417,0.009724473257698542
CF Snyman,253,260,7,31,136,6.16600790513834,0.5375494071146245,0.02766798418972332
CG Harrison,344,328,5,32,161,5.720930232558139,0.4680232558139535,0.014534883720930232
CG Osborne,24,33,3,3,3,8.25,0.125,0.125
CG Steenstra Toussaint,39,27,0,2,29,4.153846153846154,0.7435897435897436,0.0
CG Williams,1542,1264,54,117,814,4.918287937743191,0.5278858625162127,0.03501945525291829
CH Abeyratne,67,87,1,7,29,7.791044776119404,0.43283582089552236,0.014925373134328358
CH Gayle,4911,4020,132,230,2190,4.911423335369578,0.44593769089798413,0.02687843616371411
CH Morris,2432,2468,82,310,1210,6.088815789473684,0.4975328947368421,0.033717105263157895
CH Stobo,756,597,21,63,431,4.738095238095238,0.5701058201058201,0.027777777777777776
CH van Koolwijk,22,21,1,2,10,5.7272727272727275,0.45454545454545453,0.045454545454545456
CI Manidom,147,135,10,17,77,5.510204081632653,0.5238095238095238,0.06802721088435375
CJ Ana,71,68,1,7,52,5.746478873239436,0.7323943661971831,0.014084507042253521
CJ Anderson,1952,2096,79,238,861,6.442622950819673,0.4410860655737705,0.04047131147540984
CJ Bodenstein,589,474,32,54,341,4.828522920203735,0.5789473684210527,0.05432937181663837
CJ Boyce,138,152,8,14,40,6.608695652173913,0.2898550724637681,0.057971014492753624
CJ Chibhabha,1665,1703,43,190,791,6.136936936936937,0.47507507507507507,0.025825825825825825
CJ Dala,363,480,15,67,152,7.933884297520661,0.418732782369146,0.04132231404958678
CJ Delany,35,61,0,7,17,10.457142857142857,0.4857142857142857,0.0
CJ Dias,180,156,8,11,89,5.2,0.49444444444444446,0.044444444444444446
CJ Erkelens,38,25,3,2,23,3.947368421052632,0.6052631578947368,0.07894736842105263
CJ Gannon,352,302,12,33,197,5.147727272727273,0.5596590909090909,0.03409090909090909
CJ Green,1321,1094,35,99,626,4.968962906888721,0.4738834216502649,0.026495079485238455
CJ Haggett,919,990,24,105,400,6.46354733405876,0.4352557127312296,0.026115342763873776
CJ Jordan,4454,5217,195,613,1897,7.027840143691064,0.4259092950157162,0.043780871127076786
CJ Langford,334,323,22,36,169,5.802395209580839,0.5059880239520959,0.0658682634730539
CJ Liddle,1464,1502,53,161,627,6.155737704918033,0.42827868852459017,0.036202185792349725
CJ McKay,3808,3139,123,346,2133,4.945903361344538,0.5601365546218487,0.03230042016806723
CJ Metcalfe,931,749,38,90,509,4.827067669172933,0.5467239527389903,0.04081632653061224
CJ Rocchiccioli,141,127,3,14,64,5.404255319148936,0.45390070921985815,0.02127659574468085
CJ Russell,111,118,2,12,52,6.378378378378378,0.46846846846846846,0.018018018018018018
CJ White,1321,1091,38,139,796,4.955336866010598,0.6025738077214232,0.028766086298258896
CJA Amini,2944,2570,94,232,1427,5.237771739130435,0.48471467391304346,0.03192934782608696
CJB McCullough,101,104,1,12,48,6.178217821782178,0.4752475247524752,0.009900990099009901
CJC Wright,2517,2207,62,265,1362,5.261025029797378,0.5411203814064363,0.02463249900675407
CJPF Kalugamage,992,950,44,93,479,5.745967741935484,0.48286290322580644,0.04435483870967742
CK Boycott,381,291,8,23,215,4.582677165354331,0.5643044619422573,0.02099737532808399
CK Holder,20,26,0,5,11,7.8,0.55,0.0
CK Hooper,138,132,4,21,84,5.739130434782608,0.6086956521739131,0.028985507246376812
CK Jasmat,415,460,16,49,188,6.650602409638553,0.4530120481927711,0.03855421686746988
CK Kapugedera,271,226,2,14,120,5.00369003690037,0.44280442804428044,0.007380073800738007
CK Langeveldt,3278,2896,103,332,1800,5.300793166564978,0.5491153142159854,0.03142159853569249
CK Tshuma,74,93,1,16,37,7.54054054054054,0.5,0.013513513513513514
CKB Kulasekara,116,109,2,10,46,5.637931034482759,0.39655172413793105,0.017241379310344827
CL Cairns,996,834,22,95,537,5.024096385542169,0.5391566265060241,0.02208835341365462
CL Fitzpatrick,62,31,2,1,38,3.0,0.6129032258064516,0.03225806451612903
CL Flintoff,134,121,1,11,67,5.417910447761194,0.5,0.007462686567164179
CL Hooper,202,166,3,13,93,4.930693069306931,0.4603960396039604,0.01485148514851485
CL McClure,452,439,11,58,271,5.827433628318585,0.5995575221238938,0.024336283185840708
CL Tryon,4322,3777,106,387,2156,5.243405830633965,0.4988431281813975,0.024525682554372975
CL White,363,384,13,26,146,6.347107438016529,0.4022038567493113,0.03581267217630854
CM Akachukwu,310,360,15,37,125,6.967741935483871,0.4032258064516129,0.04838709677419355
CM Barnard,540,492,15,54,244,5.466666666666667,0.45185185185185184,0.027777777777777776
CM Edwards,76,94,3,10,26,7.421052631578948,0.34210526315789475,0.039473684210526314
CM Gough,657,521,34,38,356,4.757990867579909,0.5418569254185692,0.0517503805175038
CM Greechan,465,283,30,19,258,3.6516129032258067,0.5548387096774193,0.06451612903225806
CM Madsen,85,137,2,18,33,9.670588235294119,0.38823529411764707,0.023529411764705882
CM Mbebe,25,27,0,5,14,6.4799999999999995,0.56,0.0
CM McBride,163,121,4,10,97,4.45398773006135,0.5950920245398773,0.024539877300613498
CM McCarthy,723,595,21,70,443,4.937759336099585,0.6127247579529738,0.029045643153526972
CM Scott,8,6,0,0,5,4.5,0.625,0.0
CM Taylor,1137,692,38,54,680,3.6517150395778364,0.5980650835532102,0.03342128408091469
CM Wright,348,279,12,33,207,4.810344827586207,0.5948275862068966,0.034482758620689655
CMKK Wijerathne,88,65,0,8,60,4.431818181818182,0.6818181818181818,0.0
CN Ackermann,1863,1694,51,161,843,5.455716586151369,0.4524959742351047,0.027375201288244767
CN Greaves,1133,1189,56,114,438,6.296557811120918,0.38658428949691087,0.04942630185348632
CN Miles,2286,2362,60,276,1084,6.199475065616798,0.4741907261592301,0.026246719160104987
CN Nation,55,54,3,6,23,5.8909090909090915,0.41818181818181815,0.05454545454545454
CN Onwuzulike,348,242,10,24,228,4.172413793103448,0.6551724137931034,0.028735632183908046
CN Phillips,255,215,3,26,162,5.0588235294117645,0.6352941176470588,0.011764705882352941
CN Whyte,33,21,0,1,24,3.8181818181818183,0.7272727272727273,0.0
CNIM Joyce,19,31,0,5,6,9.789473684210527,0.3157894736842105,0.0
CO Obuya,1858,1620,66,138,892,5.231431646932185,0.48008611410118407,0.03552206673842842
CP Jack,24,21,0,1,10,5.25,0.4166666666666667,0.0
CP Rizwan,61,51,1,7,37,5.0163934426229515,0.6065573770491803,0.01639344262295082
CP Schofield,78,92,4,10,26,7.076923076923077,0.3333333333333333,0.05128205128205128
CP Tremain,481,470,14,66,255,5.862785862785862,0.5301455301455301,0.029106029106029108
CP Wood,1230,1064,29,108,654,5.190243902439025,0.5317073170731708,0.023577235772357725
CPPM Sadun,281,307,11,23,106,6.555160142348754,0.37722419928825623,0.03914590747330961
CR Amini,132,177,6,18,44,8.045454545454545,0.3333333333333333,0.045454545454545456
CR Brathwaite,2448,2659,76,286,1027,6.517156862745098,0.4195261437908497,0.03104575163398693
CR Foggo,7,8,0,0,2,6.857142857142857,0.2857142857142857,0.0
CR Hemphrey,12,20,0,3,4,10.0,0.3333333333333333,0.0
CR Knott,816,648,26,53,398,4.764705882352941,0.4877450980392157,0.031862745098039214
CR Kumarage,27,13,2,1,17,2.888888888888889,0.6296296296296297,0.07407407407407407
CR Marshall,114,114,0,12,46,6.0,0.40350877192982454,0.0
CR Pagydyala,34,20,6,0,15,3.5294117647058822,0.4411764705882353,0.17647058823529413
CR Seneviratna,975,701,55,70,554,4.313846153846153,0.5682051282051283,0.05641025641025641
CR Smith,81,70,1,6,42,5.185185185185185,0.5185185185185185,0.012345679012345678
CR Suryawanshi,435,329,14,42,280,4.537931034482758,0.6436781609195402,0.03218390804597701
CR Woakes,6950,6532,232,821,3628,5.639136690647482,0.5220143884892087,0.03338129496402878
CRD Fernando,4506,3960,135,432,2528,5.272969374167777,0.5610297381269419,0.02996005326231691
CS Delport,262,285,6,37,116,6.526717557251909,0.44274809160305345,0.022900763358778626
CS Fraser,896,898,30,111,488,6.013392857142857,0.5446428571428571,0.033482142857142856
CS MacLeod,969,866,11,84,514,5.362229102167182,0.5304437564499485,0.011351909184726523
CS Martin,659,613,15,83,371,5.581183611532626,0.5629742033383915,0.02276176024279211
CS Mugeri,118,102,5,6,44,5.186440677966101,0.3728813559322034,0.0423728813559322
CS Nascimento,351,271,23,18,175,4.632478632478633,0.4985754985754986,0.06552706552706553
CS Sandri,923,778,38,71,460,5.057421451787649,0.49837486457204766,0.041170097508125676
CS Terblanche,81,35,1,4,62,2.5925925925925926,0.7654320987654321,0.012345679012345678
CT Mumba,416,522,13,80,202,7.528846153846154,0.4855769230769231,0.03125
CT Mutombodzi,422,442,12,43,174,6.28436018957346,0.41232227488151657,0.02843601895734597
CT Sandaruwan,56,61,0,7,27,6.535714285714286,0.48214285714285715,0.0
CT Steel,1489,1455,45,160,658,5.862995298858294,0.4419073203492277,0.03022162525184688
CT Tremlett,901,824,18,93,487,5.487236403995561,0.5405105438401776,0.01997780244173141
CV Fernandes Torres,17,11,1,1,14,3.8823529411764706,0.8235294117647058,0.058823529411764705
CV Harrison,109,163,5,20,43,8.972477064220183,0.3944954128440367,0.045871559633027525
CV Varun,1223,1426,85,150,442,6.99591169255928,0.36140637775960754,0.06950122649223221
CW Coombe,236,223,8,27,115,5.669491525423728,0.4872881355932203,0.03389830508474576
CW Jones,44,29,1,1,24,3.9545454545454546,0.5454545454545454,0.022727272727272728
CW Perchard,2772,2199,128,198,1480,4.759740259740259,0.5339105339105339,0.046176046176046176
CZ Harris,602,404,10,37,354,4.026578073089701,0.5880398671096345,0.016611295681063124
Cai Yuzhi,209,184,18,17,98,5.282296650717703,0.4688995215311005,0.0861244019138756
Callum Taylor,111,93,4,5,44,5.027027027027027,0.3963963963963964,0.036036036036036036
Camila Valdes,54,106,2,14,9,11.777777777777779,0.16666666666666666,0.037037037037037035
Chado Om,52,53,4,4,18,6.115384615384616,0.34615384615384615,0.07692307692307693
Chamath Wickramasingha,49,38,2,2,21,4.653061224489797,0.42857142857142855,0.04081632653061224
Chan Ka Man,1406,1027,73,87,726,4.382645803698435,0.5163584637268848,0.051920341394025606
Chan Sau Har,209,161,16,11,88,4.62200956937799,0.42105263157894735,0.07655502392344497
Charanjeet Singh,237,187,8,14,121,4.734177215189874,0.510548523206751,0.03375527426160337
Chare Smith,281,295,12,33,155,6.2989323843416365,0.5516014234875445,0.042704626334519574
Chaudhary Akram,86,107,7,12,22,7.465116279069767,0.2558139534883721,0.08139534883720931
Chaya Mughal,1013,750,42,71,599,4.4422507403751235,0.5913129318854886,0.04146100691016782
Chayanisa Phengpaen,58,52,3,6,30,5.379310344827586,0.5172413793103449,0.05172413793103448
Chen Jinfeng,11,26,0,5,3,14.181818181818182,0.2727272727272727,0.0
Chen Xinyu,23,21,0,2,15,5.478260869565217,0.6521739130434783,0.0
Chen Zhuo Yue,177,211,6,27,78,7.1525423728813555,0.4406779661016949,0.03389830508474576
Chinyenum George,26,28,2,3,10,6.461538461538462,0.38461538461538464,0.07692307692307693
Christina Baret,17,21,0,1,6,7.411764705882352,0.35294117647058826,0.0
Codi Yusuf,365,424,5,57,185,6.96986301369863,0.5068493150684932,0.0136986301369863
Constanza Oyarce,65,152,0,16,17,14.03076923076923,0.26153846153846155,0.0
Constanza Vergara,12,30,0,5,5,15.0,0.4166666666666667,0.0
Cynthia Konadu,25,31,1,3,9,7.4399999999999995,0.36,0.04
D Abeyrathna,328,380,22,38,124,6.951219512195122,0.3780487804878049,0.06707317073170732
D Ahir,89,118,3,11,26,7.955056179775281,0.29213483146067415,0.033707865168539325
D Ajekun,74,89,4,8,24,7.216216216216216,0.32432432432432434,0.05405405405405406
D Ashen,97,49,4,3,57,3.0309278350515463,0.5876288659793815,0.041237113402061855
D Benoit,78,91,4,5,33,7.0,0.4230769230769231,0.05128205128205128
D Bhaskara,56,76,1,7,24,8.142857142857142,0.42857142857142855,0.017857142857142856
D Birrell,544,550,28,73,300,6.066176470588235,0.5514705882352942,0.051470588235294115
D Bishoo,2180,1812,46,155,1054,4.987155963302753,0.4834862385321101,0.02110091743119266
D Bourne,36,37,1,3,21,6.166666666666667,0.5833333333333334,0.027777777777777776
D Brevis,24,28,0,3,9,7.0,0.375,0.0
D Brown,2054,1835,65,216,1195,5.360272638753652,0.5817916260954236,0.03164556962025317
D Busingye,20,19,1,1,6,5.7,0.3,0.05
D Claxton,20,15,0,1,19,4.5,0.95,0.0
D Crawford,143,92,5,8,93,3.8601398601398604,0.6503496503496503,0.03496503496503497
D Daesrath,18,22,0,1,6,7.333333333333333,0.3333333333333333,0.0
D Dawa,104,119,7,13,41,6.865384615384616,0.3942307692307692,0.0673076923076923
D Desandri,90,92,3,8,42,6.133333333333334,0.4666666666666667,0.03333333333333333
D Devnarain,121,127,1,15,59,6.297520661157025,0.48760330578512395,0.008264462809917356
D Dewald,178,192,9,18,67,6.47191011235955,0.37640449438202245,0.05056179775280899
D Dhingra,65,79,0,9,34,7.292307692307692,0.5230769230769231,0.0
D Dlamini,62,74,1,8,26,7.161290322580645,0.41935483870967744,0.016129032258064516
D Dorji,19,23,1,3,6,7.2631578947368425,0.3157894736842105,0.05263157894736842
D Doyle-Calle,25,20,2,1,17,4.8,0.68,0.08
D Duraisingam,240,205,15,19,123,5.125,0.5125,0.0625
D Dzimau,44,33,2,3,26,4.5,0.5909090909090909,0.045454545454545456
D Elgar,152,143,3,11,66,5.644736842105264,0.4342105263157895,0.019736842105263157
D Ferreira,252,269,4,30,111,6.404761904761905,0.44047619047619047,0.015873015873015872
D Finau,87,138,5,20,29,9.517241379310345,0.3333333333333333,0.05747126436781609
D Foerster,421,302,21,19,235,4.304038004750594,0.5581947743467933,0.0498812351543943
D Forrester,24,46,0,8,10,11.5,0.4166666666666667,0.0
D Gamage,70,59,1,4,39,5.057142857142858,0.5571428571428572,0.014285714285714285
D Ganesh,189,190,10,15,89,6.031746031746032,0.4708994708994709,0.05291005291005291
D Gim,48,78,4,7,8,9.75,0.16666666666666666,0.08333333333333333
D Golechha,228,116,8,7,168,3.0526315789473686,0.7368421052631579,0.03508771929824561
D Goonewardena,120,115,3,14,65,5.75,0.5416666666666666,0.025
D Gough,2047,1555,62,164,1272,4.557889594528578,0.6213971665852467,0.030288226673180263
D Gregory,2442,1984,71,164,1175,4.874692874692875,0.4811629811629812,0.029074529074529076
D Hazell,2519,1967,92,178,1246,4.685192536720921,0.4946407304485907,0.03652242953552997
D Hemalatha,343,325,15,37,153,5.685131195335277,0.446064139941691,0.043731778425655975
D Hemananda,337,285,7,37,207,5.074183976261128,0.6142433234421365,0.020771513353115726
D Heyliger,2983,2841,116,321,1618,5.714381495139121,0.542406972846128,0.038887026483405966
D Ibrahim,745,623,13,60,391,5.01744966442953,0.5248322147651007,0.0174496644295302
D Igihozo,25,11,1,1,17,2.6399999999999997,0.68,0.04
D Induwara,56,44,3,3,21,4.714285714285714,0.375,0.05357142857142857
D Jakiel,604,705,39,89,284,7.003311258278146,0.47019867549668876,0.06456953642384106
D Jamyansuren,27,60,1,8,4,13.333333333333334,0.14814814814814814,0.037037037037037035
D Jansen,104,119,3,12,38,6.865384615384616,0.36538461538461536,0.028846153846153848
D Johnson,354,463,20,57,135,7.8474576271186445,0.3813559322033898,0.05649717514124294
D Joseph,202,174,5,24,133,5.1683168316831685,0.6584158415841584,0.024752475247524754
D Kalupahana,115,107,1,8,53,5.582608695652174,0.4608695652173913,0.008695652173913044
D Kalvin,88,133,3,17,32,9.068181818181818,0.36363636363636365,0.03409090909090909
D Kansonkho,141,183,8,26,61,7.787234042553192,0.4326241134751773,0.05673758865248227
D Kappagoda,276,178,8,15,158,3.869565217391304,0.572463768115942,0.028985507246376812
D Kegasitswe,79,156,3,22,25,11.848101265822786,0.31645569620253167,0.0379746835443038
D Khanal,18,20,0,4,10,6.666666666666667,0.5555555555555556,0.0
D Klein,1627,1579,58,186,860,5.82298709280885,0.5285802089735709,0.03564843269821758
D Koralalage,400,220,26,5,289,3.3,0.7225,0.065
D Lakshan,258,195,5,20,161,4.534883720930233,0.624031007751938,0.01937984496124031
D Langford-Smith,489,362,10,40,313,4.441717791411043,0.6400817995910021,0.02044989775051125
D Lohia,363,309,21,27,174,5.107438016528926,0.4793388429752066,0.05785123966942149
D Lues,61,46,0,4,39,4.524590163934427,0.639344262295082,0.0
D Madushanka,1640,1766,78,237,828,6.460975609756098,0.5048780487804878,0.0475609756097561
D Maisuria,904,808,80,82,441,5.3628318584070795,0.48783185840707965,0.08849557522123894
D Manchanayake,43,35,0,4,22,4.883720930232558,0.5116279069767442,0.0
D Marks,390,549,19,66,146,8.446153846153846,0.37435897435897436,0.04871794871794872
D Massil,21,18,0,2,13,5.142857142857143,0.6190476190476191,0.0
D Medagoda,198,156,8,10,131,4.7272727272727275,0.6616161616161617,0.04040404040404041
D Mee,69,43,4,4,39,3.739130434782609,0.5652173913043478,0.057971014492753624
D Mogan,317,302,9,34,173,5.71608832807571,0.5457413249211357,0.028391167192429023
D Mohammed,236,171,10,11,123,4.347457627118644,0.5211864406779662,0.0423728813559322
D Mongia,509,424,13,36,253,4.998035363457761,0.49705304518664045,0.025540275049115914
D Moriarty,1561,1328,41,125,754,5.104420243433696,0.48302370275464446,0.02626521460602178
D Muhumuza,625,582,19,49,292,5.5872,0.4672,0.0304
D Mullen,127,154,7,18,53,7.275590551181102,0.41732283464566927,0.05511811023622047
D Murphy,146,123,5,7,91,5.054794520547945,0.6232876712328768,0.03424657534246575
D Myers,65,126,0,19,18,11.63076923076923,0.27692307692307694,0.0
D Nanayakkara,258,284,11,22,92,6.604651162790698,0.35658914728682173,0.04263565891472868
D Nanda,62,33,5,1,43,3.193548387096774,0.6935483870967742,0.08064516129032258
D Nell,46,42,1,6,28,5.478260869565217,0.6086956521739131,0.021739130434782608
D Nikolov,54,90,1,12,17,10.0,0.3148148148148148,0.018518518518518517
D Nipunajith,36,25,2,3,20,4.166666666666667,0.5555555555555556,0.05555555555555555
D Njoroge,42,59,0,8,15,8.428571428571429,0.35714285714285715,0.0
D O'Sullivan,223,202,8,31,132,5.434977578475337,0.5919282511210763,0.03587443946188341
D Olivier,734,713,19,89,370,5.8283378746594,0.5040871934604905,0.025885558583106268
D Panda,217,260,18,26,75,7.1889400921658995,0.3456221198156682,0.08294930875576037
D Parashar,1124,1032,41,99,529,5.5088967971530245,0.4706405693950178,0.036476868327402136
D Paterson,1290,1397,47,174,607,6.497674418604651,0.47054263565891474,0.03643410852713178
D Pathmanathan,12,6,1,0,6,3.0,0.5,0.08333333333333333
D Pavelic,55,41,4,1,31,4.472727272727273,0.5636363636363636,0.07272727272727272
D Pearce,9,8,0,0,5,5.333333333333333,0.5555555555555556,0.0
D Penrhyn Jones,69,110,2,15,25,9.565217391304348,0.36231884057971014,0.028985507246376812
D Perrin,65,67,3,8,31,6.184615384615384,0.47692307692307695,0.046153846153846156
D Polpitiya,67,96,4,12,24,8.597014925373134,0.3582089552238806,0.05970149253731343
D Pretorius,1681,1662,73,185,732,5.932183224271267,0.43545508625817964,0.04342653182629387
D Ramani,144,183,7,23,66,7.625,0.4583333333333333,0.04861111111111111
D Ranatunga,265,207,10,27,169,4.686792452830189,0.6377358490566037,0.03773584905660377
D Ravu,1416,1354,47,152,745,5.737288135593221,0.5261299435028248,0.033192090395480225
D Rawat,144,170,9,16,52,7.083333333333333,0.3611111111111111,0.0625
D Robson,324,320,21,35,157,5.925925925925926,0.4845679012345679,0.06481481481481481
D Ruyange,36,27,0,5,25,4.5,0.6944444444444444,0.0
D Ruynekova,176,172,7,11,99,5.863636363636364,0.5625,0.03977272727272727
D Sabir,356,354,28,35,129,5.966292134831461,0.36235955056179775,0.07865168539325842
D Samaraweera,91,85,2,11,47,5.604395604395605,0.5164835164835165,0.02197802197802198
D Samarawickrama,19,37,1,6,7,11.68421052631579,0.3684210526315789,0.05263157894736842
D Samuditha,260,251,11,28,125,5.792307692307692,0.4807692307692308,0.04230769230769231
D Saxena,116,103,7,10,60,5.3275862068965525,0.5172413793103449,0.0603448275862069
D Scanlon,339,299,10,39,206,5.292035398230088,0.6076696165191741,0.029498525073746312
D Shabbir,38,29,3,4,23,4.578947368421053,0.6052631578947368,0.07894736842105263
D Siva Kumar,12,11,0,1,4,5.5,0.3333333333333333,0.0
D Soraine,174,143,5,15,101,4.931034482758621,0.5804597701149425,0.028735632183908046
D St Ange,66,68,3,8,27,6.181818181818182,0.4090909090909091,0.045454545454545456
D Staddon,23,18,1,1,15,4.695652173913043,0.6521739130434783,0.043478260869565216
D Sutherland,28,63,1,8,9,13.5,0.32142857142857145,0.03571428571428571
D Suzuki,533,605,32,68,223,6.810506566604128,0.41838649155722324,0.0600375234521576
D Svilicic,74,142,2,16,23,11.513513513513512,0.3108108108108108,0.02702702702702703
D Talbot,48,42,1,8,34,5.25,0.7083333333333334,0.020833333333333332
D Tanase,70,57,4,0,45,4.885714285714286,0.6428571428571429,0.05714285714285714
D Tekyildirim,105,80,12,3,62,4.571428571428571,0.5904761904761905,0.11428571428571428
D Tennakoon,314,242,10,27,172,4.62420382165605,0.5477707006369427,0.03184713375796178
D Tucker,476,447,9,47,223,5.6344537815126055,0.4684873949579832,0.018907563025210083
D Unhale,176,124,6,11,108,4.2272727272727275,0.6136363636363636,0.03409090909090909
D Uwizeye,15,6,1,0,11,2.4,0.7333333333333333,0.06666666666666667
D Vihanga,449,352,14,32,221,4.703786191536748,0.4922048997772829,0.031180400890868598
D Visser,281,354,19,36,87,7.558718861209964,0.3096085409252669,0.06761565836298933
D Vora,13,23,0,2,5,10.615384615384617,0.38461538461538464,0.0
D Wabwire,136,157,8,22,71,6.9264705882352935,0.5220588235294118,0.058823529411764705
D Wangmo,238,197,14,13,108,4.966386554621849,0.453781512605042,0.058823529411764705
D Wheatley,15,34,0,4,6,13.6,0.4,0.0
D Wiese,2997,3082,119,353,1359,6.17017017017017,0.45345345345345345,0.03970637303970637
D Wotu,382,439,16,45,157,6.895287958115183,0.4109947643979058,0.041884816753926704
D Wulandari,139,87,4,4,88,3.755395683453237,0.6330935251798561,0.02877697841726619
D la Cock,24,27,0,3,8,6.75,0.3333333333333333,0.0
D van Niekerk,3741,2551,131,202,2019,4.091419406575782,0.5396952686447474,0.035017375033413525
DA Blignaut,297,345,23,34,114,6.96969696969697,0.3838383838383838,0.07744107744107744
DA Cosker,738,648,22,63,345,5.2682926829268295,0.46747967479674796,0.02981029810298103
DA Douthwaite,1132,1139,35,141,578,6.0371024734982335,0.5106007067137809,0.030918727915194347
DA Galia,24,8,0,0,23,2.0,0.9583333333333334,0.0
DA Griffiths,313,280,8,30,156,5.36741214057508,0.4984025559105431,0.025559105431309903
DA Marage,236,195,5,15,114,4.9576271186440675,0.4830508474576271,0.0211864406779661
DA Marillier,369,269,7,18,185,4.373983739837398,0.5013550135501355,0.018970189701897018
DA Payne,1588,1426,55,162,828,5.387909319899244,0.5214105793450882,0.034634760705289674
DA Randika,31,8,3,0,22,1.5483870967741935,0.7096774193548387,0.0967741935483871
DA Warner,6,8,0,1,2,8.0,0.3333333333333333,0.0
DAJ Bracewell,1360,1330,50,171,709,5.86764705882353,0.5213235294117647,0.03676470588235294
DAL Paramitha,336,222,17,19,220,3.9642857142857144,0.6547619047619048,0.050595238095238096
DAM Louis,333,389,21,37,105,7.009009009009009,0.3153153153153153,0.06306306306306306
DAS Gunaratne,998,941,30,75,382,5.657314629258517,0.38276553106212424,0.03006012024048096
DB Kotze,285,258,2,18,125,5.431578947368421,0.43859649122807015,0.007017543859649123
DB Lakhani,7,13,0,1,2,11.142857142857142,0.2857142857142857,0.0
DB Loic,245,229,12,23,140,5.608163265306122,0.5714285714285714,0.04897959183673469
DB Sharma,8615,7290,339,751,4160,5.077190946024376,0.4828786999419617,0.03934997098084736
DBL Powell,2246,1818,53,224,1400,4.8566340160284955,0.6233303650934996,0.023597506678539625
DC Delany,968,998,29,132,500,6.18595041322314,0.5165289256198347,0.029958677685950414
DC Drakes,326,379,8,44,156,6.975460122699386,0.4785276073619632,0.024539877300613498
DC Goodman,405,392,12,39,190,5.807407407407408,0.4691358024691358,0.02962962962962963
DC Kelly,673,633,21,67,334,5.643387815750371,0.4962852897473997,0.031203566121842496
DC Smith,625,708,30,62,261,6.796799999999999,0.4176,0.048
DC Stovell,1124,986,47,99,568,5.263345195729537,0.505338078291815,0.04181494661921708
DC Thomas,9,11,2,2,4,7.333333333333333,0.4444444444444444,0.2222222222222222
DCC Borden,82,95,3,7,29,6.951219512195122,0.35365853658536583,0.036585365853658534
DD Ebrahim,2,5,0,1,0,15.0,0.0,0.0
DD Masters,1281,870,28,90,759,4.074941451990632,0.5925058548009368,0.02185792349726776
DD de Soysa,48,29,0,1,25,3.625,0.5208333333333334,0.0
DDP D'Silva,194,121,6,12,126,3.742268041237113,0.6494845360824743,0.030927835051546393
DE Bernard,600,505,11,48,328,5.05,0.5466666666666666,0.018333333333333333
DE Bollinger,2601,2167,91,251,1477,4.9988465974625145,0.5678585159554018,0.03498654363706267
DE Budge,161,134,2,10,79,4.9937888198757765,0.4906832298136646,0.012422360248447204
DE Burgess,255,292,12,33,121,6.870588235294117,0.4745098039215686,0.047058823529411764
DE Martel,74,67,2,6,33,5.4324324324324325,0.44594594594594594,0.02702702702702703
DE Roache,21,23,3,2,10,6.571428571428571,0.47619047619047616,0.14285714285714285
DEM Carter,862,719,31,78,457,5.004640371229699,0.5301624129930395,0.03596287703016241
DF Jacobs,141,117,11,15,81,4.9787234042553195,0.574468085106383,0.07801418439716312
DG Blampied,863,937,43,93,324,6.514484356894553,0.37543453070683663,0.04982618771726535
DG Crowley,892,668,21,65,487,4.493273542600897,0.5459641255605381,0.023542600896860985
DG Weakley,305,361,16,48,152,7.101639344262295,0.49836065573770494,0.05245901639344262
DGAPD Wiswi,145,145,12,12,61,6.0,0.4206896551724138,0.08275862068965517
DGD Maduwantha,18,29,1,5,7,9.666666666666666,0.3888888888888889,0.05555555555555555
DI Allan,91,96,2,11,42,6.32967032967033,0.46153846153846156,0.02197802197802198
DI Dusabemungu,6,7,0,1,2,7.0,0.3333333333333333,0.0
DI Stevens,2639,2079,50,203,1403,4.726790450928382,0.5316407730200834,0.018946570670708603
DJ Ahmed,117,101,4,9,56,5.17948717948718,0.47863247863247865,0.03418803418803419
DJ Bell-Drummond,158,129,5,11,79,4.89873417721519,0.5,0.03164556962025317
DJ Bravo,7603,7379,286,705,3412,5.82322767328686,0.4487702222806787,0.037616730238063924
DJ Cullen,207,137,2,10,119,3.971014492753623,0.5748792270531401,0.00966183574879227
DJ Gibb,199,174,6,21,124,5.2462311557788945,0.6231155778894473,0.03015075376884422
DJ Hawke,38,61,2,7,10,9.631578947368421,0.2631578947368421,0.05263157894736842
DJ Hawoe,1645,1844,84,207,756,6.725835866261398,0.4595744680851064,0.05106382978723404
DJ Hooda,244,196,9,15,112,4.8196721311475414,0.45901639344262296,0.036885245901639344
DJ Hussey,1161,1100,40,76,447,5.684754521963824,0.3850129198966408,0.034453057708871665
DJ Lamb,1624,1548,46,167,751,5.719211822660098,0.4624384236453202,0.02832512315270936
DJ Leech,601,648,14,90,308,6.469217970049916,0.5124792013311148,0.02329450915141431
DJ Malan,542,543,15,48,197,6.011070110701107,0.3634686346863469,0.027675276752767528
DJ Mitchell,472,537,23,60,186,6.826271186440677,0.3940677966101695,0.048728813559322036
DJ Mokoatsela,20,23,0,1,12,6.8999999999999995,0.6,0.0
DJ O'Halloran,245,167,8,13,145,4.089795918367347,0.5918367346938775,0.0326530612244898
DJ Redfern,145,125,4,12,64,5.172413793103448,0.4413793103448276,0.027586206896551724
DJ Reekers,143,133,3,19,89,5.580419580419581,0.6223776223776224,0.02097902097902098
DJ Turkich,182,139,11,9,93,4.582417582417583,0.510989010989011,0.06043956043956044
DJ Wainwright,333,269,10,17,141,4.846846846846847,0.42342342342342343,0.03003003003003003
DJ Wakefield,12,18,0,2,6,9.0,0.5,0.0
DJ Willey,5451,5384,203,655,2755,5.926252063841497,0.5054118510365071,0.03724087323426894
DJ Worrall,975,933,26,123,514,5.741538461538462,0.5271794871794871,0.02666666666666667
DJG Sammy,5810,4960,137,454,2806,5.122203098106712,0.482960413080895,0.023580034423407916
DJM Moody,118,125,0,11,55,6.3559322033898304,0.4661016949152542,0.0
DJM Short,802,893,20,89,299,6.6807980049875315,0.37281795511221943,0.02493765586034913
DJS Dottin,2900,2747,129,305,1518,5.6834482758620695,0.523448275862069,0.04448275862068966
DK Anefie,366,357,15,36,180,5.852459016393443,0.4918032786885246,0.040983606557377046
DK Arinaitwe,843,638,22,56,473,4.540925266903915,0.561091340450771,0.02609727164887307
DK Butler,226,185,2,20,136,4.911504424778761,0.6017699115044248,0.008849557522123894
DK Dahyabhai Ahir,132,113,10,10,61,5.136363636363637,0.4621212121212121,0.07575757575757576
DK Mathias,89,116,2,13,31,7.820224719101123,0.34831460674157305,0.02247191011235955
DK Pallekonda,123,204,6,26,38,9.951219512195122,0.3089430894308943,0.04878048780487805
DK Shetty,421,432,24,50,214,6.156769596199524,0.5083135391923991,0.057007125890736345
DK Subba,134,78,5,7,96,3.492537313432836,0.7164179104477612,0.03731343283582089
DKAL Perera,6,10,0,2,2,10.0,0.3333333333333333,0.0
DKD Warnakulasuriya,314,313,18,32,144,5.980891719745222,0.4585987261146497,0.05732484076433121
DKH Mitchell,1129,1002,29,84,464,5.325066430469442,0.41098317094774134,0.025686448184233834
DKJ Claude,9,28,0,4,1,18.666666666666668,0.1111111111111111,0.0
DL Blake,6,8,0,1,2,8.0,0.3333333333333333,0.0
DL Brangman,760,735,55,76,345,5.802631578947368,0.45394736842105265,0.07236842105263158
DL Chahar,1039,1187,48,158,489,6.854667949951877,0.4706448508180943,0.04619826756496631
DL Collins,89,81,4,5,42,5.46067415730337,0.47191011235955055,0.0449438202247191
DL Graham,257,251,11,20,126,5.8599221789883265,0.490272373540856,0.042801556420233464
DL Hemp,63,73,0,7,29,6.9523809523809526,0.4603174603174603,0.0
DL Lloyd,910,894,22,107,418,5.894505494505495,0.4593406593406593,0.024175824175824177
DL Maddy,18,27,3,4,4,9.0,0.2222222222222222,0.16666666666666666
DL Vettori,8805,6107,248,433,4638,4.161499148211243,0.5267461669505963,0.028165814877910277
DLS van Bunge,180,214,7,25,74,7.133333333333334,0.4111111111111111,0.03888888888888889
DM Bess,1471,1401,33,146,655,5.714479945615228,0.4452753229095853,0.022433718558803536
DM Braat,295,217,11,18,178,4.4135593220338984,0.6033898305084746,0.03728813559322034
DM Dupavillon,246,243,7,30,116,5.926829268292683,0.4715447154471545,0.028455284552845527
DM Gondaria,648,587,19,53,319,5.435185185185185,0.49228395061728397,0.029320987654320986
DM Hogg,55,32,1,4,38,3.490909090909091,0.6909090909090909,0.01818181818181818
DM Jayalath,42,25,4,0,18,3.5714285714285716,0.42857142857142855,0.09523809523809523
DM Kavinisseri,23,21,0,2,15,5.478260869565217,0.6521739130434783,0.0
DM Kimmince,998,1029,56,99,375,6.186372745490981,0.375751503006012,0.056112224448897796
DM Lord,224,235,6,31,131,6.294642857142857,0.5848214285714286,0.026785714285714284
DM Nakrani,2513,2174,132,219,1258,5.190608834062873,0.5005968961400716,0.05252686032630322
DM de Silva,2639,2313,73,197,1137,5.258810155361879,0.4308450170519136,0.027661993179234557
DMK Grant,36,34,1,5,19,5.666666666666667,0.5277777777777778,0.027777777777777776
DMML Disanayaka,6,3,0,0,3,3.0,0.5,0.0
DMW Rawlins,1599,1396,55,132,800,5.238273921200751,0.5003126954346466,0.03439649781113196
DN Pathirana,6,8,0,1,3,8.0,0.5,0.0
DN Wellalage,1894,1683,57,167,889,5.331573389651531,0.469376979936642,0.03009503695881732
DN Wyatt,1210,1018,49,79,549,5.047933884297521,0.4537190082644628,0.04049586776859504
DNA Ankrah,308,195,15,17,209,3.7987012987012987,0.6785714285714286,0.048701298701298704
DNT Zoysa,795,607,24,71,513,4.581132075471698,0.6452830188679245,0.03018867924528302
DO Leicher,151,195,4,24,62,7.748344370860927,0.4105960264900662,0.026490066225165563
DP David,42,35,1,2,15,5.0,0.35714285714285715,0.023809523809523808
DP Hernandez,13,13,0,1,10,6.0,0.7692307692307693,0.0
DP Hyatt,25,25,0,3,15,6.0,0.6,0.0
DP Michael,112,178,10,26,40,9.535714285714285,0.35714285714285715,0.08928571428571429
DP Nannes,379,467,30,62,154,7.3931398416886545,0.40633245382585753,0.079155672823219
DP Sibley,58,62,1,6,23,6.413793103448277,0.39655172413793105,0.017241379310344827
DP Vaidya,537,440,26,41,263,4.916201117318436,0.4897579143389199,0.048417132216014895
DPMD Jayawardene,78,71,2,5,37,5.461538461538462,0.47435897435897434,0.02564102564102564
DPS Sooriyabandara,109,71,3,4,61,3.9082568807339446,0.5596330275229358,0.027522935779816515
DPS Tyagi,194,232,11,29,93,7.175257731958762,0.4793814432989691,0.05670103092783505
DR Briggs,2039,1893,51,173,883,5.570377636096126,0.43305541932319763,0.02501226091221187
DR Brown,167,208,3,26,70,7.473053892215569,0.41916167664670656,0.017964071856287425
DR Drew,56,54,0,3,15,5.785714285714286,0.26785714285714285,0.0
DR Flynn,24,26,0,3,10,6.5,0.4166666666666667,0.0
DR Gibson,1160,1090,35,143,655,5.637931034482758,0.5646551724137931,0.03017241379310345
DR Hooper,947,828,40,79,458,5.246040126715945,0.4836325237592397,0.042238648363252376
DR Martyn,90,78,1,5,32,5.2,0.35555555555555557,0.011111111111111112
DR Mousley,122,157,3,20,53,7.721311475409837,0.4344262295081967,0.02459016393442623
DR Sams,630,748,19,98,292,7.123809523809523,0.4634920634920635,0.03015873015873016
DR Smith,2408,2102,61,210,1248,5.237541528239203,0.5182724252491694,0.025332225913621262
DR Tuffey,2030,1714,54,221,1248,5.066009852216749,0.6147783251231527,0.026600985221674877
DS Airee,3428,2747,129,238,1673,4.808051341890315,0.4880396732788798,0.03763127187864644
DS Bajwa,123,155,3,18,57,7.560975609756097,0.4634146341463415,0.024390243902439025
DS Gamage,40,36,2,2,25,5.3999999999999995,0.625,0.05
DS Gurung,148,83,3,7,109,3.364864864864865,0.7364864864864865,0.02027027027027027
DS Kulkarni,677,588,23,62,376,5.211225997045791,0.5553914327917282,0.033973412112259974
DS Lehmann,590,497,22,31,247,5.054237288135593,0.4186440677966102,0.03728813559322034
DS Smith,18,17,0,1,6,5.666666666666667,0.3333333333333333,0.0
DS Thilakaratne,668,447,35,40,373,4.014970059880239,0.5583832335329342,0.05239520958083832
DS Vlachopoulou,23,9,2,1,18,2.3478260869565215,0.782608695652174,0.08695652173913043
DS Weerakkody,129,113,4,10,62,5.255813953488372,0.4806201550387597,0.031007751937984496
DS Wesonga,54,55,1,9,34,6.111111111111111,0.6296296296296297,0.018518518518518517
DSA Wijesinghe,30,14,3,1,17,2.8,0.5666666666666667,0.1
DSF Arsakulasuriya,204,194,11,25,105,5.705882352941177,0.5147058823529411,0.05392156862745098
DSK Madushanka,74,90,5,12,38,7.297297297297297,0.5135135135135135,0.06756756756756757
DT Christian,1392,1376,52,129,585,5.931034482758621,0.4202586206896552,0.03735632183908046
DT Doram,300,392,15,44,98,7.84,0.32666666666666666,0.05
DT Hondo,1393,1186,32,137,804,5.108399138549893,0.5771715721464465,0.02297200287150036
DT Johnston,2091,1704,67,180,1183,4.889526542324247,0.5657580105212817,0.03204208512673362
DT Tiripano,1607,1633,43,186,762,6.09707529558183,0.4741754822650902,0.026757934038581208
DT Wijesinghe,42,41,3,4,19,5.857142857142857,0.4523809523809524,0.07142857142857142
DV Devjani Mutreja,93,96,5,11,51,6.193548387096774,0.5483870967741935,0.053763440860215055
DV Macome,114,138,8,18,50,7.2631578947368425,0.43859649122807015,0.07017543859649122
DV Varghese,306,456,12,57,125,8.941176470588236,0.4084967320261438,0.0392156862745098
DVD Madampage,142,197,7,27,64,8.32394366197183,0.4507042253521127,0.04929577464788732
DW Lawrence,582,607,11,48,207,6.257731958762887,0.3556701030927835,0.018900343642611683
DW Steyn,7591,6585,283,782,4284,5.204847846133579,0.5643525227242787,0.0372809906468186
DY Pennington,939,915,28,114,476,5.84664536741214,0.5069222577209798,0.029818956336528223
Damini Ramesh,241,177,12,14,160,4.406639004149378,0.6639004149377593,0.04979253112033195
Danial Ahmed,366,272,17,24,209,4.459016393442623,0.5710382513661202,0.04644808743169399
Danish Aziz,48,56,2,6,16,7.0,0.3333333333333333,0.041666666666666664
Danish Jasnaik,72,121,2,13,17,10.083333333333334,0.2361111111111111,0.027777777777777776
Danish Kaneria,623,513,12,47,351,4.940609951845907,0.5634028892455859,0.019261637239165328
Danyal Raja,401,528,16,77,215,7.900249376558604,0.5361596009975063,0.0399002493765586
Davion Codner,45,63,2,7,13,8.4,0.28888888888888886,0.044444444444444446
Dawood Ahmadzai,833,872,49,103,363,6.280912364945978,0.43577430972388953,0.058823529411764705
Dayal Joy,44,63,1,7,20,8.590909090909092,0.45454545454545453,0.022727272727272728
Dayyaan Galiem,27,21,2,2,13,4.666666666666667,0.48148148148148145,0.07407407407407407
Dechen Zangmo,24,10,2,0,13,2.5,0.5416666666666666,0.08333333333333333
Delawar Khan,999,959,38,95,481,5.75975975975976,0.48148148148148145,0.03803803803803804
Deng Jinqi,51,67,2,8,18,7.882352941176471,0.35294117647058826,0.0392156862745098
Dhananjay Rao,147,157,8,22,73,6.408163265306122,0.4965986394557823,0.05442176870748299
Dharmendra Manani,23,26,2,2,11,6.782608695652174,0.4782608695652174,0.08695652173913043
Diana Baig,3812,3329,108,432,2166,5.2397691500524655,0.5682056663168941,0.02833158447009444
Divya Kandpal,12,16,0,0,1,8.0,0.08333333333333333,0.0
Dok Da Nit,67,60,4,3,36,5.373134328358209,0.5373134328358209,0.05970149253731343
Dolar Mahmud,223,259,8,40,114,6.968609865470852,0.5112107623318386,0.03587443946188341
E Anderson,886,849,25,104,523,5.749435665914222,0.590293453724605,0.028216704288939052
E Anyipo,577,475,23,61,353,4.9393414211438476,0.6117850953206239,0.03986135181975736
E Bakiweyem,7,5,1,0,4,4.285714285714286,0.5714285714285714,0.14285714285714285
E Barnes,589,573,16,61,285,5.837011884550084,0.4838709677419355,0.027164685908319185
E Batkhuyag,25,38,1,4,6,9.12,0.24,0.04
E Beukes,254,322,13,28,76,7.606299212598425,0.2992125984251969,0.051181102362204724
E Bisht,2390,1581,88,151,1367,3.9690376569037658,0.5719665271966528,0.03682008368200837
E Bosch,44,33,1,2,25,4.5,0.5681818181818182,0.022727272727272728
E Bourgaize,7,16,0,2,1,13.714285714285714,0.14285714285714285,0.0
E Chance,57,76,0,9,24,8.0,0.42105263157894735,0.0
E Chigumbura,3960,3869,102,434,2050,5.862121212121212,0.5176767676767676,0.025757575757575757
E Corney,153,117,2,8,88,4.588235294117647,0.5751633986928104,0.013071895424836602
E Duffy,206,189,12,19,106,5.504854368932039,0.5145631067961165,0.05825242718446602
E Eduard,37,31,3,4,18,5.027027027027027,0.4864864864864865,0.08108108108108109
E Ernest,116,94,4,9,63,4.862068965517242,0.5431034482758621,0.034482758620689655
E Frimpong,60,33,4,3,37,3.3,0.6166666666666667,0.06666666666666667
E Frosler,12,18,0,4,6,9.0,0.5,0.0
E Geach,60,53,0,6,35,5.3,0.5833333333333334,0.0
E Gouge,236,199,10,12,105,5.0593220338983045,0.4449152542372881,0.0423728813559322
E Gray,1931,1495,56,158,1130,4.645261522527188,0.585189021232522,0.02900051786639047
E Guehoada,307,244,16,17,149,4.768729641693811,0.48534201954397393,0.05211726384364821
E Isaneez,76,68,3,8,36,5.368421052631579,0.47368421052631576,0.039473684210526314
E Jabarkhel,202,252,7,32,94,7.485148514851486,0.46534653465346537,0.034653465346534656
E Jones,294,278,7,31,160,5.673469387755102,0.54421768707483,0.023809523809523808
E Kabwere,224,163,19,14,136,4.366071428571428,0.6071428571428571,0.08482142857142858
E Kahamker,91,122,2,14,37,8.043956043956044,0.4065934065934066,0.02197802197802198
E Kallous,160,160,8,9,68,6.0,0.425,0.05
E Kamara,494,407,25,36,271,4.943319838056681,0.548582995951417,0.05060728744939271
E Karimi,355,347,17,33,156,5.864788732394366,0.4394366197183099,0.04788732394366197
E Katchay,18,23,1,3,8,7.666666666666667,0.4444444444444444,0.05555555555555555
E Kobayashi,60,69,2,5,32,6.9,0.5333333333333333,0.03333333333333333
E Konasova,77,76,2,5,46,5.922077922077921,0.5974025974025974,0.025974025974025976
E Kubwimana,426,629,28,92,165,8.859154929577464,0.3873239436619718,0.06572769953051644
E Kuchey,67,98,0,12,25,8.776119402985076,0.373134328358209,0.0
E Kuncova,302,301,7,23,156,5.9801324503311255,0.5165562913907285,0.023178807947019868
E Kusuda-Nairn,233,198,10,16,132,5.098712446351931,0.5665236051502146,0.04291845493562232
E Kuyumcu,22,36,0,6,10,9.818181818181818,0.45454545454545453,0.0
E Leie,37,49,4,5,9,7.945945945945946,0.24324324324324326,0.10810810810810811
E MacGregor,176,165,6,20,87,5.625,0.4943181818181818,0.03409090909090909
E Malinga,677,773,24,93,328,6.850812407680945,0.4844903988183161,0.03545051698670606
E Mapisa,19,14,1,0,12,4.421052631578948,0.631578947368421,0.05263157894736842
E Marx,531,517,12,66,306,5.84180790960452,0.576271186440678,0.022598870056497175
E Masuku,30,32,1,6,16,6.4,0.5333333333333333,0.03333333333333333
E Mathew,360,469,21,58,132,7.816666666666666,0.36666666666666664,0.058333333333333334
E Mbofana,669,564,24,53,377,5.058295964125561,0.5635276532137519,0.03587443946188341
E Millington,19,32,0,3,6,10.105263157894738,0.3157894736842105,0.0
E Mmese,43,19,2,0,33,2.6511627906976742,0.7674418604651163,0.046511627906976744
E Moiane,28,16,2,1,19,3.4285714285714284,0.6785714285714286,0.07142857142857142
E Mulenga,30,47,0,6,12,9.4,0.4,0.0
E Ndubudem,145,127,8,12,68,5.255172413793103,0.4689655172413793,0.05517241379310345
E Niyomugabo,294,400,14,49,95,8.16326530612245,0.3231292517006803,0.047619047619047616
E Ochieng,401,453,17,61,199,6.778054862842893,0.49625935162094764,0.04239401496259352
E Ofem,22,10,0,0,16,2.7272727272727275,0.7272727272727273,0.0
E Otieno,1982,1950,80,256,1091,5.9031281533804245,0.5504540867810293,0.04036326942482341
E Packard,113,144,2,16,51,7.646017699115045,0.45132743362831856,0.017699115044247787
E Prokic,156,144,7,8,80,5.538461538461538,0.5128205128205128,0.04487179487179487
E Richard,99,89,4,10,65,5.393939393939394,0.6565656565656566,0.04040404040404041
E Rukiriza,1141,1255,67,129,473,6.599474145486416,0.4145486415425066,0.058720420683610865
E Sagoe,27,47,1,9,12,10.444444444444445,0.4444444444444444,0.037037037037037035
E Samson,32,36,3,4,10,6.75,0.3125,0.09375
E Schiferli,481,445,10,50,259,5.5509355509355505,0.5384615384615384,0.02079002079002079
E Sebareme,781,768,52,81,347,5.900128040973112,0.44430217669654287,0.06658130601792574
E Solomon,6,11,0,1,1,11.0,0.16666666666666666,0.0
E Thorpe,100,114,0,14,44,6.84,0.44,0.0
E Toguchi-Quinn,479,385,31,36,242,4.822546972860126,0.5052192066805845,0.06471816283924843
E Ul Haq,1,4,0,1,0,24.0,0.0,0.0
E Ungerman,187,175,12,16,106,5.614973262032085,0.5668449197860963,0.06417112299465241
E Vukusic,103,73,4,5,69,4.252427184466019,0.6699029126213593,0.038834951456310676
E Wachira,796,620,52,56,394,4.673366834170855,0.4949748743718593,0.06532663316582915
E Waithaka,211,166,8,12,110,4.720379146919432,0.5213270142180095,0.037914691943127965
E Walker,52,76,1,8,16,8.76923076923077,0.3076923076923077,0.019230769230769232
E Windsor,30,15,1,0,19,3.0,0.6333333333333333,0.03333333333333333
EA Brookes,1082,944,30,94,537,5.2347504621072085,0.49630314232902034,0.027726432532347505
EA Burns,1009,793,32,70,528,4.7155599603567895,0.5232903865213082,0.031714568880079286
EA MacDermott,226,188,2,24,132,4.991150442477877,0.584070796460177,0.008849557522123894
EA Osborne,1644,1361,69,108,722,4.967153284671533,0.4391727493917275,0.041970802919708027
EA Perry,4975,4053,181,472,2869,4.888040201005025,0.5766834170854271,0.03638190954773869
EA Russell,591,467,17,58,349,4.741116751269035,0.5905245346869712,0.028764805414551606
EAJ Richardson,1315,1287,65,130,539,5.872243346007605,0.4098859315589354,0.049429657794676805
EAS Ferrary,236,164,18,15,156,4.169491525423728,0.6610169491525424,0.07627118644067797
EB Ringera,1361,1307,54,158,727,5.761939750183688,0.5341660543717854,0.03967670830271859
EC Bargna,448,370,23,40,268,4.955357142857142,0.5982142857142857,0.05133928571428571
EC Rainsford,1107,872,17,107,700,4.726287262872629,0.6323396567299007,0.015356820234869015
ECB Moore,141,147,9,14,61,6.25531914893617,0.4326241134751773,0.06382978723404255
ECM Egodagamage,44,35,5,4,22,4.7727272727272725,0.5,0.11363636363636363
ED Silva,102,125,7,14,39,7.352941176470588,0.38235294117647056,0.06862745098039216
EE Corder,116,136,2,13,45,7.03448275862069,0.3879310344827586,0.017241379310344827
EF Beard,18,19,0,1,7,6.333333333333333,0.3888888888888889,0.0
EF Faalupega,24,24,2,2,6,6.0,0.25,0.08333333333333333
EF Telford,96,98,1,13,55,6.125,0.5729166666666666,0.010416666666666666
EFB Estrada,88,67,4,4,70,4.568181818181818,0.7954545454545454,0.045454545454545456
EG Barnard,3557,3288,108,378,1754,5.546246837222378,0.4931121731796458,0.030362665167275794
EGS Kana,11,12,1,2,4,6.545454545454546,0.36363636363636365,0.09090909090909091
EH Dusabemungu,140,215,5,29,45,9.214285714285715,0.32142857142857145,0.03571428571428571
EH Hutchinson,991,713,25,71,631,4.316851664984864,0.6367305751765893,0.025227043390514632
EHSN Silva,713,513,27,57,410,4.316970546984573,0.5750350631136045,0.037868162692847124
EI MacGregor,439,402,11,46,218,5.494305239179954,0.49658314350797267,0.025056947608200455
EJ Carson,1715,1594,59,160,764,5.576676384839651,0.4454810495626822,0.03440233236151603
EJ Richardson,388,280,8,29,250,4.329896907216495,0.6443298969072165,0.020618556701030927
EJ Tice,257,288,7,21,93,6.7237354085603105,0.36186770428015563,0.027237354085603113
EJ Villani,222,216,6,22,103,5.837837837837838,0.46396396396396394,0.02702702702702703
EJB Miles,1416,1182,59,111,715,5.008474576271187,0.5049435028248588,0.041666666666666664
EK Hubbard,156,143,5,12,77,5.5,0.4935897435897436,0.03205128205128205
EK Marlow,451,365,10,35,253,4.855875831485587,0.5609756097560976,0.022172949002217297
EL Arlott,2290,1717,72,191,1371,4.498689956331877,0.5986899563318777,0.0314410480349345
EL Bartram,424,385,19,35,243,5.44811320754717,0.5731132075471698,0.04481132075471698
EL Lamb,1070,908,26,89,521,5.091588785046729,0.4869158878504673,0.024299065420560748
ELT de Lange,149,146,3,12,58,5.879194630872483,0.38926174496644295,0.020134228187919462
EM Bermingham,973,786,32,79,527,4.846865364850976,0.5416238437821171,0.0328879753340185
EM Edgcombe,85,72,3,8,45,5.082352941176471,0.5294117647058824,0.03529411764705882
EM Sampson,48,29,1,4,30,3.625,0.625,0.020833333333333332
EMDY Munaweera,374,329,19,35,184,5.278074866310161,0.4919786096256685,0.05080213903743316
EMKB Ekanayake,225,166,11,19,147,4.426666666666667,0.6533333333333333,0.04888888888888889
EN Gay,42,44,1,5,16,6.285714285714286,0.38095238095238093,0.023809523809523808
EN Lynch,1505,1209,65,105,752,4.8199335548172755,0.49966777408637875,0.04318936877076412
EO Leonard,905,961,19,128,474,6.371270718232044,0.523756906077348,0.020994475138121547
EP Thompson,45,63,1,9,21,8.4,0.4666666666666667,0.022222222222222223
ER Bamber,1315,1092,38,131,752,4.9825095057034225,0.5718631178707224,0.028897338403041824
ER Oza,1846,1423,113,118,937,4.625135427952329,0.5075839653304443,0.06121343445287107
ES Grammenou,6,11,0,2,1,11.0,0.16666666666666666,0.0
ET Williams,103,101,4,11,56,5.883495145631067,0.5436893203883495,0.038834951456310676
EU Kejarukua,761,582,33,52,401,4.588699080157688,0.5269382391590013,0.04336399474375821
EV Jack,919,856,32,110,494,5.588683351468989,0.5375408052230686,0.03482045701849837
Eashal Ibrahim,42,65,0,8,20,9.285714285714286,0.47619047619047616,0.0
Ebadat Hossain,608,600,29,63,308,5.921052631578948,0.506578947368421,0.047697368421052634
Ebrahim Naseri,6,11,1,2,2,11.0,0.3333333333333333,0.16666666666666666
Edward Fleming,84,99,3,9,29,7.071428571428571,0.34523809523809523,0.03571428571428571
Edward Taylor,42,43,2,4,22,6.142857142857143,0.5238095238095238,0.047619047619047616
Ehsan Adil,250,268,4,38,125,6.432,0.5,0.016
Ehsan Khan,4023,3686,213,373,1939,5.497390007457121,0.48197862291822025,0.0529455630126771
Ehsan Nawaz,803,715,23,81,463,5.342465753424658,0.5765877957658779,0.028642590286425903
Ehsanul Haque,61,37,2,1,31,3.639344262295082,0.5081967213114754,0.03278688524590164
Ekansh Singh,121,108,4,8,51,5.355371900826446,0.4214876033057851,0.03305785123966942
Elan Talker,124,153,6,25,56,7.403225806451612,0.45161290322580644,0.04838709677419355
Elias Hasan,94,159,2,22,32,10.148936170212766,0.3404255319148936,0.02127659574468085
Elias Sunny,285,251,12,28,145,5.28421052631579,0.5087719298245614,0.042105263157894736
Elias Tilman,133,176,4,16,52,7.93984962406015,0.39097744360902253,0.03007518796992481
Elizabeth Annor,13,28,0,4,3,12.923076923076923,0.23076923076923078,0.0
Ellen Asante,15,18,0,2,8,7.2,0.5333333333333333,0.0
Emaan Ejaz,77,142,2,22,30,11.064935064935064,0.38961038961038963,0.025974025974025976
Emilia Toro,19,29,0,2,13,9.157894736842106,0.6842105263157895,0.0
Emily Merrien,69,65,6,6,36,5.6521739130434785,0.5217391304347826,0.08695652173913043
Emily Sirs,27,14,0,0,18,3.111111111111111,0.6666666666666666,0.0
Emma Jones,25,22,0,2,14,5.279999999999999,0.56,0.0
Emma Patel,120,150,5,16,63,7.5,0.525,0.041666666666666664
Emmanuella Nyaaba,29,26,1,0,11,5.379310344827586,0.3793103448275862,0.034482758620689655
Emran Shahbakhsh,6,14,0,3,2,14.0,0.3333333333333333,0.0
Enamul Haque jnr,522,373,15,26,270,4.287356321839081,0.5172413793103449,0.028735632183908046
Esam Rahman,56,94,0,12,24,10.071428571428571,0.42857142857142855,0.0
Esperanza Rubio,70,116,3,9,30,9.942857142857143,0.42857142857142855,0.04285714285714286
Ethan D'Souza,48,53,5,5,14,6.625,0.2916666666666667,0.10416666666666667
Eva Somsel Yangzom,12,20,0,2,3,10.0,0.25,0.0
Ezgi Nur Kilic,235,210,15,22,138,5.361702127659575,0.5872340425531914,0.06382978723404255
F Akankwasa,355,345,23,36,148,5.830985915492958,0.4169014084507042,0.0647887323943662
F Bangur,95,108,2,10,42,6.821052631578947,0.4421052631578947,0.021052631578947368
F Banunaek,1587,1788,87,200,672,6.75992438563327,0.42344045368620037,0.054820415879017016
F Behardien,746,721,15,64,292,5.798927613941019,0.3914209115281501,0.020107238605898123
F Chenda,11,13,0,1,7,7.090909090909091,0.6363636363636364,0.0
F Chipare,861,820,31,87,458,5.714285714285714,0.5319396051103368,0.036004645760743324
F Choudary,18,32,1,5,5,10.666666666666666,0.2777777777777778,0.05555555555555555
F Clarke,87,96,4,8,36,6.620689655172414,0.41379310344827586,0.04597701149425287
F Copley,85,46,7,2,47,3.2470588235294118,0.5529411764705883,0.08235294117647059
F Damiao Couana,416,466,19,60,223,6.721153846153847,0.5360576923076923,0.04567307692307692
F Effiong,13,2,2,0,10,0.9230769230769231,0.7692307692307693,0.15384615384615385
F Eseigbe,300,220,11,13,149,4.4,0.49666666666666665,0.03666666666666667
F Guirrugo,81,69,3,2,44,5.111111111111111,0.5432098765432098,0.037037037037037035
F Hand,1162,1215,30,152,614,6.273666092943202,0.5283993115318416,0.025817555938037865
F Irakoze,6,9,0,1,2,9.0,0.3333333333333333,0.0
F Khaliq,314,234,20,26,192,4.471337579617834,0.6114649681528662,0.06369426751592357
F Martin,42,35,2,1,26,5.0,0.6190476190476191,0.047619047619047616
F Mulivai,122,71,3,8,88,3.4918032786885247,0.7213114754098361,0.02459016393442623
F Mutua,327,388,22,39,137,7.1192660550458715,0.41896024464831805,0.0672782874617737
F Najjumba,135,118,7,8,59,5.2444444444444445,0.43703703703703706,0.05185185185185185
F Ndayisenga,14,34,0,7,5,14.571428571428571,0.35714285714285715,0.0
F Nsubuga,3129,2144,125,247,1913,4.111217641418984,0.6113774368807926,0.039948865452221156
F O'Neill,867,719,26,89,497,4.975778546712803,0.5732410611303345,0.029988465974625143
F Odhiambo,385,315,21,35,200,4.909090909090909,0.5194805194805194,0.05454545454545454
F Overdijk,1015,959,58,103,522,5.6689655172413795,0.5142857142857142,0.05714285714285714
F Pessima,211,136,14,9,122,3.8672985781990525,0.5781990521327014,0.06635071090047394
F Samanyika,250,252,9,24,121,6.048,0.484,0.036
F Shony,49,70,1,8,19,8.571428571428571,0.3877551020408163,0.02040816326530612
F Singh,1063,1020,32,99,451,5.757290686735654,0.4242709313264346,0.030103480714957668
F Sisifo,47,55,2,6,23,7.021276595744681,0.48936170212765956,0.0425531914893617
F Song,168,131,14,4,80,4.678571428571429,0.47619047619047616,0.08333333333333333
F Stoman,380,393,21,42,182,6.205263157894737,0.4789473684210526,0.05526315789473684
F Suluoto,6,16,0,3,1,16.0,0.16666666666666666,0.0
F Sutherland,89,134,1,19,39,9.03370786516854,0.43820224719101125,0.011235955056179775
F Tanguy,276,225,13,14,129,4.891304347826087,0.4673913043478261,0.04710144927536232
F Tunnicliffe,12,8,1,0,4,4.0,0.3333333333333333,0.08333333333333333
F Vaaetasi,163,124,2,19,111,4.56441717791411,0.6809815950920245,0.012269938650306749
F Vaelua,78,46,2,2,59,3.5384615384615383,0.7564102564102564,0.02564102564102564
F Zirahangaje,41,54,1,7,19,7.902439024390244,0.4634146341463415,0.024390243902439025
F du Plessis,205,194,2,13,81,5.6780487804878055,0.3951219512195122,0.00975609756097561
FA Allen,1260,1388,33,142,466,6.609523809523809,0.36984126984126986,0.02619047619047619
FA Cossa,398,440,26,45,163,6.633165829145729,0.40954773869346733,0.06532663316582915
FA Klokker,6,5,0,1,4,5.0,0.6666666666666666,0.0
FA Sargent,1124,1130,34,107,450,6.032028469750889,0.400355871886121,0.030249110320284697
FC Jonas,1929,1635,53,159,956,5.085536547433904,0.4955935717988595,0.027475375842405392
FC Leydon-Davis,49,40,4,2,17,4.8979591836734695,0.3469387755102041,0.08163265306122448
FC Muniz,61,56,2,4,23,5.508196721311475,0.3770491803278688,0.03278688524590164
FDM Devonshire,43,42,2,5,18,5.8604651162790695,0.4186046511627907,0.046511627906976744
FDM Karunaratne,18,19,0,2,8,6.333333333333333,0.4444444444444444,0.0
FG Kemp,581,617,30,82,285,6.371772805507746,0.4905335628227194,0.05163511187607573
FH Catherwood,31,23,0,3,23,4.451612903225806,0.7419354838709677,0.0
FH Edwards,3060,2883,97,328,1665,5.652941176470589,0.5441176470588235,0.03169934640522876
FIN Khushi,12,15,0,2,4,7.5,0.3333333333333333,0.0
FJ Heldreich,366,413,6,53,158,6.770491803278689,0.43169398907103823,0.01639344262295082
FJ Hudson-Prentice,1099,1083,33,138,547,5.912647861692448,0.49772520473157417,0.03002729754322111
FJ Klaassen,2478,2393,93,277,1279,5.7941888619854724,0.5161420500403551,0.03753026634382567
FJ Mpegna,13,37,0,7,2,17.076923076923077,0.15384615384615385,0.0
FK Cowdrey,629,556,14,39,256,5.303656597774245,0.4069952305246423,0.022257551669316374
FL Albanjari,21,8,4,0,11,2.2857142857142856,0.5238095238095238,0.19047619047619047
FL Mackay,905,797,35,71,393,5.283977900552486,0.43425414364640885,0.03867403314917127
FL Patel,109,124,4,13,59,6.825688073394495,0.5412844036697247,0.03669724770642202
FLV Pula,8,8,0,0,4,6.0,0.5,0.0
FM Trussler,102,70,4,6,56,4.117647058823529,0.5490196078431373,0.0392156862745098
FMK Morris,2170,1736,61,160,1097,4.8,0.5055299539170507,0.028110599078341014
FN Walsh,50,86,5,13,16,10.319999999999999,0.32,0.1
FO Kibasu,364,342,26,33,147,5.637362637362638,0.40384615384615385,0.07142857142857142
FOE van den Bergh,216,177,0,13,94,4.916666666666667,0.4351851851851852,0.0
FR Davies,2972,2375,91,278,1747,4.794751009421265,0.5878196500672948,0.030619111709286675
FS Crockwell,18,9,1,1,14,3.0,0.7777777777777778,0.05555555555555555
FS Organ,1523,1293,22,110,718,5.093893630991464,0.4714379514116875,0.014445173998686802
FW McCann,277,280,2,32,129,6.064981949458484,0.4657039711191336,0.007220216606498195
Fahad Alhashmi,116,106,2,7,62,5.482758620689656,0.5344827586206896,0.017241379310344827
Fahad Nawaz,48,37,4,4,25,4.625,0.5208333333333334,0.08333333333333333
Fahad Tariq,18,26,0,3,6,8.666666666666666,0.3333333333333333,0.0
Faheem Afrad,181,166,7,21,96,5.502762430939226,0.5303867403314917,0.03867403314917127
Faheem Ashraf,2882,3018,95,351,1313,6.283136710617627,0.45558639833448994,0.03296321998612075
Faheem Nazir,258,311,18,38,120,7.232558139534884,0.46511627906976744,0.06976744186046512
Fahima Khatun,3036,2558,118,232,1350,5.055335968379446,0.44466403162055335,0.038866930171278
Faisal Akram,178,122,7,10,91,4.112359550561798,0.5112359550561798,0.03932584269662921
Faisal Hossain,73,54,1,2,31,4.438356164383562,0.4246575342465753,0.0136986301369863
Faisal Khan,98,157,4,19,33,9.612244897959185,0.336734693877551,0.04081632653061224
Faisal Raza,25,39,1,4,7,9.36,0.28,0.04
Faizal Salehji,14,15,0,2,7,6.428571428571428,0.5,0.0
Faizan Ali,133,97,5,11,101,4.37593984962406,0.7593984962406015,0.03759398496240601
Fakhar Zaman,141,124,1,11,68,5.276595744680851,0.48226950354609927,0.0070921985815602835
Fakhrul Mohon,108,133,3,13,45,7.388888888888889,0.4166666666666667,0.027777777777777776
Fanyan Mughal,499,586,24,79,225,7.046092184368737,0.45090180360721444,0.04809619238476954
Farhad Reza,986,1055,20,136,471,6.419878296146044,0.4776876267748479,0.02028397565922921
Farhan Ahmed,167,184,3,22,69,6.610778443113773,0.41317365269461076,0.017964071856287425
Farial Zia Safdar,52,30,5,1,34,3.4615384615384617,0.6538461538461539,0.09615384615384616
Fariha Trisna,579,612,21,79,291,6.341968911917099,0.5025906735751295,0.03626943005181347
Faruq Hakimin,74,52,7,3,32,4.216216216216216,0.43243243243243246,0.0945945945945946
Farzan Afzal,93,70,5,5,40,4.516129032258065,0.43010752688172044,0.053763440860215055
Fathimath Anaal,7,4,0,0,5,3.4285714285714284,0.7142857142857143,0.0
Fathimath Malha,13,26,0,4,3,12.0,0.23076923076923078,0.0
Fatima Amir,52,44,1,5,37,5.0769230769230775,0.7115384615384616,0.019230769230769232
Fatima Sana,3602,3566,142,441,1819,5.940033314825097,0.5049972237645752,0.039422543031649084
Fawad Ahmed,133,178,5,18,35,8.030075187969924,0.2631578947368421,0.03759398496240601
Fawad Alam,474,467,11,35,171,5.9113924050632916,0.36075949367088606,0.023206751054852322
Fayaz Khan,300,352,21,38,117,7.04,0.39,0.07
Fayaz Mohammad,9,18,0,2,2,12.0,0.2222222222222222,0.0
Fayyaz Ahmed,208,161,7,17,113,4.644230769230769,0.5432692307692307,0.03365384615384615
Fayyaz Butt,3021,2902,118,344,1568,5.763654419066534,0.5190334326381992,0.039059913935782856
Fazil Muhammad,87,103,5,8,29,7.103448275862069,0.3333333333333333,0.05747126436781609
Fazil Rahman,137,165,15,19,58,7.226277372262774,0.4233576642335766,0.10948905109489052
Fazle Mahmud,20,16,0,1,11,4.8,0.55,0.0
Feng Yu,105,130,6,18,51,7.428571428571429,0.4857142857142857,0.05714285714285714
Festus Benn,377,406,27,40,142,6.461538461538462,0.376657824933687,0.07161803713527852
Fiaz Ahmad,161,138,4,16,96,5.142857142857143,0.5962732919254659,0.024844720496894408
Fiaz Ahmed,2,2,0,0,0,6.0,0.0,0.0
Fida Hussain,21,33,2,5,6,9.428571428571429,0.2857142857142857,0.09523809523809523
Firas Hussain,81,115,5,14,24,8.518518518518519,0.2962962962962963,0.06172839506172839
Fitri Sham,762,862,47,89,285,6.78740157480315,0.37401574803149606,0.06167979002624672
Fiza,188,150,16,9,84,4.787234042553192,0.44680851063829785,0.0851063829787234
Florencia Martinez,33,71,0,10,12,12.909090909090908,0.36363636363636365,0.0
Francesca Galan,5,3,1,0,4,3.5999999999999996,0.8,0.2
Franz Bur,19,25,2,2,4,7.894736842105264,0.21052631578947367,0.10526315789473684
G Axtell,44,42,1,5,23,5.7272727272727275,0.5227272727272727,0.022727272727272728
G Ayan,233,216,10,16,136,5.562231759656652,0.5836909871244635,0.04291845493562232
G Bajwa,38,40,0,3,19,6.315789473684211,0.5,0.0
G Bakiweyem,982,864,44,86,550,5.279022403258656,0.560081466395112,0.04480651731160896
G Balasooriya,249,232,10,23,118,5.590361445783133,0.4738955823293173,0.040160642570281124
G Ballinger,2352,1866,72,232,1400,4.760204081632653,0.5952380952380952,0.030612244897959183
G Bloemen,83,73,1,4,54,5.27710843373494,0.6506024096385542,0.012048192771084338
G Bruno,27,43,2,5,11,9.555555555555555,0.4074074074074074,0.07407407407407407
G Burrows,18,24,2,2,5,8.0,0.2777777777777778,0.1111111111111111
G Candiru,510,433,33,29,210,5.094117647058823,0.4117647058823529,0.06470588235294118
G Cengiz,122,142,4,11,53,6.983606557377049,0.4344262295081967,0.03278688524590164
G Chapple,24,14,0,2,16,3.5,0.6666666666666666,0.0
G Chilia,29,26,2,3,18,5.379310344827586,0.6206896551724138,0.06896551724137931
G Chohan,234,356,10,46,91,9.128205128205128,0.3888888888888889,0.042735042735042736
G Clark,56,51,4,6,24,5.4642857142857135,0.42857142857142855,0.07142857142857142
G Coetzee,1047,1272,51,175,509,7.289398280802292,0.48615090735434574,0.04871060171919771
G Dempsey,1081,977,32,110,579,5.422756706753007,0.5356151711378353,0.02960222016651249
G Essoun,30,40,1,5,15,8.0,0.5,0.03333333333333333
G Fatouros,60,67,5,7,28,6.7,0.4666666666666667,0.08333333333333333
G Fernando,20,33,1,6,7,9.9,0.35,0.05
G Fontenla,102,65,3,7,71,3.823529411764706,0.696078431372549,0.029411764705882353
G Ford,90,91,1,8,53,6.066666666666666,0.5888888888888889,0.011111111111111112
G Gambhir,8,13,0,2,4,9.75,0.5,0.0
G Goudie,362,338,19,33,165,5.602209944751381,0.4558011049723757,0.052486187845303865
G Hoey,1004,925,38,99,489,5.527888446215139,0.48705179282868527,0.037848605577689244
G Ilarionova,195,221,4,23,113,6.8,0.5794871794871795,0.020512820512820513
G Ingabire,12,14,1,2,6,7.0,0.5,0.08333333333333333
G Irvin,47,44,0,5,31,5.617021276595745,0.6595744680851063,0.0
G Ishimwe,126,127,7,13,64,6.0476190476190474,0.5079365079365079,0.05555555555555555
G Jafta,62,46,4,1,26,4.451612903225806,0.41935483870967744,0.06451612903225806
G Johnson,120,143,1,14,49,7.15,0.4083333333333333,0.008333333333333333
G Kandela,242,128,9,8,146,3.173553719008264,0.6033057851239669,0.0371900826446281
G Kansonkho,18,32,1,4,4,10.666666666666666,0.2222222222222222,0.05555555555555555
G Kennedy,638,533,13,51,328,5.012539184952979,0.5141065830721003,0.02037617554858934
G Kodali,1048,985,35,116,568,5.6393129770992365,0.5419847328244275,0.033396946564885496
G Kuthalingham,39,33,1,3,18,5.076923076923077,0.46153846153846156,0.02564102564102564
G Madanayake,158,112,7,7,103,4.253164556962026,0.6518987341772152,0.04430379746835443
G Malla,20,22,1,3,10,6.6,0.5,0.05
G Mallett,180,148,17,9,71,4.933333333333334,0.39444444444444443,0.09444444444444444
G Mangau,50,55,0,3,24,6.6,0.48,0.0
G Matome,1096,748,67,74,681,4.094890510948905,0.6213503649635036,0.06113138686131387
G McClintock,6,11,0,1,1,11.0,0.16666666666666666,0.0
G Mckeon,168,182,8,20,71,6.5,0.4226190476190476,0.047619047619047616
G Morales,73,44,4,3,57,3.616438356164384,0.7808219178082192,0.0547945205479452
G Motie,2570,2506,91,249,1149,5.850583657587549,0.44708171206225683,0.035408560311284046
G Mubiru,54,48,4,4,21,5.333333333333333,0.3888888888888889,0.07407407407407407
G Ngegba,725,577,41,48,376,4.775172413793103,0.5186206896551724,0.05655172413793103
G Obukor,43,28,0,3,28,3.9069767441860463,0.6511627906976745,0.0
G Oliveira,179,178,9,16,80,5.966480446927375,0.44692737430167595,0.05027932960893855
G Onions,1171,1096,31,131,605,5.615713065755765,0.5166524338172502,0.026473099914602904
G Potts,1888,1417,48,163,1140,4.503177966101695,0.6038135593220338,0.025423728813559324
G Quaicoe,47,57,3,5,18,7.276595744680852,0.3829787234042553,0.06382978723404255
G Ribeiro,14,14,1,2,8,6.0,0.5714285714285714,0.07142857142857142
G Richardson,212,154,9,18,143,4.3584905660377355,0.6745283018867925,0.04245283018867924
G Sanketh,212,210,7,18,89,5.943396226415094,0.419811320754717,0.0330188679245283
G Scrivens,1693,1288,38,114,887,4.564678086237448,0.5239220318960425,0.02244536326048435
G Sesay,495,452,40,41,259,5.4787878787878785,0.5232323232323233,0.08080808080808081
G Setshwane,156,93,10,6,91,3.576923076923077,0.5833333333333334,0.0641025641025641
G Shukla,287,220,9,14,181,4.599303135888501,0.6306620209059234,0.0313588850174216
G Singh,584,466,29,45,315,4.787671232876712,0.5393835616438356,0.04965753424657534
G Smith,6,9,0,2,3,9.0,0.5,0.0
G Snyman,1179,955,38,75,633,4.860050890585241,0.5368956743002544,0.032230703986429174
G Stewart,1954,1862,69,225,1029,5.717502558853633,0.5266120777891504,0.035312180143295804
G Sultana,729,563,16,59,408,4.633744855967078,0.5596707818930041,0.02194787379972565
G Toka,173,178,4,20,90,6.173410404624278,0.5202312138728323,0.023121387283236993
G Urjindulam,11,13,0,1,7,7.090909090909091,0.6363636363636364,0.0
G Venkateswaran,147,239,7,32,41,9.755102040816327,0.2789115646258503,0.047619047619047616
G Voll,6,10,0,2,3,10.0,0.5,0.0
G Wareham,3175,2676,138,260,1526,5.057007874015748,0.4806299212598425,0.043464566929133856
G Weerasinghe,324,220,10,22,189,4.074074074074074,0.5833333333333334,0.030864197530864196
G Wetherall,349,324,20,25,165,5.570200573065903,0.47277936962750716,0.05730659025787966
G Wijekoon,68,101,4,7,14,8.911764705882353,0.20588235294117646,0.058823529411764705
GA Bartlett,93,86,2,10,41,5.548387096774194,0.44086021505376344,0.021505376344086023
GA Edwards,134,160,1,24,73,7.164179104477612,0.5447761194029851,0.007462686567164179
GA Elwiss,2365,1655,63,157,1346,4.1987315010570825,0.5691331923890064,0.0266384778012685
GA Garrett,660,624,18,63,323,5.672727272727273,0.4893939393939394,0.02727272727272727
GA Guy,19,20,0,4,12,6.315789473684211,0.631578947368421,0.0
GA Lamb,734,554,19,48,395,4.528610354223433,0.5381471389645777,0.025885558583106268
GA Priandana,431,505,31,61,165,7.03016241299304,0.382830626450116,0.07192575406032482
GA Rogers,180,190,5,25,89,6.333333333333333,0.49444444444444446,0.027777777777777776
GA Stuurman,14,29,0,5,6,12.428571428571427,0.42857142857142855,0.0
GB Brent,1184,953,28,116,718,4.829391891891891,0.606418918918919,0.02364864864864865
GB Hogg,4615,3663,146,272,2345,4.762296858071506,0.5081256771397616,0.03163596966413868
GC Galanis,217,227,12,21,94,6.276497695852535,0.43317972350230416,0.055299539170506916
GC Murtaza,752,885,39,108,354,7.0611702127659575,0.47074468085106386,0.05186170212765957
GC Smith,867,792,19,55,365,5.4809688581314875,0.4209919261822376,0.02191464821222607
GC Tonge,331,254,7,27,182,4.604229607250756,0.5498489425981873,0.021148036253776436
GC Viljoen,509,555,12,66,254,6.542239685658154,0.49901768172888017,0.023575638506876228
GCH Hill,1278,1025,44,117,713,4.812206572769953,0.5579029733959311,0.03442879499217527
GD Arta,794,723,41,71,392,5.463476070528967,0.49370277078085645,0.05163727959697733
GD Drummond,419,391,8,40,224,5.599045346062053,0.5346062052505967,0.01909307875894988
GD Elliott,1427,1363,54,121,609,5.730903994393833,0.42676944639103015,0.0378416257883672
GD McGrath,3331,2164,114,246,2137,3.89792854998499,0.6415490843590513,0.034223956769738814
GD Panayi,352,375,5,46,166,6.392045454545455,0.4715909090909091,0.014204545454545454
GD Phillips,1040,1139,27,115,379,6.5711538461538455,0.3644230769230769,0.025961538461538463
GDR Eranga,656,531,35,52,384,4.856707317073171,0.5853658536585366,0.053353658536585365
GE Hall,311,272,14,15,150,5.247588424437299,0.48231511254019294,0.04501607717041801
GE Kidd,345,315,7,37,185,5.478260869565218,0.5362318840579711,0.020289855072463767
GE Mathurin,62,69,5,6,27,6.677419354838709,0.43548387096774194,0.08064516129032258
GEB Boyce,13,20,0,4,6,9.230769230769232,0.46153846153846156,0.0
GEF Barnett,7,11,0,1,2,9.428571428571429,0.2857142857142857,0.0
GEM Brealey,81,65,1,1,49,4.814814814814815,0.6049382716049383,0.012345679012345678
GES Sullivan,173,130,9,13,100,4.508670520231214,0.5780346820809249,0.05202312138728324
GF Cardos,6,12,0,1,0,12.0,0.0,0.0
GF Linde,932,1093,40,120,352,7.0364806866952785,0.3776824034334764,0.04291845493562232
GFB Scott,326,353,2,41,136,6.496932515337423,0.4171779141104294,0.006134969325153374
GG Alta,226,338,13,39,74,8.97345132743363,0.3274336283185841,0.05752212389380531
GG Banner,40,59,3,7,18,8.85,0.45,0.075
GG McFaul,25,41,2,5,7,9.84,0.28,0.08
GG Wagg,1481,1435,38,149,672,5.813639432815665,0.4537474679270763,0.025658338960162053
GG White,1753,1432,49,115,778,4.901312036508842,0.44381061038220193,0.027952082144894468
GH Bodi,6,8,0,1,1,8.0,0.16666666666666666,0.0
GH Dockrell,6471,5730,227,532,3092,5.312934631432546,0.4778241384639159,0.035079585844537166
GH Lewis,645,565,11,63,328,5.255813953488372,0.5085271317829457,0.017054263565891473
GH Maybury,153,135,4,15,84,5.294117647058823,0.5490196078431373,0.026143790849673203
GH O'Brien,264,246,13,28,148,5.590909090909091,0.5606060606060606,0.04924242424242424
GH Rhodes,487,421,12,39,220,5.186858316221765,0.4517453798767967,0.024640657084188913
GH Smit,7,15,0,3,4,12.857142857142856,0.5714285714285714,0.0
GH Worker,19,24,1,3,5,7.578947368421053,0.2631578947368421,0.05263157894736842
GHI Harding,443,442,7,41,180,5.98645598194131,0.40632054176072235,0.01580135440180587
GHS Garton,787,824,24,87,344,6.282083862770013,0.4371029224904701,0.030495552731893267
GI Gokoel,25,41,0,5,7,9.84,0.28,0.0
GI Hume,2073,1729,75,208,1205,5.004341534008683,0.5812831644958997,0.0361794500723589
GI Maiden,12,14,1,2,6,7.0,0.5,0.08333333333333333
GJ Batty,2439,1967,58,134,1079,4.838868388683887,0.44239442394423945,0.023780237802378024
GJ Bell,18,20,1,2,3,6.666666666666667,0.16666666666666666,0.05555555555555555
GJ Delany,1951,2228,73,227,721,6.85187083546899,0.36955407483341873,0.03741670937980523
GJ Gibbs,312,257,6,26,179,4.9423076923076925,0.5737179487179487,0.019230769230769232
GJ Harte,184,172,4,14,73,5.608695652173913,0.3967391304347826,0.021739130434782608
GJ Maxwell,5654,5681,147,506,2268,6.02865228157057,0.40113194198797314,0.025999292536257518
GJ McCarter,919,661,18,74,568,4.315560391730142,0.6180631120783461,0.01958650707290533
GJ Muchall,43,24,1,1,25,3.3488372093023253,0.5813953488372093,0.023255813953488372
GJ Rennie,90,65,3,3,44,4.333333333333333,0.4888888888888889,0.03333333333333333
GJ Savage,169,167,5,24,100,5.928994082840236,0.591715976331361,0.029585798816568046
GJ Snyman,6,12,0,2,0,12.0,0.0,0.0
GJ Thompson,492,384,11,49,317,4.682926829268292,0.6443089430894309,0.022357723577235773
GJ Whittall,137,121,4,14,73,5.299270072992701,0.5328467153284672,0.029197080291970802
GJ van Rensburg,44,55,2,4,13,7.5,0.29545454545454547,0.045454545454545456
GJP Kruger,176,177,2,20,99,6.034090909090909,0.5625,0.011363636363636364
GK Berg,2719,2335,106,248,1382,5.152629643251195,0.5082751011401251,0.03898492092681133
GK Davis,2082,1507,81,155,1153,4.3429394812680115,0.5537944284341979,0.03890489913544669
GK Diviya,913,650,44,51,527,4.271631982475356,0.5772179627601315,0.04819277108433735
GK Ghalley,9,13,0,1,3,8.666666666666666,0.3333333333333333,0.0
GKR McKinley,237,235,6,28,126,5.949367088607595,0.5316455696202531,0.02531645569620253
GKS Gole,177,179,1,19,111,6.067796610169491,0.6271186440677966,0.005649717514124294
GL Adams,2778,2080,100,158,1354,4.49244060475162,0.48740100791936647,0.03599712023038157
GL Lane,83,103,0,15,43,7.44578313253012,0.5180722891566265,0.0
GL van Buuren,1821,1559,45,130,806,5.136738056013179,0.442613948380011,0.02471169686985173
GLB Lamplough,6,12,0,2,0,12.0,0.0,0.0
GLS Scrimshaw,124,153,6,19,49,7.403225806451612,0.3951612903225806,0.04838709677419355
GM Andrew,287,323,7,44,120,6.7526132404181185,0.4181184668989547,0.024390243902439025
GM Ewing,273,186,6,8,132,4.087912087912088,0.4835164835164835,0.02197802197802198
GM Harris,421,316,16,26,207,4.503562945368171,0.4916864608076009,0.03800475059382423
GM Hennessy,702,545,21,49,389,4.6581196581196584,0.5541310541310541,0.029914529914529916
GM Johnson,73,42,1,3,45,3.452054794520548,0.6164383561643836,0.0136986301369863
GM Muthui,531,581,32,78,275,6.564971751412429,0.5178907721280602,0.060263653483992465
GM Ntambalika,153,185,10,28,72,7.254901960784314,0.47058823529411764,0.06535947712418301
GM Smith,56,45,1,2,22,4.821428571428571,0.39285714285714285,0.017857142857142856
GM Strydom,30,24,0,2,13,4.8,0.43333333333333335,0.0
GMK Jayaweera,21,33,4,6,7,9.428571428571429,0.3333333333333333,0.19047619047619047
GP Balderson,1544,1313,35,158,829,5.102331606217617,0.5369170984455959,0.02266839378238342
GP Meade,530,500,16,56,258,5.660377358490567,0.4867924528301887,0.03018867924528302
GP Swann,4487,3728,158,263,2018,4.985067974147537,0.44974370403387565,0.03521283708491197
GP Tom,643,509,25,57,378,4.749611197511664,0.5878693623639192,0.038880248833592534
GR Adair,78,83,5,9,32,6.384615384615385,0.41025641025641024,0.0641025641025641
GR Breese,396,327,10,26,172,4.954545454545454,0.43434343434343436,0.025252525252525252
GR Codrington,307,267,9,20,141,5.218241042345277,0.4592833876221498,0.029315960912052116
GR Napier,889,838,31,96,445,5.655793025871766,0.500562429696288,0.03487064116985377
GR Russ,129,166,8,16,52,7.72093023255814,0.40310077519379844,0.06201550387596899
GRD Munasinghe,1076,989,48,117,574,5.514869888475836,0.533457249070632,0.04460966542750929
GS Dinusha,393,240,16,20,222,3.66412213740458,0.5648854961832062,0.04071246819338423
GS Drissell,1252,1189,28,116,539,5.698083067092652,0.4305111821086262,0.022364217252396165
GS Sandhu,1183,1054,40,125,652,5.345731191885038,0.5511411665257819,0.0338123415046492
GS Sequeira,74,55,7,4,37,4.45945945945946,0.5,0.0945945945945946
GSNFG Jayasuriya,416,472,6,44,147,6.807692307692308,0.35336538461538464,0.014423076923076924
GSPR Arachchige,97,56,5,6,60,3.4639175257731956,0.6185567010309279,0.05154639175257732
GT Bell,136,90,6,10,85,3.9705882352941173,0.625,0.04411764705882353
GT Griffiths,1195,1195,35,143,557,6.0,0.4661087866108787,0.029288702928870293
GT Main,958,964,54,121,504,6.037578288100209,0.5260960334029228,0.05636743215031315
GT Taylor,157,233,11,26,58,8.904458598726114,0.36942675159235666,0.07006369426751592
GT Thornton,161,188,9,25,70,7.0062111801242235,0.43478260869565216,0.055900621118012424
GTG Cork,55,56,4,6,22,6.109090909090909,0.4,0.07272727272727272
GW Aldridge,141,145,2,17,70,6.170212765957447,0.49645390070921985,0.014184397163120567
GW Flower,613,459,12,29,271,4.492659053833605,0.44208809135399674,0.01957585644371941
GW Thomas,395,350,14,39,191,5.316455696202532,0.4835443037974684,0.035443037974683546
Gagandeep Singh,302,408,8,54,149,8.105960264900661,0.49337748344370863,0.026490066225165563
Garret Banner,243,293,11,32,106,7.234567901234568,0.43621399176954734,0.04526748971193416
Gaurav Mishra,216,244,6,27,97,6.777777777777778,0.44907407407407407,0.027777777777777776
Gaurav Tiwari,518,507,22,56,261,5.872586872586873,0.5038610038610039,0.04247104247104247
Gavin Roulston,67,61,0,6,37,5.462686567164179,0.5522388059701493,0.0
Gayan Munaweera,831,931,41,119,390,6.722021660649819,0.4693140794223827,0.049338146811071
Ge Yongsheng,66,81,2,12,30,7.363636363636363,0.45454545454545453,0.030303030303030304
Geovanis Uwase,109,73,4,7,72,4.0183486238532105,0.6605504587155964,0.03669724770642202
Ghayour Ahmad,25,35,0,4,8,8.399999999999999,0.32,0.0
Ghazanfar Ali,36,37,0,5,17,6.166666666666667,0.4722222222222222,0.0
Ghulam Abbas Butt,114,113,3,11,59,5.947368421052632,0.5175438596491229,0.02631578947368421
Ghulam Ahmadi,1033,1083,55,130,496,6.290416263310746,0.4801548886737657,0.05324298160696999
Ghulam Fatima,953,737,33,60,464,4.6400839454354665,0.48688352570828963,0.03462749213011543
Gladson Kandela,132,85,3,8,87,3.8636363636363638,0.6590909090909091,0.022727272727272728
Gong Yuting,72,49,2,3,45,4.083333333333333,0.625,0.027777777777777776
Gregory Smith,91,107,0,11,43,7.054945054945056,0.4725274725274725,0.0
Guido Angeletti,102,97,7,7,49,5.705882352941177,0.4803921568627451,0.06862745098039216
Guillermo Aburto,28,28,1,3,17,6.0,0.6071428571428571,0.03571428571428571
Gulsan Jha,1601,1690,60,200,757,6.333541536539663,0.4728294815740162,0.037476577139287946
Gurdeep Singh,62,82,3,8,25,7.935483870967741,0.4032258064516129,0.04838709677419355
Gurkeerat Singh,60,69,1,8,22,6.9,0.36666666666666664,0.016666666666666666
Gurpratap Singh,220,235,19,24,98,6.409090909090909,0.44545454545454544,0.08636363636363636
Gurpreet Singh,167,182,9,24,73,6.538922155688623,0.437125748502994,0.05389221556886228
H Agarwal,359,328,17,30,185,5.481894150417827,0.5153203342618384,0.04735376044568245
H Beresford-Peirse,59,94,2,12,23,9.559322033898304,0.3898305084745763,0.03389830508474576
H Bharadwaj,534,457,28,41,253,5.134831460674158,0.4737827715355805,0.052434456928838954
H Carlyon,1222,889,40,85,702,4.364975450081833,0.574468085106383,0.03273322422258593
H Celik,178,144,13,9,103,4.853932584269662,0.5786516853932584,0.07303370786516854
H Chamto,210,175,7,10,100,5.0,0.47619047619047616,0.03333333333333333
H Dandapani,134,147,8,7,41,6.5820895522388065,0.30597014925373134,0.05970149253731343
H Dassanayake,23,17,0,2,18,4.434782608695652,0.782608695652174,0.0
H Davids,13,13,1,1,5,6.0,0.38461538461538464,0.07692307692307693
H Deol,207,222,9,25,77,6.434782608695652,0.3719806763285024,0.043478260869565216
H Deshan,108,140,8,18,39,7.777777777777778,0.3611111111111111,0.07407407407407407
H Dhami,51,54,3,7,24,6.352941176470588,0.47058823529411764,0.058823529411764705
H Dhanushka,133,126,1,12,58,5.684210526315789,0.43609022556390975,0.007518796992481203
H Dhavina,470,437,19,43,208,5.578723404255319,0.4425531914893617,0.04042553191489362
H Doriga,76,100,0,16,38,7.894736842105264,0.5,0.0
H Durham,62,48,2,5,37,4.64516129032258,0.5967741935483871,0.03225806451612903
H Dyer,24,23,1,3,11,5.75,0.4583333333333333,0.041666666666666664
H Elder,36,33,1,2,23,5.5,0.6388888888888888,0.027777777777777776
H Eulenkamp,58,70,3,7,27,7.241379310344828,0.46551724137931033,0.05172413793103448
H Fennell,664,656,50,71,324,5.927710843373494,0.4879518072289157,0.07530120481927711
H Gallage,6,2,1,0,3,2.0,0.5,0.16666666666666666
H Gori,13,22,1,3,6,10.153846153846155,0.46153846153846156,0.07692307692307693
H Goto,9,11,0,1,5,7.333333333333333,0.5555555555555556,0.0
H Graham,338,371,19,42,145,6.585798816568047,0.4289940828402367,0.05621301775147929
H Hardwick,72,59,2,7,49,4.916666666666667,0.6805555555555556,0.027777777777777776
H Hettiarchchi,51,45,4,4,26,5.294117647058823,0.5098039215686274,0.0784313725490196
H Hiri,127,127,6,14,49,6.0,0.3858267716535433,0.047244094488188976
H Hotchandani,824,658,38,57,413,4.79126213592233,0.5012135922330098,0.04611650485436893
H Ishimwe,1335,979,108,87,699,4.4,0.5235955056179775,0.08089887640449438
H Ivanov,13,11,0,1,8,5.0769230769230775,0.6153846153846154,0.0
H Jacobs,98,101,3,10,49,6.183673469387756,0.5,0.030612244897959183
H Karunaratne,131,144,2,16,51,6.595419847328245,0.3893129770992366,0.015267175572519083
H Kaur,1740,1574,55,155,789,5.427586206896552,0.453448275862069,0.031609195402298854
H Kaushik,220,222,2,18,86,6.054545454545455,0.39090909090909093,0.00909090909090909
H Kenula,232,169,14,19,143,4.370689655172414,0.6163793103448276,0.0603448275862069
H Kerr,610,578,20,66,292,5.685245901639344,0.4786885245901639,0.03278688524590164
H Khogiyani,207,247,8,25,81,7.159420289855072,0.391304347826087,0.03864734299516908
H Khuttan,71,71,4,5,30,6.0,0.4225352112676056,0.056338028169014086
H Klaasen,36,47,0,5,10,7.833333333333333,0.2777777777777778,0.0
H Klazinge,118,130,12,13,47,6.610169491525423,0.3983050847457627,0.1016949152542373
H Lakov,590,767,28,105,273,7.800000000000001,0.46271186440677964,0.04745762711864407
H Leko,164,114,5,4,98,4.170731707317073,0.5975609756097561,0.03048780487804878
H Lin Aung,377,420,23,50,164,6.684350132625995,0.4350132625994695,0.0610079575596817
H Lin Oo,173,228,10,27,73,7.907514450867052,0.42196531791907516,0.057803468208092484
H Little,43,35,0,3,25,4.883720930232558,0.5813953488372093,0.0
H Madavi,25,33,0,4,11,7.919999999999999,0.44,0.0
H Masakadza,1311,1272,24,117,558,5.821510297482837,0.425629290617849,0.018306636155606407
H Mbam,16,7,3,0,12,2.625,0.75,0.1875
H McKenzie,54,65,1,8,22,7.222222222222222,0.4074074074074074,0.018518518518518517
H Min Jian,18,16,1,1,8,5.333333333333333,0.4444444444444444,0.05555555555555555
H Mumford,224,164,11,7,141,4.392857142857142,0.6294642857142857,0.049107142857142856
H Nguyen,70,76,1,4,41,6.514285714285714,0.5857142857142857,0.014285714285714285
H Niaz,21,20,0,2,9,5.714285714285714,0.42857142857142855,0.0
H Osinde,933,741,30,92,614,4.765273311897106,0.6580921757770632,0.03215434083601286
H Patel,810,645,25,55,422,4.777777777777778,0.5209876543209877,0.030864197530864196
H Philip,12,11,0,0,3,5.5,0.25,0.0
H Pieterse,18,11,1,0,8,3.6666666666666665,0.4444444444444444,0.05555555555555555
H Ramaiya,118,120,4,11,48,6.101694915254237,0.4067796610169492,0.03389830508474576
H Rashid,197,252,9,32,83,7.6751269035532985,0.4213197969543147,0.04568527918781726
H Rathod,401,429,35,33,116,6.418952618453866,0.2892768079800499,0.08728179551122195
H Roy,46,28,4,0,21,3.652173913043478,0.45652173913043476,0.08695652173913043
H Satheedevi,134,200,7,24,54,8.955223880597016,0.40298507462686567,0.05223880597014925
H Sawaneh,44,42,2,7,25,5.7272727272727275,0.5681818181818182,0.045454545454545456
H Shah,60,55,0,9,36,5.5,0.6,0.0
H Shahid,120,123,9,12,46,6.15,0.38333333333333336,0.075
H Shreya,17,16,0,1,11,5.647058823529411,0.6470588235294118,0.0
H Sin Yee,17,18,0,1,10,6.352941176470588,0.5882352941176471,0.0
H Singh,92,105,2,13,42,6.8478260869565215,0.45652173913043476,0.021739130434782608
H Ssenyondo,3788,2873,164,262,2047,4.550686378035903,0.5403907074973601,0.04329461457233368
H Thaker,1907,1581,66,145,942,4.974305191400105,0.4939695857367593,0.0346093340325118
H Venkataram,282,339,20,43,112,7.212765957446808,0.3971631205673759,0.07092198581560284
H Virdee,12,26,1,4,3,13.0,0.25,0.08333333333333333
H Wickramasinghe,217,209,11,24,122,5.778801843317972,0.5622119815668203,0.05069124423963134
H Zimmerman,143,116,7,13,87,4.8671328671328675,0.6083916083916084,0.04895104895104895
H de Klerk,59,57,2,5,28,5.796610169491525,0.4745762711864407,0.03389830508474576
HA Chohan,766,715,37,78,402,5.600522193211488,0.5248041775456919,0.048302872062663184
HA Daluwatta,31,38,1,4,20,7.354838709677419,0.6451612903225806,0.03225806451612903
HA Sullivan,217,198,6,17,96,5.474654377880185,0.4423963133640553,0.027649769585253458
HA Varaiya,1297,1103,43,107,659,5.10254433307633,0.5080956052428681,0.03315343099460293
HAG Madhushanka,18,36,0,6,5,12.0,0.2777777777777778,0.0
HAM Samuddika,652,519,19,42,318,4.776073619631902,0.48773006134969327,0.029141104294478526
HAM Shah,1488,1286,50,124,761,5.185483870967742,0.5114247311827957,0.033602150537634407
HASD Siriwardene,2861,2476,95,219,1313,5.192590003495281,0.458930443900734,0.03320517301642782
HB Dickson,150,128,6,13,77,5.12,0.5133333333333333,0.04
HB Kayondo,24,22,2,3,11,5.5,0.4583333333333333,0.08333333333333333
HB Ralalage,101,101,4,14,51,6.0,0.504950495049505,0.039603960396039604
HB Shipley,487,504,17,66,237,6.209445585215605,0.486652977412731,0.03490759753593429
HC Brook,18,19,0,2,7,6.333333333333333,0.3888888888888889,0.0
HC Darley,269,276,7,33,148,6.156133828996282,0.550185873605948,0.026022304832713755
HC Knight,2139,1771,73,163,1002,4.967741935483871,0.4684431977559607,0.03412809724170173
HC Overdijk,13,11,1,1,5,5.0769230769230775,0.38461538461538464,0.07692307692307693
HD Ward,68,87,0,11,25,7.6764705882352935,0.36764705882352944,0.0
HD Weibgen,87,92,1,9,28,6.344827586206897,0.3218390804597701,0.011494252873563218
HDJ Siegers,899,795,45,80,474,5.305895439377085,0.5272525027808677,0.05005561735261402
HDPK Dharmasena,425,277,6,18,236,3.9105882352941177,0.5552941176470588,0.01411764705882353
HDRL Thirimanne,107,94,3,8,47,5.271028037383178,0.4392523364485981,0.028037383177570093
HDRS Silva,80,83,2,8,35,6.225,0.4375,0.025
HE Jones,2180,1530,65,167,1268,4.2110091743119265,0.581651376146789,0.02981651376146789
HE Whelan,42,25,0,3,28,3.5714285714285716,0.6666666666666666,0.0
HE van der Dussen,6,3,1,0,2,3.0,0.3333333333333333,0.16666666666666666
HER Tyler,448,623,27,73,166,8.34375,0.3705357142857143,0.060267857142857144
HF Gurney,2346,2394,76,280,1152,6.122762148337596,0.49104859335038364,0.03239556692242114
HG Mohammed,81,53,6,4,51,3.925925925925926,0.6296296296296297,0.07407407407407407
HGK Dilshan,420,308,21,32,244,4.4,0.580952380952381,0.05
HGKD Dhanushka,104,79,2,8,61,4.557692307692308,0.5865384615384616,0.019230769230769232
HH Abdallah,96,56,5,2,50,3.5,0.5208333333333334,0.052083333333333336
HH Aung,150,104,7,6,81,4.16,0.54,0.04666666666666667
HH Banner,61,112,3,15,20,11.01639344262295,0.32786885245901637,0.04918032786885246
HH Pandya,5809,6319,210,741,2642,6.5267688070235845,0.45481149939748666,0.03615080048201067
HH Patel,49,70,1,8,12,8.571428571428571,0.24489795918367346,0.02040816326530612
HH Ramanayake,128,94,5,13,82,4.40625,0.640625,0.0390625
HH Streak,1550,1068,42,112,971,4.134193548387097,0.6264516129032258,0.027096774193548386
HHC Gunaratne,435,358,19,41,236,4.937931034482759,0.542528735632184,0.04367816091954023
HJ Armitage,786,692,28,63,371,5.282442748091603,0.4720101781170484,0.035623409669211195
HJ Darlington,93,99,2,9,39,6.387096774193548,0.41935483870967744,0.021505376344086023
HJ Manenti,863,853,52,82,404,5.930475086906141,0.4681344148319815,0.06025492468134415
HJ Mehta,152,113,5,15,104,4.4605263157894735,0.6842105263157895,0.03289473684210526
HJ Moore,514,458,12,46,273,5.346303501945525,0.5311284046692607,0.023346303501945526
HJ Thomas,1315,942,55,96,758,4.29809885931559,0.5764258555133079,0.04182509505703422
HJC Mol,118,106,4,8,54,5.389830508474576,0.4576271186440678,0.03389830508474576
HJH Brookes,1459,1488,55,186,699,6.119259766963674,0.47909527073337904,0.03769705277587389
HK Badani,63,53,2,5,28,5.0476190476190474,0.4444444444444444,0.031746031746031744
HK Bennett,1161,1175,47,133,575,6.072351421188631,0.49526270456503013,0.040482342807924204
HK Kukreja,25,51,1,6,3,12.239999999999998,0.12,0.04
HK Matthews,6019,5033,249,511,2981,5.017112477155674,0.4952649941850806,0.041368998172453895
HK Olonga,51,33,1,3,40,3.8823529411764706,0.7843137254901961,0.0196078431372549
HKT Udeshana,223,180,8,16,122,4.843049327354261,0.547085201793722,0.03587443946188341
HL Baker,1874,1581,49,156,949,5.061899679829242,0.5064034151547492,0.026147278548559232
HL Colvin,1057,761,45,61,518,4.319772942289498,0.4900662251655629,0.04257332071901608
HL Fenby,81,68,0,6,54,5.037037037037037,0.6666666666666666,0.0
HL Ferling,726,542,21,56,458,4.479338842975206,0.6308539944903582,0.028925619834710745
HL Harji,156,194,7,26,61,7.461538461538462,0.391025641025641,0.04487179487179487
HL Tau,371,340,17,33,164,5.498652291105121,0.4420485175202156,0.04582210242587601
HM Khan,245,239,4,29,138,5.853061224489796,0.563265306122449,0.0163265306122449
HM Omary,12,7,0,0,6,3.5,0.5,0.0
HM Rowe,2643,2235,88,257,1478,5.073779795686719,0.559213015512675,0.03329549754067348
HM Watson,43,25,0,4,32,3.488372093023256,0.7441860465116279,0.0
HMCM Bandara,1270,1080,34,73,547,5.102362204724409,0.43070866141732284,0.026771653543307086
HMD Rasangika,475,528,29,50,191,6.6694736842105256,0.40210526315789474,0.061052631578947365
HMHE Parsons,19,38,1,5,4,12.0,0.21052631578947367,0.05263157894736842
HML Madushani,6,9,0,1,2,9.0,0.3333333333333333,0.0
HMRKB Herath,3397,2614,98,180,1608,4.617015013246983,0.47335884604062406,0.028848984397998233
HN Ya France,947,792,21,85,526,5.017951425554382,0.5554382259767687,0.022175290390707498
HNA Conway,540,502,14,64,304,5.5777777777777775,0.562962962962963,0.025925925925925925
HNK Jensen,1940,1877,82,226,903,5.805154639175258,0.4654639175257732,0.042268041237113405
HP Rinke,97,114,2,17,46,7.051546391752577,0.4742268041237113,0.020618556701030927
HR Bhamu,75,46,3,4,49,3.68,0.6533333333333333,0.04
HR Huddleston,1335,1015,47,123,798,4.561797752808989,0.597752808988764,0.03520599250936329
HR Johnson,67,70,1,9,41,6.268656716417911,0.6119402985074627,0.014925373134328358
HR Walsh,1893,1934,65,187,794,6.129952456418383,0.41944004226096143,0.03433703116745906
HRA Rainey,827,737,34,78,439,5.347037484885127,0.5308343409915357,0.041112454655380895
HS Baidwan,1074,1031,43,113,537,5.759776536312849,0.5,0.04003724394785847
HS Bedi,12,19,0,3,3,9.5,0.25,0.0
HS Hansen,39,40,0,8,27,6.153846153846154,0.6923076923076923,0.0
HS Jayasena,108,95,4,10,59,5.277777777777778,0.5462962962962963,0.037037037037037035
HS Saili,47,28,6,3,29,3.5744680851063833,0.6170212765957447,0.1276595744680851
HT Crocombe,1516,1502,46,179,734,5.944591029023747,0.4841688654353562,0.030343007915567283
HT Dixon,73,61,1,4,31,5.013698630136987,0.4246575342465753,0.0136986301369863
HT Tector,1211,1092,33,108,611,5.410404624277456,0.5045417010734929,0.027250206440957887
HTRY Thornton,1340,1283,40,145,675,5.744776119402985,0.503731343283582,0.029850746268656716
HV Jones,321,236,8,24,180,4.411214953271028,0.5607476635514018,0.024922118380062305
HV Mandhyan,436,517,25,62,182,7.114678899082568,0.41743119266055045,0.05733944954128441
HV Patel,527,791,31,99,173,9.005692599620494,0.32827324478178366,0.058823529411764705
HW Podmore,1250,1292,26,149,580,6.2016,0.464,0.0208
HW Rambaldo,26,28,0,0,8,6.461538461538462,0.3076923076923077,0.0
HWA Landheer,1074,919,58,85,594,5.134078212290503,0.553072625698324,0.054003724394785846
HWR Cartwright,144,177,3,22,58,7.375,0.4027777777777778,0.020833333333333332
HZ Finch,10,22,0,4,2,13.2,0.2,0.0
Habib Khan,487,540,30,52,218,6.652977412731006,0.44763860369609854,0.061601642710472276
Habiba Islam,13,20,0,3,4,9.230769230769232,0.3076923076923077,0.0
Hadia Siddiqui,127,122,4,8,69,5.763779527559055,0.5433070866141733,0.031496062992125984
Haider Ali,774,703,36,70,362,5.449612403100775,0.46770025839793283,0.046511627906976744
Haider Butt,161,205,13,22,50,7.6397515527950315,0.3105590062111801,0.08074534161490683
Hala Azmat,62,56,4,5,28,5.419354838709677,0.45161290322580644,0.06451612903225806
Haliam Kwon,40,46,0,3,19,6.8999999999999995,0.475,0.0
Hamid Mahmood,283,242,15,16,120,5.130742049469965,0.42402826855123676,0.053003533568904596
Hamid Safi,43,76,4,10,14,10.604651162790697,0.32558139534883723,0.09302325581395349
Hamidullah Qadri,1087,1038,33,83,406,5.72953081876725,0.3735050597976081,0.03035878564857406
Hammad Azam,141,129,3,9,59,5.48936170212766,0.41843971631205673,0.02127659574468085
Hammad Saeed,139,93,10,10,82,4.014388489208633,0.5899280575539568,0.07194244604316546
Hammadullah Khan,26,30,0,4,16,6.923076923076923,0.6153846153846154,0.0
Hamza Dar,78,104,3,11,31,8.0,0.3974358974358974,0.038461538461538464
Hamza Khan,6,15,0,2,1,15.0,0.16666666666666666,0.0
Hamza Tahir,1774,1505,60,132,852,5.090191657271702,0.48027057497181513,0.033821871476888386
Han Junhui,7,8,0,0,3,6.857142857142857,0.42857142857142855,0.0
Han Lili,297,192,20,9,150,3.878787878787879,0.5050505050505051,0.06734006734006734
Hannan Sarkar,3,13,0,2,0,26.0,0.0,0.0
Harbhajan Singh,8707,6606,218,487,4531,4.552199379809348,0.5203858964051912,0.025037326289192603
Hardeep Singh,83,117,3,16,35,8.457831325301205,0.42168674698795183,0.03614457831325301
Haris Karim,25,53,1,7,4,12.719999999999999,0.16,0.04
Haris Rauf,4663,5314,239,641,2019,6.837658159982844,0.432983058117092,0.05125455715204804
Haris Sohail,613,593,13,57,250,5.804241435562806,0.4078303425774878,0.021207177814029365
Harjit Singh,34,9,1,0,29,1.588235294117647,0.8529411764705882,0.029411764705882353
Harmeet Singh,1785,1517,67,138,873,5.099159663865546,0.4890756302521008,0.03753501400560224
Haroon Arshad,626,819,34,103,261,7.8498402555910545,0.4169329073482428,0.054313099041533544
Haroon Shahid,269,191,11,25,169,4.260223048327138,0.6282527881040892,0.040892193308550186
Harprit Singh,19,32,1,5,6,10.105263157894738,0.3157894736842105,0.05263157894736842
Harry Johnson,207,285,9,38,79,8.26086956521739,0.38164251207729466,0.043478260869565216
Harry Singh,225,174,7,14,103,4.64,0.4577777777777778,0.03111111111111111
Harshit Rana,880,1026,37,145,407,6.995454545454546,0.4625,0.042045454545454546
Harvinder Singh,6,8,0,1,3,8.0,0.5,0.0
Hasan Ali,4426,4844,189,587,1996,6.566651604157253,0.4509715318572074,0.04270221418888387
Hasan Cakir,7,5,1,0,4,4.285714285714286,0.5714285714285714,0.14285714285714285
Hasan Mahmud,1466,1603,58,208,726,6.560709413369714,0.495225102319236,0.03956343792633015
Hasan Murad,12,16,0,2,4,8.0,0.3333333333333333,0.0
Haseeb Amjad,768,756,47,94,388,5.90625,0.5052083333333334,0.061197916666666664
Haseeb Khan,24,20,0,4,17,5.0,0.7083333333333334,0.0
Hashir Hussain,27,38,1,4,7,8.444444444444445,0.25925925925925924,0.037037037037037035
Hasibul Hossain,107,121,1,20,66,6.785046728971963,0.616822429906542,0.009345794392523364
Hasith Perera,6,2,1,0,4,2.0,0.6666666666666666,0.16666666666666666
Hasith Rathnakake,117,77,4,8,68,3.948717948717949,0.5811965811965812,0.03418803418803419
Hasnat Ahmed,190,203,8,23,88,6.410526315789474,0.4631578947368421,0.042105263157894736
Hassan Ghulam,676,527,29,54,391,4.677514792899408,0.5784023668639053,0.042899408284023666
Hassan Khan Mohammad,100,124,4,16,45,7.4399999999999995,0.45,0.04
Hassan Mehmood,78,101,6,12,29,7.769230769230769,0.3717948717948718,0.07692307692307693
Hassan Nasir,63,58,2,4,33,5.523809523809524,0.5238095238095238,0.031746031746031744
Hassnain Shah,340,378,13,43,149,6.670588235294118,0.43823529411764706,0.03823529411764706
Hawwa Ifasha,8,16,0,2,2,12.0,0.25,0.0
Hawwa Shaaiqa,12,15,0,0,7,7.5,0.5833333333333334,0.0
Hayatullah Niazi,114,110,5,11,65,5.7894736842105265,0.5701754385964912,0.043859649122807015
Hazrat Bilal,280,225,10,28,171,4.821428571428572,0.6107142857142858,0.03571428571428571
Hazrat Luqman,38,64,1,9,15,10.105263157894738,0.39473684210526316,0.02631578947368421
Heal Theara,109,96,4,4,52,5.28440366972477,0.47706422018348627,0.03669724770642202
Hein Zin Aung,6,13,0,1,0,13.0,0.0,0.0
Hiba Shamshad,68,52,2,4,36,4.588235294117647,0.5294117647058824,0.029411764705882353
Hilva Noor,64,16,7,0,52,1.5,0.8125,0.109375
Hina Hussain,28,21,3,2,16,4.5,0.5714285714285714,0.10714285714285714
Hisham Mirza,218,152,7,14,127,4.18348623853211,0.5825688073394495,0.03211009174311927
Hisham Sheikh,589,686,28,73,214,6.98811544991511,0.3633276740237691,0.04753820033955857
Hongki Kim,6,8,0,1,2,8.0,0.3333333333333333,0.0
Hor Siv na,62,37,0,2,42,3.5806451612903225,0.6774193548387096,0.0
Hou Rui,7,13,1,2,3,11.142857142857142,0.42857142857142855,0.14285714285714285
Humaira Tasneem,132,113,11,7,56,5.136363636363637,0.42424242424242425,0.08333333333333333
Humna Bilal,33,53,2,7,8,9.636363636363637,0.24242424242424243,0.06060606060606061
Hung Ying Ho,113,58,3,4,79,3.0796460176991154,0.6991150442477876,0.02654867256637168
Hussain Talat,143,186,7,20,49,7.804195804195804,0.34265734265734266,0.04895104895104895
Huzaif Yousuf,70,109,3,13,29,9.342857142857143,0.4142857142857143,0.04285714285714286
Huzaifa Akram,99,62,2,6,68,3.757575757575758,0.6868686868686869,0.020202020202020204
Huzaifa Mohammed,530,550,27,55,234,6.226415094339623,0.44150943396226416,0.0509433962264151
Hwanhee Lee,60,84,6,8,12,8.4,0.2,0.1
Hyejin Park,52,42,2,1,32,4.846153846153847,0.6153846153846154,0.038461538461538464
I Alumo,249,205,12,22,141,4.9397590361445785,0.5662650602409639,0.04819277108433735
I Asif,122,145,7,12,44,7.131147540983607,0.36065573770491804,0.05737704918032787
I Bardis,8,12,1,1,3,9.0,0.375,0.125
I Barma,827,626,49,46,398,4.541717049576783,0.48125755743651755,0.0592503022974607
I Bist,264,244,11,19,126,5.545454545454546,0.4772727272727273,0.041666666666666664
I Chathurani,332,165,24,2,214,2.9819277108433733,0.6445783132530121,0.07228915662650602
I Chuma,198,184,9,12,105,5.575757575757576,0.5303030303030303,0.045454545454545456
I Danladi,559,559,38,46,231,6.0,0.41323792486583183,0.06797853309481217
I Edwards,277,271,15,26,145,5.870036101083032,0.5234657039711191,0.05415162454873646
I Elec,117,127,6,11,49,6.512820512820513,0.4188034188034188,0.05128205128205128
I Goordial-John,252,199,11,13,121,4.738095238095238,0.4801587301587302,0.04365079365079365
I Kaia,40,31,0,2,19,4.6499999999999995,0.475,0.0
I Kamara,440,310,24,23,252,4.2272727272727275,0.5727272727272728,0.05454545454545454
I Karannagoda,337,224,11,23,193,3.9881305637982196,0.5727002967359051,0.032640949554896145
I Katzarski,14,25,0,3,4,10.714285714285714,0.2857142857142857,0.0
I Kaushal,289,338,6,43,148,7.017301038062284,0.5121107266435986,0.020761245674740483
I Komba,7,8,1,0,2,6.857142857142857,0.2857142857142857,0.14285714285714285
I Koroma,14,11,0,0,5,4.714285714285714,0.35714285714285715,0.0
I Maraj,27,23,0,3,15,5.111111111111111,0.5555555555555556,0.0
I Master,33,56,2,7,9,10.181818181818182,0.2727272727272727,0.06060606060606061
I Medhi,7,12,0,1,0,10.285714285714285,0.0,0.0
I Mugisha,195,232,9,31,81,7.138461538461539,0.4153846153846154,0.046153846153846156
I Muhawenimana,486,376,17,32,316,4.6419753086419755,0.6502057613168725,0.03497942386831276
I Muntean,156,136,7,5,87,5.230769230769231,0.5576923076923077,0.04487179487179487
I Mutoni,211,173,15,21,128,4.919431279620853,0.6066350710900474,0.07109004739336493
I Mwebaze,36,33,1,3,19,5.5,0.5277777777777778,0.027777777777777776
I Nakisuuyi,1062,852,61,68,523,4.813559322033898,0.4924670433145009,0.05743879472693032
I Nandakumar,1032,821,42,74,538,4.773255813953488,0.5213178294573644,0.040697674418604654
I Nandera,48,36,3,4,31,4.5,0.6458333333333334,0.0625
I Ntirenganya,848,911,44,108,423,6.445754716981131,0.4988207547169811,0.05188679245283019
I Opperman,87,61,4,5,47,4.206896551724138,0.5402298850574713,0.04597701149425287
I Quee,33,19,4,1,16,3.4545454545454546,0.48484848484848486,0.12121212121212122
I Ranaweera,5016,4150,185,398,2434,4.964114832535885,0.4852472089314195,0.036881977671451356
I Rodriguez,33,29,2,2,25,5.2727272727272725,0.7575757575757576,0.06060606060606061
I Sharma,4393,4228,141,535,2288,5.774641475073982,0.520828590940132,0.032096517186432964
I Shukla,226,219,12,16,122,5.814159292035399,0.5398230088495575,0.05309734513274336
I Siriwardanalage,15,16,0,1,11,6.4,0.7333333333333333,0.0
I Siriwardene,224,176,5,18,127,4.714285714285714,0.5669642857142857,0.022321428571428572
I Stewart,49,68,4,8,14,8.326530612244898,0.2857142857142857,0.08163265306122448
I Suhun,109,132,3,13,40,7.26605504587156,0.3669724770642202,0.027522935779816515
I Takahashi,694,675,40,73,328,5.835734870317003,0.47262247838616717,0.05763688760806916
I Tchakou,56,67,5,6,33,7.178571428571428,0.5892857142857143,0.08928571428571429
I Thimira,512,330,15,24,304,3.8671875,0.59375,0.029296875
I Thomson,7,19,0,3,2,16.285714285714285,0.2857142857142857,0.0
I Toua,1327,956,56,89,736,4.3225320271288625,0.5546345139412208,0.04220045214770158
I Uboh,80,112,4,13,22,8.4,0.275,0.05
I Udana,1908,2136,67,240,822,6.716981132075472,0.4308176100628931,0.03511530398322851
I Waqavakatoga,195,152,16,13,102,4.676923076923077,0.5230769230769231,0.08205128205128205
I Wardlaw,699,712,24,98,377,6.111587982832618,0.5393419170243204,0.034334763948497854
I Wijesundera,164,173,6,19,75,6.329268292682927,0.4573170731707317,0.036585365853658534
I van Zyl,1084,828,54,77,594,4.583025830258303,0.5479704797047971,0.04981549815498155
I van der Woning,514,529,21,66,287,6.175097276264591,0.5583657587548638,0.04085603112840467
IA Gidwani,24,17,1,1,11,4.25,0.4583333333333333,0.041666666666666664
IA Nicolson,44,74,1,13,17,10.090909090909092,0.38636363636363635,0.022727272727272728
IAA Thomas,359,383,11,42,172,6.401114206128134,0.479108635097493,0.03064066852367688
IC Simao,199,249,7,24,76,7.507537688442212,0.38190954773869346,0.035175879396984924
IC West,85,53,4,7,57,3.7411764705882353,0.6705882352941176,0.047058823529411764
ID Blackwell,846,567,15,38,472,4.0212765957446805,0.557919621749409,0.01773049645390071
IDGP Kisawa,73,85,1,10,29,6.986301369863014,0.3972602739726027,0.0136986301369863
IDM Latin,196,311,12,37,49,9.520408163265307,0.25,0.061224489795918366
IDR Bradshaw,2562,1802,69,178,1585,4.220140515222482,0.6186572989851679,0.026932084309133488
IE O'Brien,540,615,22,80,231,6.833333333333333,0.42777777777777776,0.040740740740740744
IECM Wong,2245,2077,63,291,1315,5.551002227171492,0.5857461024498887,0.028062360801781736
IG Butler,988,1076,43,129,454,6.534412955465587,0.45951417004048584,0.043522267206477734
IG Holland,2831,2170,87,221,1570,4.599081596608972,0.5545743553514659,0.0307311903920876
IGTP Wiguna,88,104,4,15,39,7.090909090909091,0.4431818181818182,0.045454545454545456
IGTR Kumara,12,17,0,1,5,8.5,0.4166666666666667,0.0
IH Romaine,110,130,1,11,43,7.090909090909092,0.39090909090909093,0.00909090909090909
IJ Carlisle,185,190,8,24,93,6.162162162162162,0.5027027027027027,0.043243243243243246
IJ Harvey,927,713,30,72,510,4.614886731391586,0.5501618122977346,0.032362459546925564
IJL Trott,423,424,9,38,177,6.01418439716312,0.41843971631205673,0.02127659574468085
IJR Zwilling,2628,1980,128,221,1530,4.52054794520548,0.5821917808219178,0.0487062404870624
IK Cheema,86,76,3,3,58,5.3023255813953485,0.6744186046511628,0.03488372093023256
IK Gamantika,937,903,56,77,389,5.782283884738527,0.4151547491995731,0.05976520811099253
IK Pathan,5507,5017,184,601,2988,5.466134011258398,0.5425821681496278,0.03341202106410024
IKEG Artawan,1150,1245,64,124,440,6.495652173913044,0.3826086956521739,0.05565217391304348
IKO Aboagye,683,421,35,38,415,3.6983894582723282,0.6076134699853587,0.05124450951683748
IL Parks,14,8,2,0,12,3.4285714285714284,0.8571428571428571,0.14285714285714285
IM Vaghela,798,639,36,56,452,4.804511278195489,0.5664160401002506,0.045112781954887216
IMHC Joyce,1153,946,37,92,617,4.922810060711188,0.5351257588898526,0.032090199479618386
IO Okpe,1745,1758,102,178,787,6.044699140401146,0.4510028653295129,0.05845272206303725
IP Swaney,202,201,10,26,103,5.970297029702971,0.5099009900990099,0.04950495049504951
IPC Patel,34,48,0,7,14,8.470588235294118,0.4117647058823529,0.0
IR Bell,92,89,6,8,35,5.804347826086956,0.3804347826086957,0.06521739130434782
IS Mananelage,34,29,1,1,20,5.117647058823529,0.5882352941176471,0.029411764705882353
IS Sodhi,5413,6147,232,620,1945,6.813596896360614,0.35932015518196936,0.042859782006281176
IS Sohi,94,79,5,10,52,5.042553191489362,0.5531914893617021,0.05319148936170213
ISW Ranepura,50,65,1,8,17,7.8,0.34,0.02
IT Guha,176,118,6,14,119,4.0227272727272725,0.6761363636363636,0.03409090909090909
IW Budiarta,116,128,3,8,42,6.620689655172415,0.3620689655172414,0.02586206896551724
IY Mckeon,63,62,3,4,34,5.904761904761905,0.5396825396825397,0.047619047619047616
Ian Roberts,12,8,0,0,5,4.0,0.4166666666666667,0.0
Ibrahim Hassan,1000,1156,42,137,483,6.936000000000001,0.483,0.042
Ibrahim Jabarkhel,102,103,5,8,38,6.0588235294117645,0.37254901960784315,0.049019607843137254
Ibrahim Kursad Dalyan,51,67,1,9,21,7.882352941176471,0.4117647058823529,0.0196078431372549
Ibrahim Nashath,115,120,6,12,41,6.260869565217391,0.3565217391304348,0.05217391304347826
Ibrahim Rahimi,24,40,1,7,13,10.0,0.5416666666666666,0.041666666666666664
Ibrahim Rizan,597,692,31,68,225,6.954773869346734,0.3768844221105528,0.051926298157453935
Ibrahim Vhora,47,65,3,9,18,8.297872340425533,0.3829787234042553,0.06382978723404255
Ibrar Ahmad,46,57,6,8,20,7.434782608695652,0.43478260869565216,0.13043478260869565
Ibrarul Haq,469,374,20,37,300,4.784648187633262,0.6396588486140725,0.042643923240938165
Iftekar Jaman,7,15,0,3,2,12.857142857142856,0.2857142857142857,0.0
Iftikhar Ahmed,1047,1052,26,104,420,6.02865329512894,0.40114613180515757,0.024832855778414518
Iftikhar Anjum,2771,2314,75,271,1556,5.010465535907615,0.5615301335258029,0.027066041140382534
Iftikhar Kankhel,193,273,13,39,80,8.487046632124352,0.41450777202072536,0.06735751295336788
Ihsan Ullah,27,35,1,6,13,7.777777777777778,0.48148148148148145,0.037037037037037035
Ihsanullah,76,101,0,12,30,7.973684210526316,0.39473684210526316,0.0
Ihsanullah Wafa,12,16,1,2,3,8.0,0.25,0.08333333333333333
Ijaz Hussain,501,585,39,58,218,7.005988023952096,0.4351297405189621,0.07784431137724551
Ikbal Hossain,64,63,3,8,39,5.90625,0.609375,0.046875
Ikramullah Khan,1367,1506,69,164,596,6.610095098756401,0.4359912216532553,0.05047549378200439
Ilenia Sims,313,305,26,22,109,5.846645367412141,0.34824281150159747,0.08306709265175719
Ilyas Ahmed,324,393,17,57,154,7.277777777777778,0.47530864197530864,0.05246913580246913
Ilyas Ataullah,205,290,10,36,62,8.487804878048781,0.3024390243902439,0.04878048780487805
Ilyas Cetin,27,66,2,9,8,14.666666666666666,0.2962962962962963,0.07407407407407407
Imad Wasim,3880,3483,121,298,1718,5.3860824742268045,0.44278350515463916,0.03118556701030928
Imal Zuwak,6,9,0,1,4,9.0,0.6666666666666666,0.0
Imran Ahmed Kaneez,134,133,6,14,78,5.955223880597015,0.582089552238806,0.04477611940298507
Imran Ali,225,163,11,19,135,4.346666666666667,0.6,0.04888888888888889
Imran Ameer,377,429,14,46,149,6.827586206896552,0.3952254641909814,0.03713527851458886
Imran Anwar,1928,2140,110,253,807,6.659751037344399,0.41856846473029047,0.05705394190871369
Imran Arif,267,247,21,29,141,5.550561797752809,0.5280898876404494,0.07865168539325842
Imran Ashraf,68,51,2,4,36,4.5,0.5294117647058824,0.029411764705882353
Imran Awan,80,94,3,10,38,7.05,0.475,0.0375
Imran Butt,49,72,3,11,22,8.816326530612246,0.4489795918367347,0.061224489795918366
Imran Farhat,51,44,2,4,23,5.176470588235294,0.45098039215686275,0.0392156862745098
Imran Haider,1463,1303,55,127,711,5.343814080656186,0.4859876965140123,0.03759398496240601
Imran Khan,1392,1460,73,176,676,6.293103448275862,0.48563218390804597,0.05244252873563218
Imran Khan (1),74,106,3,10,17,8.594594594594595,0.22972972972972974,0.04054054054054054
Imran Patel,29,47,1,7,14,9.724137931034484,0.4827586206896552,0.034482758620689655
Imran Qayyum,719,681,12,60,286,5.682892906815021,0.39777468706536856,0.016689847009735744
Imran Tahir,6583,5404,248,473,3118,4.925413945009874,0.4736442351511469,0.037672793559167556
Imran Yousaf,124,129,7,14,60,6.241935483870967,0.4838709677419355,0.056451612903225805
Imran ullah Gul,19,27,1,3,6,8.526315789473685,0.3157894736842105,0.05263157894736842
Imraz Rafi,155,115,2,6,83,4.451612903225807,0.535483870967742,0.012903225806451613
Imtiaz Khan,76,107,5,13,24,8.447368421052632,0.3157894736842105,0.06578947368421052
Inam-ul-Haq,425,404,16,43,201,5.703529411764706,0.47294117647058825,0.03764705882352941
Inho Cha,51,59,1,6,21,6.9411764705882355,0.4117647058823529,0.0196078431372549
Inshaf Farook,111,93,7,4,54,5.027027027027027,0.4864864864864865,0.06306306306306306
Inyeong Oh,26,14,1,0,15,3.230769230769231,0.5769230769230769,0.038461538461538464
Iqbal Hossain,31,31,3,2,7,6.0,0.22580645161290322,0.0967741935483871
Iqbal Hussain,890,849,53,90,416,5.723595505617977,0.46741573033707867,0.05955056179775281
Iqra Sahar,1086,909,46,93,660,5.0220994475138125,0.6077348066298343,0.0423572744014733
Iram Javed,84,96,2,9,39,6.857142857142857,0.4642857142857143,0.023809523809523808
Irfan Ahmed,634,628,28,73,309,5.943217665615141,0.48738170347003157,0.04416403785488959
Irfan Bhima,24,22,1,0,12,5.5,0.5,0.041666666666666664
Irfan Hafejee,377,428,25,46,162,6.811671087533156,0.4297082228116711,0.06631299734748011
Irfan Khan,34,51,3,6,9,9.0,0.2647058823529412,0.08823529411764706
Irfan Safi,97,127,9,17,40,7.855670103092783,0.41237113402061853,0.09278350515463918
Irfan Sajid,18,11,0,0,7,3.6666666666666665,0.3888888888888889,0.0
Irfan Sarfraz,18,24,0,3,8,8.0,0.4444444444444444,0.0
Irshad Ahamad,66,55,0,4,28,5.0,0.42424242424242425,0.0
Irshad Mubbashar,12,22,1,3,2,11.0,0.16666666666666666,0.08333333333333333
Isa Zaroo,56,91,4,11,18,9.75,0.32142857142857145,0.07142857142857142
Ishara Perera,31,34,0,4,18,6.580645161290322,0.5806451612903226,0.0
Ishtiaq Ahmad,932,1036,67,123,415,6.6695278969957075,0.44527896995708155,0.07188841201716738
Ismail Ali,6,9,0,1,2,9.0,0.3333333333333333,0.0
Ismaila Tanba,75,116,4,14,25,9.28,0.3333333333333333,0.05333333333333334
Israr Khan,25,37,0,4,8,8.879999999999999,0.32,0.0
Itibarshah Deedar,110,147,3,13,42,8.01818181818182,0.38181818181818183,0.02727272727272727
Izatullah Dawlatzai,232,211,9,19,120,5.456896551724138,0.5172413793103449,0.03879310344827586
Izaz Ali,204,295,13,41,100,8.676470588235293,0.49019607843137253,0.06372549019607843
J Adderley,41,31,1,3,25,4.536585365853659,0.6097560975609756,0.024390243902439025
J Ajiambo,305,220,18,21,162,4.327868852459016,0.5311475409836065,0.05901639344262295
J Albin,186,305,6,37,59,9.838709677419354,0.3172043010752688,0.03225806451612903
J Allenby,881,697,6,61,461,4.7468785471055615,0.5232690124858116,0.00681044267877412
J Anderson,60,53,1,6,27,5.3,0.45,0.016666666666666666
J Baguma,362,392,28,45,182,6.497237569060773,0.5027624309392266,0.07734806629834254
J Baker,47,65,3,6,19,8.297872340425533,0.40425531914893614,0.06382978723404255
J Baleicikoibia,70,38,2,3,54,3.257142857142857,0.7714285714285715,0.02857142857142857
J Banton,72,55,4,5,32,4.583333333333333,0.4444444444444444,0.05555555555555555
J Barnes,69,49,2,7,46,4.260869565217392,0.6666666666666666,0.028985507246376812
J Bartholemew,31,30,1,2,18,5.806451612903225,0.5806451612903226,0.03225806451612903
J Batinibulu,207,252,7,26,74,7.304347826086956,0.357487922705314,0.033816425120772944
J Benjamin,52,71,1,8,19,8.192307692307693,0.36538461538461536,0.019230769230769232
J Blackwood,18,16,0,0,4,5.333333333333333,0.2222222222222222,0.0
J Blades,264,357,7,48,119,8.113636363636363,0.45075757575757575,0.026515151515151516
J Botha,4475,3696,119,258,2011,4.955530726256983,0.4493854748603352,0.026592178770949722
J Broad,547,532,18,68,294,5.835466179159049,0.5374771480804388,0.03290676416819013
J Brown,99,95,4,10,48,5.757575757575758,0.48484848484848486,0.04040404040404041
J Buchanan,155,162,6,11,55,6.270967741935484,0.3548387096774194,0.03870967741935484
J Bulele,276,313,17,32,111,6.804347826086956,0.40217391304347827,0.06159420289855073
J Bulpitt,104,83,2,10,66,4.788461538461539,0.6346153846153846,0.019230769230769232
J Butler,275,320,21,31,102,6.9818181818181815,0.3709090909090909,0.07636363636363637
J Byrappa,58,66,3,6,20,6.8275862068965525,0.3448275862068966,0.05172413793103448
J Cameron-Dow,351,273,5,27,201,4.666666666666667,0.5726495726495726,0.014245014245014245
J Campbell,24,20,1,1,8,5.0,0.3333333333333333,0.041666666666666664
J Carty,122,105,1,15,75,5.163934426229509,0.6147540983606558,0.00819672131147541
J Charles,7,12,0,1,3,10.285714285714285,0.42857142857142855,0.0
J Chaturanga,73,56,2,6,47,4.602739726027398,0.6438356164383562,0.0273972602739726
J Chialoufas,24,28,1,4,10,7.0,0.4166666666666667,0.041666666666666664
J Chilia,8,12,1,2,5,9.0,0.625,0.125
J Chirila,103,85,2,1,69,4.951456310679611,0.6699029126213593,0.019417475728155338
J Clark,1362,1413,35,170,654,6.224669603524229,0.4801762114537445,0.02569750367107195
J Clayton,24,26,0,2,6,6.5,0.25,0.0
J Coetzee,543,435,50,42,289,4.806629834254144,0.5322283609576427,0.09208103130755065
J Cutinho,50,60,6,8,21,7.199999999999999,0.42,0.12
J Daley,38,32,4,6,22,5.052631578947369,0.5789473684210527,0.10526315789473684
J Danikula,118,156,7,20,51,7.932203389830508,0.4322033898305085,0.059322033898305086
J Davidson,62,79,4,13,26,7.64516129032258,0.41935483870967744,0.06451612903225806
J Dickinson,24,23,1,0,5,5.75,0.20833333333333334,0.041666666666666664
J Dowling,107,125,6,16,51,7.009345794392524,0.4766355140186916,0.056074766355140186
J Drysdale,344,407,16,59,162,7.098837209302325,0.47093023255813954,0.046511627906976744
J Dunn,12,16,0,2,4,8.0,0.3333333333333333,0.0
J Dzulfikar,107,73,7,5,67,4.093457943925234,0.6261682242990654,0.06542056074766354
J Edmiston,45,39,2,1,31,5.2,0.6888888888888889,0.044444444444444446
J Edwards,710,540,20,64,428,4.563380281690141,0.6028169014084507,0.028169014084507043
J Efosa,189,171,11,16,97,5.428571428571429,0.5132275132275133,0.0582010582010582
J Erdenesuvd,163,186,2,15,57,6.846625766871165,0.3496932515337423,0.012269938650306749
J Essex,30,39,0,5,12,7.8,0.4,0.0
J Evans,374,363,30,32,152,5.823529411764706,0.40641711229946526,0.08021390374331551
J Fernando,63,94,1,13,24,8.952380952380953,0.38095238095238093,0.015873015873015872
J Gallimore,6,21,0,3,0,21.0,0.0,0.0
J Gardner,886,801,23,80,459,5.424379232505644,0.518058690744921,0.025959367945823927
J George,92,117,1,13,37,7.630434782608695,0.40217391304347827,0.010869565217391304
J Ghadiyali,60,56,4,6,28,5.6,0.4666666666666667,0.06666666666666667
J Gilbert,238,175,6,13,141,4.411764705882353,0.592436974789916,0.025210084033613446
J Giyanani,27,35,0,3,12,7.777777777777778,0.4444444444444444,0.0
J Glasgow,364,341,10,46,199,5.620879120879121,0.5467032967032966,0.027472527472527472
J Goswami,4046,2777,138,340,2527,4.118141374196737,0.6245674740484429,0.034107760751359364
J Grewcock,1365,987,43,84,743,4.338461538461538,0.5443223443223443,0.0315018315018315
J Groves,1119,1009,33,112,556,5.410187667560321,0.4968722073279714,0.029490616621983913
J Grzinic,1,4,0,1,0,24.0,0.0,0.0
J Gunasekar,388,334,25,29,161,5.164948453608247,0.41494845360824745,0.06443298969072164
J Harrison,217,220,7,27,108,6.082949308755761,0.4976958525345622,0.03225806451612903
J Henry,84,119,5,12,20,8.5,0.23809523809523808,0.05952380952380952
J Hicks,235,154,16,9,120,3.9319148936170216,0.5106382978723404,0.06808510638297872
J Hill,110,94,4,6,54,5.127272727272728,0.4909090909090909,0.03636363636363636
J Horrocks,219,309,11,37,77,8.465753424657533,0.3515981735159817,0.0502283105022831
J Hull,452,416,17,40,213,5.52212389380531,0.47123893805309736,0.03761061946902655
J Hurley,97,115,6,14,42,7.11340206185567,0.4329896907216495,0.061855670103092786
J Intan,113,90,4,4,64,4.778761061946903,0.5663716814159292,0.035398230088495575
J Jagroo,57,75,1,9,20,7.894736842105263,0.3508771929824561,0.017543859649122806
J Jarvis,753,739,32,91,385,5.888446215139442,0.5112881806108898,0.04249667994687915
J Jojo,599,519,22,55,314,5.198664440734558,0.5242070116861436,0.03672787979966611
J Kariko,807,671,36,58,389,4.988847583643123,0.48203221809169766,0.04460966542750929
J Kgang,59,42,4,4,36,4.271186440677966,0.6101694915254238,0.06779661016949153
J Khadka,103,144,5,21,50,8.388349514563107,0.4854368932038835,0.04854368932038835
J Kida,215,214,12,24,87,5.972093023255813,0.4046511627906977,0.05581395348837209
J Kila,500,449,16,51,267,5.388,0.534,0.032
J Kominkova,186,187,4,16,109,6.032258064516129,0.5860215053763441,0.021505376344086023
J Kowa,319,213,15,16,217,4.006269592476489,0.6802507836990596,0.047021943573667714
J Lalor,7,15,0,2,2,12.857142857142856,0.2857142857142857,0.0
J Lassayo,75,93,5,9,19,7.44,0.25333333333333335,0.06666666666666667
J Leach,2590,2446,61,304,1367,5.666409266409266,0.5277992277992278,0.023552123552123553
J Lewis,687,475,22,53,452,4.148471615720524,0.6579330422125182,0.03202328966521106
J Little,4158,4334,155,541,2063,6.253968253968254,0.4961519961519962,0.03727753727753728
J Liyanage,542,492,5,44,276,5.446494464944649,0.5092250922509225,0.00922509225092251
J Logtenberg,36,18,3,1,20,3.0,0.5555555555555556,0.08333333333333333
J Long,13,26,1,1,2,12.0,0.15384615384615385,0.07692307692307693
J Louw,91,104,2,14,44,6.857142857142858,0.4835164835164835,0.02197802197802198
J Maguire,1803,1587,64,186,972,5.281198003327787,0.5391014975041597,0.03549639489739324
J Manley,1382,1179,48,145,820,5.118668596237337,0.5933429811866859,0.03473227206946455
J Marples,6,14,0,2,1,14.0,0.16666666666666666,0.0
J Martins,73,104,9,15,17,8.547945205479452,0.2328767123287671,0.1232876712328767
J Masquater,11,12,0,1,4,6.545454545454546,0.36363636363636365,0.0
J Matharu,163,196,4,21,68,7.214723926380368,0.4171779141104294,0.024539877300613498
J Mbabazi,1515,1192,116,101,753,4.7207920792079205,0.497029702970297,0.07656765676567656
J Merlo,494,545,19,56,206,6.619433198380567,0.41700404858299595,0.038461538461538464
J Minto,130,142,2,18,62,6.553846153846154,0.47692307692307695,0.015384615384615385
J Miyaji,1349,1194,85,136,766,5.310600444773907,0.5678280207561156,0.06300963676797627
J Moondra,294,243,13,37,180,4.959183673469388,0.6122448979591837,0.04421768707482993
J Mubarak,59,61,2,4,19,6.203389830508474,0.3220338983050847,0.03389830508474576
J Mulder,589,500,23,47,291,5.093378607809847,0.4940577249575552,0.03904923599320883
J Neill,252,276,1,38,135,6.571428571428571,0.5357142857142857,0.003968253968253968
J Newland,14,14,0,1,6,6.0,0.42857142857142855,0.0
J Nisbet,290,300,9,40,145,6.206896551724138,0.5,0.03103448275862069
J Nkomo,2733,2031,126,209,1692,4.458836443468716,0.6190998902305159,0.04610318331503842
J Nyirankundineza,422,352,25,39,225,5.004739336492891,0.533175355450237,0.05924170616113744
J Nyumbu,850,768,19,75,425,5.421176470588236,0.5,0.02235294117647059
J Ogolla,15,10,0,0,10,4.0,0.6666666666666666,0.0
J Overton,1561,1715,70,217,730,6.591928251121076,0.4676489429852659,0.04484304932735426
J Patraj,92,76,2,6,43,4.956521739130435,0.4673913043478261,0.021739130434782608
J Perera,27,36,0,4,15,8.0,0.5555555555555556,0.0
J Perman,124,141,6,12,53,6.82258064516129,0.4274193548387097,0.04838709677419355
J Perry,15,30,0,4,5,12.0,0.3333333333333333,0.0
J Post,7,12,0,1,1,10.285714285714285,0.14285714285714285,0.0
J Proctor,208,215,10,26,101,6.2019230769230775,0.4855769230769231,0.04807692307692308
J Prodehl,24,10,2,1,17,2.5,0.7083333333333334,0.08333333333333333
J Ramanandi,283,355,23,32,64,7.5265017667844525,0.22614840989399293,0.0812720848056537
J Rasu,837,854,39,96,440,6.121863799283154,0.5256869772998806,0.04659498207885305
J Raubenheimer,25,24,3,3,12,5.76,0.48,0.12
J Reb,14,41,0,7,4,17.57142857142857,0.2857142857142857,0.0
J Richards,19,20,0,1,11,6.315789473684211,0.5789473684210527,0.0
J Roberts,13,15,0,3,7,6.923076923076923,0.5384615384615384,0.0
J Robinson,52,66,0,8,25,7.615384615384616,0.4807692307692308,0.0
J Rokoro,57,62,1,3,25,6.526315789473684,0.43859649122807015,0.017543859649122806
J Roper,19,21,1,1,5,6.631578947368421,0.2631578947368421,0.05263157894736842
J Sanele,262,210,12,19,140,4.809160305343512,0.5343511450381679,0.04580152671755725
J Santhanam,27,22,0,2,18,4.888888888888889,0.6666666666666666,0.0
J Sebanja,821,707,30,85,494,5.166869671132765,0.6017052375152253,0.03654080389768575
J Shaju,439,521,30,59,181,7.120728929384965,0.4123006833712984,0.0683371298405467
J Shaw,1251,1151,30,147,677,5.520383693045564,0.5411670663469225,0.023980815347721823
J Sinfield,60,59,0,6,23,5.9,0.38333333333333336,0.0
J Singye,688,756,27,79,288,6.593023255813954,0.4186046511627907,0.03924418604651163
J Smith,54,54,2,4,19,6.0,0.35185185185185186,0.037037037037037035
J Sonia,20,16,1,0,11,4.8,0.55,0.05
J Souckova,19,19,0,0,16,6.0,0.8421052631578947,0.0
J Srinath,853,563,28,52,563,3.960140679953107,0.6600234466588512,0.032825322391559206
J Stanigze,106,127,8,12,38,7.188679245283018,0.3584905660377358,0.07547169811320754
J Subramanyan,208,188,3,15,100,5.423076923076923,0.4807692307692308,0.014423076923076924
J Sumerauer,1800,1639,77,198,1009,5.463333333333333,0.5605555555555556,0.042777777777777776
J Theron,1256,1222,60,132,590,5.837579617834395,0.4697452229299363,0.04777070063694268
J Thinley,18,25,0,3,8,8.333333333333334,0.4444444444444444,0.0
J Thomas,107,138,5,16,46,7.738317757009346,0.42990654205607476,0.04672897196261682
J Thompson,133,119,2,14,66,5.368421052631579,0.49624060150375937,0.015037593984962405
J Tuffin,373,396,21,48,177,6.369973190348525,0.4745308310991957,0.05630026809651475
J Tugsjargal,15,18,0,2,7,7.2,0.4666666666666667,0.0
J Ulrik,26,14,2,1,15,3.230769230769231,0.5769230769230769,0.07692307692307693
J Valenikuila,8,19,1,4,1,14.25,0.125,0.125
J Vijay,14,31,0,3,3,13.285714285714285,0.21428571428571427,0.0
J Weatherald,5,6,0,0,0,7.199999999999999,0.0,0.0
J West,148,97,4,7,101,3.9324324324324325,0.6824324324324325,0.02702702702702703
J Wilson,488,523,13,65,249,6.430327868852459,0.5102459016393442,0.02663934426229508
J Winster,92,65,5,5,50,4.239130434782608,0.5434782608695652,0.05434782608695652
J Yadav,86,61,1,4,48,4.255813953488372,0.5581395348837209,0.011627906976744186
J Yamashita,169,174,9,20,98,6.177514792899408,0.5798816568047337,0.05325443786982249
J Yon,76,84,6,7,34,6.631578947368421,0.4473684210526316,0.07894736842105263
J Zimba,154,90,5,5,91,3.5064935064935066,0.5909090909090909,0.032467532467532464
J de Figueiredo,68,49,3,3,39,4.323529411764706,0.5735294117647058,0.04411764705882353
J van Heerden,46,58,4,4,14,7.565217391304348,0.30434782608695654,0.08695652173913043
JA Atkins,27,39,0,5,12,8.666666666666666,0.4444444444444444,0.0
JA Boyden,123,111,6,16,70,5.414634146341464,0.5691056910569106,0.04878048780487805
JA Brooks,1378,1156,40,148,794,5.033381712626996,0.5761973875181422,0.02902757619738752
JA Burns,61,35,1,3,37,3.4426229508196724,0.6065573770491803,0.01639344262295082
JA Burrows,366,442,28,47,141,7.245901639344262,0.38524590163934425,0.07650273224043716
JA Clarkson,94,96,6,12,40,6.127659574468085,0.425531914893617,0.06382978723404255
JA Davies,104,110,3,9,38,6.346153846153847,0.36538461538461536,0.028846153846153848
JA DeSilva,421,321,14,37,262,4.574821852731591,0.6223277909738717,0.0332541567695962
JA Diergaardt,1126,1017,64,97,533,5.419182948490231,0.4733570159857904,0.056838365896980464
JA Duffy,1872,2107,99,288,937,6.753205128205129,0.500534188034188,0.052884615384615384
JA Fitzgerald,406,608,13,78,176,8.985221674876847,0.43349753694581283,0.03201970443349754
JA Freeman,61,44,3,7,39,4.327868852459017,0.639344262295082,0.04918032786885246
JA Leaning,570,492,10,46,270,5.178947368421053,0.47368421052631576,0.017543859649122806
JA McCollum,84,49,1,4,51,3.5,0.6071428571428571,0.011904761904761904
JA Miranda,27,52,0,7,10,11.555555555555555,0.37037037037037035,0.0
JA Morkel,2539,2584,80,271,1152,6.106341079165025,0.4537219377707759,0.03150846790074833
JA Pocklington,419,365,11,32,189,5.22673031026253,0.4510739856801909,0.026252983293556086
JA Porter,2076,1599,56,194,1225,4.621387283236994,0.5900770712909441,0.02697495183044316
JA Prestwidge,183,173,7,21,95,5.672131147540983,0.5191256830601093,0.03825136612021858
JA Richards,842,772,25,91,433,5.501187648456057,0.5142517814726841,0.029691211401425176
JA Richardson,1647,1682,66,211,847,6.127504553734062,0.5142683667273831,0.04007285974499089
JA Rudolph,74,85,1,8,29,6.891891891891891,0.3918918918918919,0.013513513513513514
JA Stiglitz,133,173,1,20,49,7.804511278195489,0.3684210526315789,0.007518796992481203
JA Thompson,32,44,0,6,15,8.25,0.46875,0.0
JA Tomlinson,184,178,9,28,102,5.804347826086956,0.5543478260869565,0.04891304347826087
JA Turner,854,741,38,95,485,5.206088992974238,0.5679156908665105,0.04449648711943794
JA Whelan,15,7,0,0,13,2.8,0.8666666666666667,0.0
JA Woolston,616,460,17,49,397,4.48051948051948,0.6444805194805194,0.027597402597402596
JAD Lawrenson,407,244,23,27,245,3.5970515970515975,0.601965601965602,0.056511056511056514
JAJ Nussbaumer,481,314,14,31,297,3.9168399168399164,0.6174636174636174,0.029106029106029108
JAM Henri,314,404,15,56,141,7.719745222929936,0.44904458598726116,0.04777070063694268
JAN Ngono,142,126,5,11,81,5.323943661971831,0.5704225352112676,0.035211267605633804
JAR Blain,458,359,18,45,281,4.703056768558953,0.6135371179039302,0.039301310043668124
JAR Harris,1521,1545,44,191,776,6.094674556213017,0.5101906640368179,0.028928336620644313
JB Abega,241,290,15,37,115,7.219917012448133,0.47717842323651455,0.06224066390041494
JB Lintott,1122,1060,31,95,467,5.668449197860962,0.41622103386809267,0.027629233511586453
JB Reva,915,871,38,87,414,5.711475409836066,0.4524590163934426,0.041530054644808745
JB Richards,4,8,0,1,0,12.0,0.0,0.0
JC Archer,3587,3525,144,436,1913,5.896292166155561,0.5333147477000278,0.04014496793978255
JC Balt,125,137,2,12,53,6.5760000000000005,0.424,0.016
JC Cullen,32,41,2,3,8,7.6875,0.25,0.0625
JC Darji,181,162,13,18,90,5.370165745856354,0.4972375690607735,0.0718232044198895
JC Harding,87,101,2,15,42,6.9655172413793105,0.4827586206896552,0.022988505747126436
JC Hartenhof,105,75,3,3,64,4.285714285714286,0.6095238095238096,0.02857142857142857
JC McNally,207,171,6,19,121,4.956521739130435,0.5845410628019324,0.028985507246376812
JC Tongue,663,747,16,91,302,6.760180995475113,0.4555052790346908,0.024132730015082957
JC Tredwell,3975,3383,100,286,1838,5.1064150943396225,0.4623899371069182,0.025157232704402517
JC Wainman,158,151,3,13,73,5.734177215189874,0.4620253164556962,0.0189873417721519
JD Baker,52,68,1,9,22,7.846153846153847,0.4230769230769231,0.019230769230769232
JD Campbell,12,14,0,2,5,7.0,0.4166666666666667,0.0
JD Libby,274,249,7,19,106,5.452554744525548,0.38686131386861317,0.025547445255474453
JD Nel,364,329,9,38,207,5.423076923076923,0.5686813186813187,0.024725274725274724
JD Newton,84,69,3,5,44,4.928571428571429,0.5238095238095238,0.03571428571428571
JD Ryder,547,515,15,51,252,5.648994515539305,0.4606946983546618,0.027422303473491772
JD Shantry,953,794,21,91,528,4.9989506820566625,0.5540398740818469,0.022035676810073453
JD Unadkat,567,537,25,63,305,5.682539682539683,0.5379188712522046,0.04409171075837742
JD Warner,446,403,8,46,229,5.421524663677131,0.5134529147982063,0.017937219730941704
JD Wildermuth,926,942,27,123,476,6.103671706263499,0.5140388768898488,0.029157667386609073
JDF Vandersay,2150,2054,64,184,922,5.732093023255814,0.4288372093023256,0.029767441860465118
JDM Evison,740,757,16,87,350,6.137837837837838,0.47297297297297297,0.021621621621621623
JDP Oram,5445,4375,153,472,3049,4.820936639118457,0.5599632690541781,0.02809917355371901
JDS Neesham,3615,4174,139,506,1564,6.927800829875519,0.4326417704011065,0.0384508990318119
JE Burke,367,357,17,45,175,5.836512261580381,0.4768392370572207,0.04632152588555858
JE Home,372,372,20,50,197,6.0,0.5295698924731183,0.053763440860215055
JE Pitcher,84,106,3,13,36,7.571428571428571,0.42857142857142855,0.03571428571428571
JE Poysden,949,916,22,91,397,5.791359325605901,0.4183350895679663,0.023182297154899896
JE Ronalds,441,314,32,21,230,4.272108843537415,0.5215419501133787,0.07256235827664399
JE Root,1881,1890,36,179,736,6.028708133971292,0.39128123338649656,0.019138755980861243
JE Scott,56,57,2,9,31,6.107142857142857,0.5535714285714286,0.03571428571428571
JE Taylor,4784,4557,165,542,2538,5.715301003344481,0.5305183946488294,0.034489966555183944
JE Titmuss,74,55,5,3,37,4.45945945945946,0.5,0.06756756756756757
JEA Doctora,48,65,4,7,15,8.125,0.3125,0.08333333333333333
JEC Franklin,3892,3415,113,380,2014,5.264645426515931,0.5174717368961973,0.029033915724563205
JEG Logan,199,210,3,22,74,6.331658291457287,0.37185929648241206,0.01507537688442211
JF Bangura,7,12,0,2,4,10.285714285714285,0.5714285714285714,0.0
JF Chester,7,18,0,4,2,15.428571428571427,0.2857142857142857,0.0
JF Jimenez,35,26,0,1,30,4.457142857142857,0.8571428571428571,0.0
JF Kloppenburg,192,138,7,9,93,4.3125,0.484375,0.036458333333333336
JF Mooney,1587,1428,61,161,842,5.398865784499055,0.5305608065532451,0.03843730308758664
JF Rika,60,39,0,2,34,3.9,0.5666666666666667,0.0
JF Smith,31,29,0,2,10,5.612903225806451,0.3225806451612903,0.0
JF Thomas,273,287,6,28,110,6.3076923076923075,0.40293040293040294,0.02197802197802198
JG Bethell,753,825,28,91,312,6.573705179282869,0.41434262948207173,0.03718459495351926
JG Kaur,22,18,0,1,14,4.909090909090909,0.6363636363636364,0.0
JG Kimaro,166,145,10,15,82,5.240963855421686,0.4939759036144578,0.060240963855421686
JG Myburgh,109,103,1,10,41,5.669724770642201,0.3761467889908257,0.009174311926605505
JH Davey,3114,2891,122,341,1652,5.570327552986512,0.5305073859987155,0.03917790622992935
JH Kallis,4238,3732,115,381,2114,5.2836243511090135,0.49882019820670126,0.027135441245870695
JH Kiani,26,27,1,1,11,6.230769230769231,0.4230769230769231,0.038461538461538464
JH Patel,32,48,3,8,10,9.0,0.3125,0.09375
JH Plom,227,250,6,33,110,6.607929515418502,0.4845814977973568,0.02643171806167401
JH Stander,132,180,4,20,53,8.181818181818182,0.4015151515151515,0.030303030303030304
JI Rodrigues,95,63,6,3,50,3.9789473684210526,0.5263157894736842,0.06315789473684211
JI de Villiers,265,323,6,38,109,7.313207547169812,0.41132075471698115,0.022641509433962263
JJ Bazley,760,716,20,76,365,5.652631578947368,0.48026315789473684,0.02631578947368421
JJ Bohannon,189,237,1,24,64,7.523809523809524,0.3386243386243386,0.005291005291005291
JJ Bumrah,6624,5836,280,671,3558,5.286231884057971,0.5371376811594203,0.042270531400966184
JJ Bushnell,390,418,13,42,165,6.430769230769231,0.4230769230769231,0.03333333333333333
JJ Carson,777,778,20,93,346,6.007722007722008,0.4453024453024453,0.02574002574002574
JJ Cobb,643,625,14,53,242,5.83203732503888,0.37636080870917576,0.02177293934681182
JJ Davidson,436,457,16,43,193,6.288990825688073,0.4426605504587156,0.03669724770642202
JJ Esmeijer,159,139,1,15,79,5.245283018867925,0.4968553459119497,0.006289308176100629
JJ Feldman,111,119,3,14,50,6.4324324324324325,0.45045045045045046,0.02702702702702703
JJ Garth,13,14,1,2,6,6.461538461538462,0.46153846153846156,0.07692307692307693
JJ Huo,389,526,31,63,145,8.113110539845758,0.37275064267352187,0.07969151670951156
JJ Krejza,430,340,7,25,203,4.7441860465116275,0.4720930232558139,0.01627906976744186
JJ Nyambo,190,219,10,26,82,6.91578947368421,0.43157894736842106,0.05263157894736842
JJ Smit,4197,3666,174,371,2205,5.240886347390994,0.5253752680486061,0.04145818441744103
JJ Tucker,1255,1078,31,108,667,5.153784860557769,0.5314741035856574,0.024701195219123506
JJ Weatherley,18,18,0,2,7,6.0,0.3888888888888889,0.0
JJ Wright,23,29,0,4,10,7.565217391304348,0.43478260869565216,0.0
JJ van der Wath,714,782,28,92,317,6.571428571428571,0.44397759103641454,0.0392156862745098
JJC Lawson,342,310,9,38,210,5.43859649122807,0.6140350877192983,0.02631578947368421
JJG Sales,475,467,7,53,241,5.8989473684210525,0.5073684210526316,0.014736842105263158
JJS Sangha,47,45,2,4,18,5.74468085106383,0.3829787234042553,0.0425531914893617
JK Denly,385,371,15,32,145,5.781818181818181,0.37662337662337664,0.03896103896103896
JK Fuller,1531,1498,37,183,759,5.870672762900066,0.495754408883083,0.024167210973220117
JK Kamande,779,690,21,66,377,5.314505776636714,0.4839537869062901,0.026957637997432605
JK Masara,6,5,0,0,1,5.0,0.16666666666666666,0.0
JK Mukhiya,312,355,22,38,116,6.826923076923077,0.3717948717948718,0.07051282051282051
JK Vifah,112,115,6,10,49,6.160714285714286,0.4375,0.05357142857142857
JKC Ahir,20,34,0,3,3,10.2,0.15,0.0
JKC Claxton,338,438,10,51,148,7.775147928994082,0.4378698224852071,0.029585798816568046
JKD Andreano,354,302,11,25,194,5.11864406779661,0.5480225988700564,0.031073446327683617
JKH Naik,254,237,5,18,102,5.5984251968503935,0.4015748031496063,0.01968503937007874
JL Aras,216,182,7,23,135,5.055555555555555,0.625,0.032407407407407406
JL Bhimji,36,29,0,4,20,4.833333333333333,0.5555555555555556,0.0
JL Carter,143,162,4,14,49,6.7972027972027975,0.34265734265734266,0.027972027972027972
JL Denly,1105,1062,39,96,434,5.766515837104072,0.3927601809954751,0.03529411764705882
JL Gunn,3092,2405,120,221,1619,4.666882276843467,0.5236093143596378,0.03880983182406209
JL Hunter,647,524,25,62,368,4.85935085007728,0.5687789799072643,0.03863987635239567
JL Jonassen,5259,4013,237,386,2683,4.57843696520251,0.5101730366989922,0.0450656018254421
JL Louw,61,60,1,7,27,5.901639344262295,0.4426229508196721,0.01639344262295082
JL Martel,68,61,7,5,26,5.38235294117647,0.38235294117647056,0.10294117647058823
JL Ontong,55,107,3,14,8,11.672727272727274,0.14545454545454545,0.05454545454545454
JL Pattinson,1824,1726,45,202,960,5.677631578947368,0.5263157894736842,0.024671052631578948
JL Tutty,198,188,9,19,110,5.696969696969697,0.5555555555555556,0.045454545454545456
JL de Mey,44,67,1,7,16,9.136363636363637,0.36363636363636365,0.022727272727272728
JL du Plooy,10,13,0,1,2,7.8,0.2,0.0
JM Anderson,10371,8711,303,1019,6054,5.039629736765982,0.5837431298814001,0.029216083309227654
JM Apio,149,121,10,9,86,4.87248322147651,0.5771812080536913,0.06711409395973154
JM Bird,899,667,24,81,550,4.451612903225806,0.6117908787541713,0.026696329254727477
JM Blatherwick,679,687,23,89,357,6.070692194403534,0.5257731958762887,0.033873343151693665
JM Bredenkamp,18,16,1,1,6,5.333333333333333,0.3333333333333333,0.05555555555555555
JM Coles,773,760,21,79,337,5.899094437257438,0.4359637774902975,0.027166882276843468
JM Cooke,630,496,23,53,336,4.723809523809524,0.5333333333333333,0.03650793650793651
JM Davison,667,556,21,46,311,5.001499250374812,0.4662668665667166,0.031484257871064465
JM De Caires,675,610,16,54,280,5.4222222222222225,0.4148148148148148,0.023703703703703703
JM Dibble,13,21,0,3,6,9.692307692307693,0.46153846153846156,0.0
JM Holland,115,99,3,8,53,5.165217391304347,0.4608695652173913,0.02608695652173913
JM Iradukunda,211,248,12,26,88,7.052132701421802,0.41706161137440756,0.05687203791469194
JM Joao,28,41,0,6,12,8.785714285714285,0.42857142857142855,0.0
JM Kemp,678,531,17,49,370,4.699115044247788,0.5457227138643068,0.025073746312684365
JM Kerr,3400,2784,115,323,1849,4.912941176470588,0.5438235294117647,0.033823529411764704
JM Mennie,450,395,11,45,244,5.266666666666667,0.5422222222222223,0.024444444444444446
JM Muirhead,93,111,6,8,28,7.161290322580645,0.3010752688172043,0.06451612903225806
JM Nthenya,60,46,3,5,33,4.6,0.55,0.05
JM Polarouthu,29,46,0,4,8,9.517241379310345,0.27586206896551724,0.0
JM Theedom,43,51,1,7,18,7.116279069767441,0.4186046511627907,0.023255813953488372
JM Vince,104,91,2,10,52,5.25,0.5,0.019230769230769232
JM Vujinovich,234,288,11,33,94,7.384615384615385,0.4017094017094017,0.04700854700854701
JM Watkin,281,241,12,26,138,5.145907473309609,0.49110320284697506,0.042704626334519574
JM Willathgamuwa,220,196,5,24,115,5.345454545454546,0.5227272727272727,0.022727272727272728
JMJ Lynn,26,22,3,2,9,5.0769230769230775,0.34615384615384615,0.11538461538461539
JMR Taylor,1499,1391,48,120,606,5.567711807871914,0.4042695130086724,0.032021347565043365
JN Duckett,30,31,0,2,13,6.2,0.43333333333333335,0.0
JN Frylinck,3064,2681,121,238,1505,5.25,0.4911879895561358,0.03949086161879896
JN Gillespie,2038,1413,60,148,1310,4.1599607458292445,0.6427870461236507,0.029440628066732092
JN Loftie-Eaton,1353,1327,59,133,587,5.88470066518847,0.43385070214338506,0.04360679970436068
JN Mohammed,454,355,8,28,217,4.691629955947136,0.4779735682819383,0.01762114537444934
JN Morgan,33,37,0,5,14,6.7272727272727275,0.42424242424242425,0.0
JN Snape,6,12,0,1,0,12.0,0.0,0.0
JN du Plooy,31,53,1,6,12,10.258064516129032,0.3870967741935484,0.03225806451612903
JNK Shannon,7,11,1,2,1,9.428571428571429,0.14285714285714285,0.14285714285714285
JNT Seales,1434,1506,48,204,735,6.301255230125523,0.5125523012552301,0.03347280334728033
JO Adedeji,406,313,14,25,218,4.625615763546798,0.5369458128078818,0.034482758620689655
JO Adotei,6,9,0,2,3,9.0,0.5,0.0
JO Baker,794,767,25,80,343,5.795969773299747,0.43198992443324935,0.031486146095717885
JO Holder,8452,8787,287,1064,4091,6.237813535257927,0.4840274491244676,0.033956460009465214
JO Ngoche,886,612,21,61,540,4.1444695259593685,0.6094808126410836,0.023702031602708805
JO Ogunlola,109,71,4,9,68,3.9082568807339446,0.6238532110091743,0.03669724770642202
JOA Gordon,1288,1200,61,126,729,5.590062111801243,0.5659937888198758,0.04736024844720497
JOI Campbell,869,809,31,84,442,5.585730724971231,0.5086306098964327,0.03567318757192175
JP Behrendorff,1991,1822,68,219,1084,5.490708186840783,0.5444500251130086,0.03415369161225515
JP Cabrera,81,75,3,5,29,5.555555555555555,0.35802469135802467,0.037037037037037035
JP Duminy,3936,3701,96,319,1656,5.641768292682927,0.42073170731707316,0.024390243902439025
JP Faulkner,4041,3929,150,404,1813,5.833704528582034,0.44865132392972035,0.03711952487008166
JP Greaves,472,521,8,68,228,6.622881355932203,0.4830508474576271,0.01694915254237288
JP Heywood,7,20,0,4,1,17.142857142857142,0.14285714285714285,0.0
JP McIlroy,834,623,22,79,520,4.482014388489208,0.6235011990407674,0.026378896882494004
JP Morley,1265,1112,30,106,598,5.274308300395257,0.4727272727272727,0.023715415019762844
JP Sarro,168,189,4,28,94,6.75,0.5595238095238095,0.023809523809523808
JPA Taylor,800,766,20,110,452,5.744999999999999,0.565,0.025
JPH Hayes,422,469,14,61,190,6.668246445497631,0.45023696682464454,0.03317535545023697
JPR Lamsam,24,42,0,6,6,10.5,0.25,0.0
JQK Moala,130,121,10,16,75,5.584615384615384,0.5769230769230769,0.07692307692307693
JR Barry,180,249,11,32,76,8.3,0.4222222222222222,0.06111111111111111
JR Hazlewood,6429,5672,229,702,3563,5.29351376574895,0.5542074972779593,0.035619847565717844
JR Hopes,3360,2701,84,248,1723,4.823214285714286,0.512797619047619,0.025
JR Lennox,122,84,3,3,52,4.131147540983607,0.4262295081967213,0.02459016393442623
JR Lucky,2,9,0,1,0,27.0,0.0,0.0
JR Sullivan,88,80,5,8,43,5.454545454545455,0.48863636363636365,0.056818181818181816
JR Winslade,40,61,1,12,18,9.15,0.45,0.025
JRD Ngana,16,9,0,0,13,3.375,0.8125,0.0
JRMVB Sanjaya,355,407,15,43,161,6.87887323943662,0.4535211267605634,0.04225352112676056
JS Ababu,81,75,1,12,51,5.555555555555555,0.6296296296296297,0.012345679012345678
JS Buckingham,483,436,16,51,257,5.416149068322981,0.5320910973084886,0.033126293995859216
JS Henriksen,422,457,14,63,221,6.497630331753555,0.523696682464455,0.03317535545023697
JS Iggo,48,68,2,8,11,8.5,0.22916666666666666,0.041666666666666664
JS Kundi,137,142,5,11,51,6.218978102189781,0.3722627737226277,0.0364963503649635
JS Malhotra,128,87,2,5,69,4.078125,0.5390625,0.015625
JS Ndanu,256,231,8,22,135,5.4140625,0.52734375,0.03125
JS Paris,775,567,37,61,449,4.389677419354839,0.5793548387096774,0.04774193548387097
JS Patel,4628,3910,153,333,2134,5.06914433880726,0.4611063094209162,0.03305963699222126
JS Pooranakaran,510,496,16,43,288,5.8352941176470585,0.5647058823529412,0.03137254901960784
JS Sykes,350,350,10,38,153,6.0,0.43714285714285717,0.02857142857142857
JT Ball,3439,3454,100,408,1641,6.02617039837162,0.4771735969758651,0.02907822041291073
JT Brassell,751,880,25,117,351,7.030625832223701,0.4673768308921438,0.033288948069241014
JT Darrell,202,171,8,13,110,5.079207920792079,0.5445544554455446,0.039603960396039604
JT Langridge,259,314,7,42,113,7.274131274131275,0.4362934362934363,0.02702702702702703
JT Manase,19,24,0,4,9,7.578947368421053,0.47368421052631576,0.0
JT Pooranakaran,67,120,1,19,22,10.746268656716419,0.3283582089552239,0.014925373134328358
JT Smuts,471,517,12,48,161,6.585987261146497,0.34182590233545646,0.025477707006369428
JV Chand,188,208,11,19,62,6.638297872340425,0.32978723404255317,0.05851063829787234
JW Chilia,1684,959,45,96,1128,3.4168646080760094,0.669833729216152,0.02672209026128266
JW Dernbach,3654,3832,140,460,1746,6.292282430213465,0.47783251231527096,0.038314176245210725
JW Hastings,3039,2632,99,278,1592,5.1964461994077,0.5238565317538664,0.03257650542941757
JW Jenner,98,102,2,10,41,6.244897959183674,0.41836734693877553,0.02040816326530612
JW Shutt,479,447,15,39,206,5.599164926931107,0.430062630480167,0.031315240083507306
JW Wilson,78,116,1,16,30,8.923076923076923,0.38461538461538464,0.01282051282051282
JWA Hawkins,175,197,2,21,64,6.7542857142857144,0.3657142857142857,0.011428571428571429
JWM Dalrymple,900,726,18,48,442,4.84,0.4911111111111111,0.02
JWN Moses,217,157,11,12,120,4.341013824884793,0.5529953917050692,0.05069124423963134
JWW Gardner,100,141,3,18,39,8.459999999999999,0.39,0.03
Jabbar Amjad,158,137,5,14,97,5.2025316455696204,0.6139240506329114,0.03164556962025317
Jagdeep Singh,15,26,1,4,5,10.4,0.3333333333333333,0.06666666666666667
Jagmeet Singh,31,33,1,4,11,6.387096774193548,0.3548387096774194,0.03225806451612903
Jagrat Dubey,144,119,10,7,76,4.958333333333333,0.5277777777777778,0.06944444444444445
Jahanara Alam,2440,2070,90,250,1394,5.090163934426229,0.5713114754098361,0.036885245901639344
Jahandad Khan,111,211,7,34,34,11.405405405405405,0.3063063063063063,0.06306306306306306
Jai Prakash Yadav,186,157,4,19,94,5.064516129032258,0.5053763440860215,0.021505376344086023
Jai Sinh,69,84,9,8,25,7.304347826086956,0.36231884057971014,0.13043478260869565
Jaikumar Thakur,95,128,3,12,33,8.08421052631579,0.3473684210526316,0.031578947368421054
Jaison Jerome,101,186,1,24,31,11.04950495049505,0.3069306930693069,0.009900990099009901
Jakob Gul,276,322,19,32,100,7.0,0.36231884057971014,0.06884057971014493
Jamaluddin Ahmed,24,28,0,4,15,7.0,0.625,0.0
James Bracey,20,23,1,1,6,6.8999999999999995,0.3,0.05
James Middlebrook,180,161,4,11,77,5.366666666666666,0.42777777777777776,0.022222222222222223
Jamshid Nasiri,116,107,8,10,49,5.53448275862069,0.4224137931034483,0.06896551724137931
Janak Prakash,2054,2158,96,250,1040,6.303797468354431,0.5063291139240507,0.04673807205452775
Jandu Hamoud,34,52,2,6,13,9.176470588235293,0.38235294117647056,0.058823529411764705
Jannadiah Halim,198,147,11,8,108,4.454545454545454,0.5454545454545454,0.05555555555555555
Jannatul Ferdus,294,259,13,30,146,5.285714285714286,0.4965986394557823,0.04421768707482993
Jannisar Khan,60,52,2,5,38,5.2,0.6333333333333333,0.03333333333333333
Jasdeep Singh,2813,2882,102,341,1377,6.147173835762532,0.4895129754710274,0.036260220405261286
Jaskaran Singh,644,698,22,73,325,6.503105590062112,0.5046583850931677,0.034161490683229816
Jaspal Singh,185,236,5,23,66,7.654054054054054,0.3567567567567568,0.02702702702702703
Jaspreet Singh,1060,1026,54,116,515,5.807547169811321,0.4858490566037736,0.0509433962264151
Jaswinder Singh,235,296,16,29,85,7.5574468085106385,0.3617021276595745,0.06808510638297872
Jatinder Singh,87,89,3,8,38,6.137931034482759,0.4367816091954023,0.034482758620689655
Javed Hina,6,5,0,0,3,5.0,0.5,0.0
Javeria Khan,356,311,13,35,176,5.241573033707865,0.4943820224719101,0.03651685393258427
Javeria Rauf,65,78,2,8,28,7.199999999999999,0.4307692307692308,0.03076923076923077
Javid Patel,472,411,17,31,226,5.22457627118644,0.4788135593220339,0.036016949152542374
Jawad Mir,114,49,5,3,76,2.5789473684210527,0.6666666666666666,0.043859649122807015
Jawad Muhammad,6,3,0,0,4,3.0,0.6666666666666666,0.0
Jaweed Sadran,218,291,10,38,84,8.009174311926605,0.3853211009174312,0.045871559633027525
Jay Odedra,1437,1078,40,113,850,4.501043841336117,0.5915100904662491,0.027835768963117607
Jayasooriya,276,241,13,13,141,5.239130434782608,0.5108695652173914,0.04710144927536232
Jeon Myeong,13,18,1,2,4,8.307692307692308,0.3076923076923077,0.07692307692307693
Jiaping Li,30,15,0,0,21,3.0,0.7,0.0
Jin Yonghao,60,61,0,8,29,6.1,0.48333333333333334,0.0
Jinseup Park,28,22,1,1,14,4.714285714285714,0.5,0.03571428571428571
Jitesh Patel,47,60,1,6,19,7.659574468085107,0.40425531914893614,0.02127659574468085
Jitin Singh,251,256,17,26,129,6.1195219123505975,0.5139442231075697,0.06772908366533864
Jiwon Choi,237,250,10,25,111,6.329113924050633,0.46835443037974683,0.04219409282700422
Jiyeon Park,84,66,3,4,40,4.714285714285714,0.47619047619047616,0.03571428571428571
Joanna Child,13,11,0,0,11,5.0769230769230775,0.8461538461538461,0.0
Joanne Hicks,25,12,0,0,20,2.88,0.8,0.0
Jobayer Hossen,160,185,10,22,65,6.9375,0.40625,0.0625
Joginder Sharma,159,193,5,24,76,7.283018867924528,0.4779874213836478,0.031446540880503145
John Bartlett,6,7,0,1,4,7.0,0.6666666666666666,0.0
Jonte Smith,160,156,14,15,72,5.85,0.45,0.0875
Joseph Angara,49,52,1,5,20,6.367346938775511,0.40816326530612246,0.02040816326530612
Josh Wilson,123,131,1,19,62,6.390243902439025,0.5040650406504065,0.008130081300813009
Joshua Asia,434,343,34,18,180,4.741935483870968,0.4147465437788018,0.07834101382488479
Joyleen Kaur,143,136,7,11,66,5.706293706293707,0.46153846153846156,0.04895104895104895
Jubaid Ahamed,24,29,0,2,13,7.25,0.5416666666666666,0.0
Jubair Hossain,127,135,6,17,51,6.377952755905511,0.4015748031496063,0.047244094488188976
Jun Hyunwoo,42,40,2,3,14,5.714285714285714,0.3333333333333333,0.047619047619047616
Junaid Aziz,357,367,28,37,156,6.168067226890757,0.4369747899159664,0.0784313725490196
Junaid Khan,4440,4079,145,488,2402,5.512162162162162,0.540990990990991,0.03265765765765766
Junaid Sheikh,131,135,7,17,61,6.183206106870229,0.46564885496183206,0.05343511450381679
Junaid Siddique,4863,4792,206,573,2515,5.912399753238741,0.5171704709027349,0.04236068270614847
Junaid Siddiqui,1134,979,31,84,536,5.1798941798941796,0.47266313932980597,0.027336860670194002
Junaid Zia,84,83,0,13,52,5.928571428571429,0.6190476190476191,0.0
K Amantha,30,20,0,1,18,4.0,0.6,0.0
K Amuge,390,279,33,33,220,4.292307692307692,0.5641025641025641,0.08461538461538462
K Anderson,156,99,6,6,78,3.8076923076923075,0.5,0.038461538461538464
K Anjali Sarvani,138,196,3,32,60,8.521739130434783,0.43478260869565216,0.021739130434782608
K Anjula,133,108,6,11,67,4.87218045112782,0.5037593984962406,0.045112781954887216
K Arua,755,549,43,45,403,4.362913907284768,0.5337748344370861,0.05695364238410596
K Babu,108,161,5,17,39,8.944444444444445,0.3611111111111111,0.046296296296296294
K Bhurtel,997,958,49,93,430,5.765295887662989,0.4312938816449348,0.04914744232698094
K Birkenstock,316,305,6,27,137,5.79113924050633,0.43354430379746833,0.0189873417721519
K Blair,65,32,1,4,50,2.9538461538461536,0.7692307692307693,0.015384615384615385
K Boniface,24,36,2,5,8,9.0,0.3333333333333333,0.08333333333333333
K Brock-Nielsen,90,114,2,7,33,7.6,0.36666666666666664,0.022222222222222223
K Burrows,12,22,3,3,3,11.0,0.25,0.25
K Canavarci,157,158,4,14,84,6.038216560509554,0.535031847133758,0.025477707006369428
K Carver,694,616,21,55,286,5.325648414985591,0.41210374639769454,0.03025936599423631
K Cawte,280,336,17,37,104,7.2,0.37142857142857144,0.060714285714285714
K Chigora,472,454,18,50,266,5.771186440677965,0.5635593220338984,0.038135593220338986
K Christie,281,326,11,43,125,6.96085409252669,0.44483985765124556,0.03914590747330961
K Dangol,125,92,10,5,63,4.416,0.504,0.08
K Dilhara,45,49,0,6,21,6.533333333333333,0.4666666666666667,0.0
K Dinesh Shankar,95,106,3,12,52,6.694736842105263,0.5473684210526316,0.031578947368421054
K Dorji,76,114,4,12,22,9.0,0.2894736842105263,0.05263157894736842
K Fletcher,409,445,23,55,196,6.528117359413202,0.4792176039119804,0.05623471882640587
K Fraser,2200,1806,99,185,1108,4.925454545454545,0.5036363636363637,0.045
K Fubler,273,206,20,12,133,4.527472527472527,0.48717948717948717,0.07326007326007326
K Ganesh,363,296,16,26,176,4.892561983471074,0.48484848484848486,0.0440771349862259
K Gilham,76,87,5,11,37,6.86842105263158,0.4868421052631579,0.06578947368421052
K Gore,788,583,30,53,444,4.439086294416243,0.5634517766497462,0.03807106598984772
K Goud,922,910,30,139,508,5.921908893709328,0.5509761388286334,0.03253796095444685
K Govind,21,25,1,2,5,7.142857142857143,0.23809523809523808,0.047619047619047616
K Gowtham,50,51,1,6,26,6.119999999999999,0.52,0.02
K Hinds,561,528,34,59,285,5.647058823529412,0.5080213903743316,0.06060606060606061
K Inakale,254,241,9,23,150,5.692913385826771,0.5905511811023622,0.03543307086614173
K Irakoze,960,1102,51,122,392,6.8875,0.4083333333333333,0.053125
K Ishimoto,65,49,4,5,34,4.523076923076923,0.5230769230769231,0.06153846153846154
K Jaikaran,90,97,8,11,43,6.466666666666667,0.4777777777777778,0.08888888888888889
K Joshi,659,558,31,45,295,5.080424886191199,0.44764795144157815,0.04704097116843703
K Juma,595,575,38,71,309,5.798319327731092,0.519327731092437,0.06386554621848739
K Kadowaki-Fleming,7,8,0,1,4,6.857142857142857,0.5714285714285714,0.0
K Kamyuka,66,75,5,9,29,6.818181818181818,0.4393939393939394,0.07575757575757576
K Kanwar,25,32,0,2,10,7.68,0.4,0.0
K Kapadia,108,82,4,9,64,4.555555555555555,0.5925925925925926,0.037037037037037035
K Karunathilake,37,21,1,1,22,3.4054054054054053,0.5945945945945946,0.02702702702702703
K Kato-Stafford,170,129,17,9,93,4.552941176470588,0.5470588235294118,0.1
K Kavindi,345,379,13,47,169,6.591304347826087,0.48985507246376814,0.03768115942028986
K Kekez,13,29,0,4,2,13.384615384615385,0.15384615384615385,0.0
K Kisova,33,37,0,2,18,6.7272727272727275,0.5454545454545454,0.0
K Klein,1290,1258,70,157,678,5.851162790697674,0.5255813953488372,0.05426356589147287
K Kubota,231,182,17,17,128,4.7272727272727275,0.5541125541125541,0.0735930735930736
K Kunwar,1049,731,63,64,636,4.181124880838894,0.6062917063870352,0.06005719733079123
K Lake,77,61,4,6,50,4.753246753246753,0.6493506493506493,0.05194805194805195
K Liyanage,71,91,1,15,39,7.690140845070422,0.5492957746478874,0.014084507042253521
K Macheka,43,60,4,8,22,8.372093023255813,0.5116279069767442,0.09302325581395349
K Mahato,85,77,2,8,49,5.435294117647059,0.5764705882352941,0.023529411764705882
K Mahekdeep,153,129,8,9,73,5.0588235294117645,0.477124183006536,0.05228758169934641
K Marasini,25,35,1,4,7,8.399999999999999,0.28,0.04
K Maseko,12,19,0,2,6,9.5,0.5,0.0
K Mataora,6,14,0,3,1,14.0,0.16666666666666666,0.0
K McGill,672,613,50,53,308,5.473214285714286,0.4583333333333333,0.0744047619047619
K Mendon,40,35,2,4,23,5.25,0.575,0.05
K Mirpuri,622,803,28,97,245,7.745980707395498,0.39389067524115756,0.04501607717041801
K Mishara,135,91,7,9,76,4.044444444444444,0.562962962962963,0.05185185185185185
K Modise,207,185,8,15,98,5.36231884057971,0.47342995169082125,0.03864734299516908
K Moingoto,68,45,2,1,45,3.9705882352941173,0.6617647058823529,0.029411764705882353
K Moore,1272,1075,32,94,621,5.070754716981132,0.4882075471698113,0.025157232704402517
K Motlanka,141,163,12,16,53,6.9361702127659575,0.375886524822695,0.0851063829787234
K Mtunduwatha,6,10,0,1,1,10.0,0.16666666666666666,0.0
K Nadeeshan,246,195,12,22,127,4.7560975609756095,0.516260162601626,0.04878048780487805
K Namchaikul,167,156,11,14,74,5.604790419161677,0.4431137724550898,0.0658682634730539
K Nanayakkara,336,231,12,20,193,4.125,0.5744047619047619,0.03571428571428571
K Nanno,35,30,1,1,17,5.142857142857143,0.4857142857142857,0.02857142857142857
K Nassoro,1483,1420,69,155,724,5.745111260957518,0.4881995954146999,0.04652730950775455
K Ndlovu,1465,1207,66,135,832,4.9433447098976115,0.5679180887372014,0.04505119453924915
K Nestor,344,477,15,60,153,8.319767441860465,0.44476744186046513,0.0436046511627907
K Nima,18,22,1,3,4,7.333333333333333,0.2222222222222222,0.05555555555555555
K Nirmana,136,122,4,18,82,5.38235294117647,0.6029411764705882,0.029411764705882353
K Noema-Barnett,233,200,4,15,99,5.150214592274677,0.4248927038626609,0.017167381974248927
K Nuwantha,255,204,9,22,135,4.8,0.5294117647058824,0.03529411764705882
K Oala,220,187,6,19,111,5.1000000000000005,0.5045454545454545,0.02727272727272727
K Ogawa,22,5,0,0,21,1.3636363636363638,0.9545454545454546,0.0
K Ogola,51,34,3,4,29,4.0,0.5686274509803921,0.058823529411764705
K Omala,13,16,0,1,7,7.384615384615385,0.5384615384615384,0.0
K Ota,552,476,26,45,311,5.173913043478261,0.5634057971014492,0.04710144927536232
K Paskova,50,38,2,2,32,4.56,0.64,0.04
K Pathiratne,103,84,4,9,59,4.893203883495145,0.5728155339805825,0.038834951456310676
K Peddrick,256,238,14,18,137,5.578125,0.53515625,0.0546875
K Penjor,98,158,2,21,45,9.673469387755103,0.45918367346938777,0.02040816326530612
K Phillip,171,159,3,20,103,5.578947368421052,0.6023391812865497,0.017543859649122806
K Pierre,549,586,12,61,250,6.404371584699454,0.4553734061930783,0.02185792349726776
K Piet,531,596,32,71,224,6.734463276836158,0.4218455743879473,0.060263653483992465
K Piyumal,98,77,2,6,49,4.714285714285714,0.5,0.02040816326530612
K Rabada,7253,6983,261,867,3935,5.7766441472494146,0.5425341238108369,0.03598510960981663
K Ragoobar,67,48,0,5,41,4.298507462686567,0.6119402985074627,0.0
K Ramharack,3107,2663,99,246,1479,5.14258126810428,0.4760218860637271,0.03186353395558417
K Reyneke,220,211,10,19,100,5.754545454545455,0.45454545454545453,0.045454545454545456
K Roca,24,32,2,7,11,8.0,0.4583333333333333,0.08333333333333333
K Saesong,26,31,0,3,9,7.153846153846154,0.34615384615384615,0.0
K Samten,109,80,4,4,48,4.403669724770642,0.44036697247706424,0.03669724770642202
K Santokie,251,286,19,34,101,6.8366533864541825,0.40239043824701193,0.07569721115537849
K Sathish,61,74,4,7,15,7.278688524590164,0.2459016393442623,0.06557377049180328
K Sathsara,72,46,0,4,40,3.8333333333333335,0.5555555555555556,0.0
K Schultz,105,109,2,14,45,6.228571428571429,0.42857142857142855,0.01904761904761905
K Senamontree,492,485,27,63,256,5.914634146341464,0.5203252032520326,0.054878048780487805
K Sequiera,78,53,3,2,43,4.076923076923077,0.5512820512820513,0.038461538461538464
K Seura,63,29,2,2,46,2.761904761904762,0.7301587301587301,0.031746031746031744
K Sinclair,497,438,15,37,209,5.287726358148894,0.42052313883299797,0.030181086519114688
K Sonavale,24,21,2,2,11,5.25,0.4583333333333333,0.08333333333333333
K Srandeva,267,281,7,25,157,6.314606741573034,0.5880149812734082,0.026217228464419477
K Subramanian,31,27,5,2,11,5.225806451612903,0.3548387096774194,0.16129032258064516
K Suresh,56,95,2,14,23,10.178571428571427,0.4107142857142857,0.03571428571428571
K Takahashi,103,84,4,7,61,4.893203883495145,0.5922330097087378,0.038834951456310676
K Tari,82,77,2,9,52,5.634146341463415,0.6341463414634146,0.024390243902439025
K Tereza,71,83,1,3,23,7.014084507042253,0.323943661971831,0.014084507042253521
K Tesarikova,10,19,0,2,3,11.4,0.3,0.0
K Thomson,21,39,0,7,7,11.142857142857142,0.3333333333333333,0.0
K Thuchila,404,360,22,42,211,5.346534653465347,0.5222772277227723,0.054455445544554455
K Tucker,177,93,8,10,126,3.152542372881356,0.711864406779661,0.04519774011299435
K Vislapuu,251,357,9,41,95,8.533864541832669,0.3784860557768924,0.035856573705179286
K Waiswa,731,824,48,92,321,6.763337893296854,0.43912448700410395,0.06566347469220246
K Wakita,206,197,16,17,94,5.737864077669903,0.4563106796116505,0.07766990291262135
K Weeraratne,170,207,5,20,69,7.305882352941177,0.40588235294117647,0.029411764705882353
K Winda Prastini,52,48,3,3,17,5.538461538461539,0.3269230769230769,0.057692307692307696
KA Bazil,144,211,5,24,43,8.791666666666666,0.2986111111111111,0.034722222222222224
KA Bull,52,48,1,4,21,5.538461538461539,0.40384615384615385,0.019230769230769232
KA Green,1683,1169,82,86,993,4.167557932263815,0.5900178253119429,0.0487225193107546
KA Heffernan,39,29,1,3,23,4.461538461538462,0.5897435897435898,0.02564102564102564
KA Jamieson,1869,2082,61,272,963,6.683788121990369,0.5152487961476726,0.03263777421080792
KA Knight,151,157,6,22,73,6.2384105960264895,0.48344370860927155,0.039735099337748346
KA Levick,3114,2158,103,189,1781,4.157996146435453,0.5719332048811817,0.033076429030186254
KA Maharaj,3885,3643,129,349,1670,5.626254826254827,0.42985842985842987,0.033204633204633204
KA Pollard,3088,3251,99,278,1137,6.316709844559586,0.36819948186528495,0.03205958549222798
KAB Hynam-Nyberg,125,170,5,19,45,8.16,0.36,0.04
KAC Wong,33,56,1,9,10,10.181818181818182,0.30303030303030304,0.030303030303030304
KAD Hurdle,495,400,17,44,315,4.848484848484849,0.6363636363636364,0.03434343434343434
KADA Kanchana,1098,1117,29,129,518,6.103825136612022,0.47176684881602915,0.026411657559198543
KADM Fernando,43,13,2,1,35,1.813953488372093,0.813953488372093,0.046511627906976744
KAJ Roach,4767,4109,146,474,2717,5.171806167400881,0.5699601426473673,0.030627228865114327
KAR Hodge,109,113,2,14,55,6.220183486238532,0.5045871559633027,0.01834862385321101
KB Ahir,212,259,14,34,100,7.330188679245283,0.4716981132075472,0.0660377358490566
KB Burger,44,45,1,6,23,6.136363636363637,0.5227272727272727,0.022727272727272728
KB Patil,14,9,0,0,9,3.8571428571428568,0.6428571428571429,0.0
KBAK Basnayake,12,12,2,2,6,6.0,0.5,0.16666666666666666
KC Brathwaite,153,141,1,10,53,5.529411764705882,0.3464052287581699,0.006535947712418301
KC D'Souza,92,84,4,6,44,5.478260869565217,0.4782608695652174,0.043478260869565216
KC Hodsoll,48,48,3,6,22,6.0,0.4583333333333333,0.0625
KC Ramamoorthy,181,219,9,22,72,7.259668508287293,0.39779005524861877,0.049723756906077346
KC Thompson,347,202,18,12,203,3.4927953890489913,0.5850144092219021,0.05187319884726225
KD Jayawant,33,17,3,2,25,3.090909090909091,0.7575757575757576,0.09090909090909091
KD Mehta,43,43,4,5,18,6.0,0.4186046511627907,0.09302325581395349
KD Mills,7467,6346,252,800,4233,5.099236641221374,0.5668943350743271,0.03374849337083166
KD Shah,830,849,36,103,363,6.137349397590361,0.43734939759036146,0.043373493975903614
KDA Lukies,654,603,48,56,322,5.532110091743119,0.4923547400611621,0.07339449541284404
KDA Manoj,207,237,4,34,111,6.869565217391305,0.5362318840579711,0.01932367149758454
KDC Clarke,191,228,9,28,70,7.162303664921466,0.36649214659685864,0.04712041884816754
KDK Vithanage,12,17,0,3,4,8.5,0.3333333333333333,0.0
KDU Prabodhani,3383,2863,109,327,1815,5.077741649423588,0.5365060597103163,0.032219923145137455
KE Bashir,92,105,4,11,39,6.8478260869565215,0.42391304347826086,0.043478260869565216
KE Broadmore,161,147,3,15,80,5.478260869565218,0.4968944099378882,0.018633540372670808
KE Bryce,4321,3151,168,308,2494,4.3753760703540845,0.5771812080536913,0.0388798889146031
KE Ebrahim,146,132,6,17,71,5.424657534246576,0.4863013698630137,0.0410958904109589
KE Pike,103,89,4,10,55,5.184466019417475,0.5339805825242718,0.038834951456310676
KED Carroll,6,8,0,2,4,8.0,0.6666666666666666,0.0
KF Bazil,223,204,6,23,121,5.488789237668162,0.5426008968609866,0.026905829596412557
KG Critchell,143,127,3,14,83,5.328671328671329,0.5804195804195804,0.02097902097902098
KG Darlington,193,89,7,8,149,2.766839378238342,0.772020725388601,0.03626943005181347
KGA Sampath,63,54,1,8,39,5.142857142857143,0.6190476190476191,0.015873015873015872
KH Abe,6,8,1,1,2,8.0,0.3333333333333333,0.16666666666666666
KH Brunt,5612,4131,210,479,3419,4.416607270135424,0.6092302209550963,0.03741981468282252
KH Pandya,910,1018,26,93,347,6.712087912087912,0.3813186813186813,0.02857142857142857
KH Prajapati,10,20,0,4,4,12.0,0.4,0.0
KH Sciver-Brunt,105,125,6,19,47,7.142857142857143,0.44761904761904764,0.05714285714285714
KHD Barker,1461,1279,41,157,810,5.252566735112937,0.5544147843942505,0.02806297056810404
KHRK Fernando,68,41,1,3,42,3.6176470588235294,0.6176470588235294,0.014705882352941176
KI Fernando,18,16,1,1,11,5.333333333333333,0.6111111111111112,0.05555555555555555
KIC Asalanka,1030,958,27,97,458,5.580582524271845,0.4446601941747573,0.02621359223300971
KJ Abbott,3815,3327,124,432,2141,5.2325032765399735,0.5612057667103538,0.032503276539973786
KJ Coetzer,235,196,3,14,105,5.004255319148936,0.44680851063829785,0.01276595744680851
KJ Ferrary,167,185,13,21,65,6.6467065868263475,0.38922155688622756,0.07784431137724551
KJ Garth,2851,2311,104,276,1661,4.8635566467906,0.5826025955804981,0.0364784286215363
KJ Harding,69,88,1,10,32,7.6521739130434785,0.463768115942029,0.014492753623188406
KJ McCartney,72,76,2,6,36,6.333333333333333,0.5,0.027777777777777776
KJ O'Brien,3587,3420,132,382,1743,5.720657931419013,0.4859213827711179,0.03679955394480067
KJ Patel,110,113,4,9,40,6.163636363636364,0.36363636363636365,0.03636363636363636
KJ Wolfe,274,214,8,25,169,4.686131386861314,0.6167883211678832,0.029197080291970802
KJ Young,73,94,3,12,24,7.726027397260275,0.3287671232876712,0.0410958904109589
KJT Roberts,55,47,1,7,33,5.127272727272728,0.6,0.01818181818181818
KK Ahmed,857,999,31,140,411,6.99416569428238,0.4795799299883314,0.03617269544924154
KK Dobell,52,47,4,5,32,5.423076923076923,0.6153846153846154,0.07692307692307693
KK Donovan,360,243,12,18,261,4.05,0.725,0.03333333333333333
KK Gill,84,49,7,2,54,3.5,0.6428571428571429,0.08333333333333333
KK Jennings,565,549,8,57,258,5.830088495575221,0.45663716814159294,0.01415929203539823
KK Lin Thu,380,356,17,41,206,5.621052631578947,0.5421052631578948,0.04473684210526316
KK Tillett,15,50,1,8,3,20.0,0.2,0.06666666666666667
KKN Egodage,858,710,52,58,394,4.965034965034965,0.4592074592074592,0.06060606060606061
KKV Perera,56,43,2,5,33,4.607142857142857,0.5892857142857143,0.03571428571428571
KL Coppack,2010,1627,51,197,1285,4.856716417910448,0.6393034825870647,0.025373134328358207
KL Cross,5162,3976,152,502,3119,4.621464548624564,0.6042231693142193,0.029445951181712515
KL George,1909,1639,48,182,1111,5.151388161341016,0.5819800942902043,0.025144054478784705
KL Gordon,3082,2105,104,206,1855,4.0979883192732,0.6018818948734588,0.03374432186891629
KL Midwood,290,223,3,24,158,4.613793103448276,0.5448275862068965,0.010344827586206896
KL Pulford,24,17,1,0,8,4.25,0.3333333333333333,0.041666666666666664
KLG Li,36,39,4,3,14,6.5,0.3888888888888889,0.1111111111111111
KM Beams,1491,1044,57,80,775,4.201207243460765,0.5197853789403085,0.03822937625754527
KM Chingaipe,308,257,19,29,185,5.0064935064935066,0.6006493506493507,0.06168831168831169
KM Dabengwa,740,703,15,62,316,5.7,0.42702702702702705,0.02027027027027027
KM Jadhav,1173,1005,28,83,521,5.140664961636829,0.4441602728047741,0.023870417732310314
KM Jarvis,3314,3088,100,393,1802,5.590826795413397,0.5437537718768859,0.030175015087507542
KM Umair,21,17,1,1,12,4.857142857142857,0.5714285714285714,0.047619047619047616
KMA Aziz,76,121,2,15,32,9.552631578947368,0.42105263157894735,0.02631578947368421
KMA Paul,1602,1816,54,221,708,6.801498127340824,0.4419475655430712,0.033707865168539325
KMC Bandara,397,348,17,43,222,5.259445843828715,0.5591939546599496,0.042821158690176324
KMDN Kulasekara,9434,8284,285,999,5294,5.268602925588298,0.5611617553529786,0.030209879160483358
KN Alexander,63,20,3,2,52,1.9047619047619047,0.8253968253968254,0.047619047619047616
KN Chaddha,10,14,0,2,4,8.4,0.4,0.0
KN Gabhane,18,29,2,5,5,9.666666666666666,0.2777777777777778,0.1111111111111111
KN Mirchandani,91,92,2,5,38,6.065934065934067,0.4175824175824176,0.02197802197802198
KN Mussa,284,245,16,26,154,5.176056338028169,0.5422535211267606,0.056338028169014086
KN Peiris,481,337,18,23,266,4.203742203742204,0.553014553014553,0.037422037422037424
KN Singh,63,78,2,10,26,7.428571428571429,0.4126984126984127,0.031746031746031744
KNA Bandara,67,63,1,6,27,5.64179104477612,0.40298507462686567,0.014925373134328358
KO Elliott,6,11,0,2,1,11.0,0.16666666666666666,0.0
KO Meth,447,480,10,61,206,6.442953020134228,0.4608501118568233,0.02237136465324385
KOK Williams,831,1033,39,113,306,7.458483754512636,0.36823104693140796,0.04693140794223827
KP Meiyappan,1546,1493,63,143,674,5.794307891332471,0.4359637774902975,0.0407503234152652
KP Pietersen,433,423,9,38,194,5.861431870669746,0.44803695150115475,0.020785219399538105
KP Walmsley,61,64,1,7,27,6.2950819672131155,0.4426229508196721,0.01639344262295082
KR Brown,7,17,0,3,1,14.571428571428571,0.14285714285714285,0.0
KR Ebanks,393,426,9,51,209,6.5038167938931295,0.5318066157760815,0.022900763358778626
KR Frost,65,37,4,2,41,3.4153846153846152,0.6307692307692307,0.06153846153846154
KR Jha,52,76,4,9,20,8.76923076923077,0.38461538461538464,0.07692307692307693
KR Mayers,837,844,16,98,430,6.050179211469534,0.5137395459976105,0.019115890083632018
KR Sen,33,37,2,4,17,6.7272727272727275,0.5151515151515151,0.06060606060606061
KRP Silva,191,153,8,15,107,4.806282722513089,0.5602094240837696,0.041884816753926704
KRS Hansen,44,76,1,8,14,10.363636363636363,0.3181818181818182,0.022727272727272728
KS Ahuja,6,12,0,2,0,12.0,0.0,0.0
KS Airee,340,340,18,38,161,6.0,0.47352941176470587,0.052941176470588235
KS Bagabena,703,701,30,77,356,5.982930298719772,0.5064011379800853,0.04267425320056899
KS Carlson,812,806,20,83,324,5.955665024630542,0.39901477832512317,0.024630541871921183
KS Castle,925,722,24,60,503,4.683243243243243,0.5437837837837838,0.025945945945945945
KS Gautam,268,270,4,34,128,6.044776119402985,0.47761194029850745,0.014925373134328358
KS James,193,181,1,12,79,5.626943005181348,0.40932642487046633,0.0051813471502590676
KS Kasse,11,10,1,1,7,5.454545454545455,0.6363636363636364,0.09090909090909091
KS Leverock,959,938,40,110,510,5.868613138686131,0.5318039624608968,0.04171011470281543
KS Lokuarachchi,705,551,20,46,344,4.68936170212766,0.4879432624113475,0.028368794326241134
KS Velani,13,14,1,2,5,6.461538461538462,0.38461538461538464,0.07692307692307693
KS Williamson,1614,1487,47,119,647,5.5278810408921935,0.40086741016109045,0.029120198265179677
KSB Tavo,113,142,8,20,50,7.539823008849558,0.4424778761061947,0.07079646017699115
KT Maphaka,532,760,24,98,216,8.571428571428571,0.40601503759398494,0.045112781954887216
KT Sandher,213,172,6,15,110,4.845070422535211,0.5164319248826291,0.028169014084507043
KT van Vollenhoven,42,47,0,4,14,6.714285714285714,0.3333333333333333,0.0
KTGD Prasad,989,975,31,122,513,5.915065722952477,0.5187057633973711,0.03134479271991911
KTH Ratnayake,748,568,23,66,433,4.55614973262032,0.5788770053475936,0.03074866310160428
KU Carty,27,28,0,4,13,6.222222222222222,0.48148148148148145,0.0
KV Mehta,12,13,0,2,5,6.5,0.4166666666666667,0.0
KV Morea,1708,1509,86,159,894,5.3009367681498825,0.5234192037470726,0.05035128805620609
KV Sharma,138,154,1,19,69,6.695652173913044,0.5,0.007246376811594203
KV Vakuruivalu,212,157,9,9,151,4.443396226415094,0.7122641509433962,0.04245283018867924
KVA Adikari,79,69,1,8,40,5.2405063291139244,0.5063291139240507,0.012658227848101266
KW Hogg,51,41,0,4,30,4.823529411764706,0.5882352941176471,0.0
KW Richardson,2451,2592,101,317,1119,6.34516523867809,0.4565483476132191,0.041207670338637294
KY Chan,1539,1110,119,85,801,4.3274853801169595,0.52046783625731,0.07732293697205977
KY Wilfried,74,127,3,17,26,10.297297297297296,0.35135135135135137,0.04054054054054054
KZ Rehmtullah,416,335,13,32,264,4.831730769230769,0.6346153846153846,0.03125
Kabir Ali,772,769,27,96,404,5.976683937823835,0.5233160621761658,0.034974093264248704
Kabir Berlia,116,162,8,23,39,8.379310344827587,0.33620689655172414,0.06896551724137931
Kainat Imtiaz,574,596,15,68,258,6.2299651567944245,0.44947735191637633,0.02613240418118467
Kaleem Sana,2391,1953,128,215,1416,4.900878293601004,0.5922208281053952,0.053534086156419906
Kaleem Shah,56,70,2,8,23,7.499999999999999,0.4107142857142857,0.03571428571428571
Kaleemullah,3551,2791,104,333,2190,4.71585468882005,0.616727682343002,0.02928752464094621
Kamal Raiz,61,50,4,4,31,4.918032786885246,0.5081967213114754,0.06557377049180328
Kamal Soukhiya,156,198,6,21,76,7.615384615384615,0.48717948717948717,0.038461538461538464
Kamran Ahmadzai,119,154,9,25,52,7.764705882352942,0.4369747899159664,0.07563025210084033
Kamran Ghulam,24,16,1,1,11,4.0,0.4583333333333333,0.041666666666666664
Kamran Hussain,103,70,4,7,66,4.077669902912621,0.6407766990291263,0.038834951456310676
Kamran Khan,60,68,3,8,33,6.8,0.55,0.05
Kamran Khan (2),11,42,0,6,1,22.90909090909091,0.09090909090909091,0.0
Kamran Mahmood,112,134,5,14,44,7.178571428571428,0.39285714285714285,0.044642857142857144
Kamran Shazad,352,358,10,48,195,6.1022727272727275,0.5539772727272727,0.028409090909090908
Kamran Wahid,87,126,8,15,23,8.689655172413794,0.26436781609195403,0.09195402298850575
Kanchan Rana,194,158,10,11,106,4.886597938144329,0.5463917525773195,0.05154639175257732
Karan KC,5257,5137,235,676,2812,5.863039756515123,0.5349058398326042,0.04470230169298079
Karan Singh,43,54,1,6,13,7.534883720930233,0.3023255813953488,0.023255813953488372
Karanbir Singh,362,460,32,54,124,7.624309392265193,0.3425414364640884,0.08839779005524862
Karma Dorji,196,228,8,25,83,6.979591836734694,0.42346938775510207,0.04081632653061224
Karri Gullem Keen,355,304,21,22,191,5.138028169014085,0.5380281690140845,0.059154929577464786
Karthik Jayaraj,21,24,0,3,9,6.857142857142857,0.42857142857142855,0.0
Karthik Pillai,33,48,0,4,9,8.727272727272727,0.2727272727272727,0.0
Karuna Bhandari,418,209,32,14,251,3.0,0.6004784688995215,0.07655502392344497
Karweng NG,56,81,0,7,18,8.678571428571429,0.32142857142857145,0.0
Kasey Aldridge,1237,1244,44,152,603,6.033953112368634,0.4874696847210994,0.03556992724333064
Kashif Abbas,6,12,0,2,1,12.0,0.16666666666666666,0.0
Kashif Daud,907,779,28,76,488,5.153252480705623,0.538037486218302,0.030871003307607496
Kashif Khan,73,75,4,10,33,6.164383561643836,0.4520547945205479,0.0547945205479452
Kashif Siddique,2,1,1,0,0,3.0,0.0,0.5
Kashish Agarwal,73,71,4,4,39,5.835616438356165,0.5342465753424658,0.0547945205479452
Kate Awuah,73,93,1,10,33,7.6438356164383565,0.4520547945205479,0.0136986301369863
Kaung Htet Kyaw,86,104,2,14,44,7.255813953488372,0.5116279069767442,0.023255813953488372
Kaveen Bandara,3,3,0,0,0,6.0,0.0,0.0
Kavija Gamage,55,39,2,5,35,4.254545454545455,0.6363636363636364,0.03636363636363636
Kawsar Khan,152,138,12,17,76,5.447368421052632,0.5,0.07894736842105263
Kerry Fraser,106,95,6,2,41,5.377358490566038,0.3867924528301887,0.05660377358490566
Kevin Perera,37,35,0,3,17,5.675675675675675,0.4594594594594595,0.0
Khadija Imtiaz,192,194,11,16,74,6.0625,0.3854166666666667,0.057291666666666664
Khadija Khalil,207,223,12,21,99,6.463768115942029,0.4782608695652174,0.057971014492753624
Khadija Tul Kubra,1335,995,59,101,721,4.47191011235955,0.5400749063670413,0.044194756554307116
Khaibar Deldar,82,123,4,15,32,9.0,0.3902439024390244,0.04878048780487805
Khalander Mustafa,47,55,4,8,25,7.021276595744681,0.5319148936170213,0.0851063829787234
Khaled Ahmed,104,110,3,12,51,6.346153846153847,0.49038461538461536,0.028846153846153848
Khaled Khan,19,22,2,3,9,6.947368421052632,0.47368421052631576,0.10526315789473684
Khaled Mahmud,1227,1047,24,102,639,5.119804400977995,0.5207823960880196,0.019559902200488997
Khalid Ahmadi,645,682,46,72,303,6.344186046511628,0.4697674418604651,0.07131782945736434
Khalid Butt,60,100,4,13,21,10.0,0.35,0.06666666666666667
Khalid Izaz,39,28,1,2,24,4.3076923076923075,0.6153846153846154,0.02564102564102564
Khalid Niazi,100,124,10,14,30,7.4399999999999995,0.3,0.1
Khalid Zahid,625,705,28,72,280,6.768,0.448,0.0448
Khan Arbaaz,22,20,2,1,10,5.454545454545455,0.45454545454545453,0.09090909090909091
Khawar Abbas,83,86,9,7,26,6.216867469879518,0.3132530120481928,0.10843373493975904
Khawar Ali,3113,2569,121,203,1491,4.951493735946032,0.4789592033408288,0.038869257950530034
Khin Aye,216,307,11,37,88,8.527777777777779,0.4074074074074074,0.05092592592592592
Khizar Hayat,2495,2037,94,194,1281,4.898597194388778,0.5134268537074148,0.03767535070140281
Khurram Chohan,632,551,23,67,346,5.231012658227848,0.5474683544303798,0.03639240506329114
Khurram Khan,595,517,25,34,252,5.213445378151261,0.4235294117647059,0.04201680672268908
Khurram Shahzad,652,581,17,75,362,5.346625766871165,0.5552147239263804,0.02607361963190184
Khusboo Kandpal,112,102,5,2,51,5.4642857142857135,0.45535714285714285,0.044642857142857144
Khushdil Shah,431,452,11,42,163,6.292343387470998,0.37819025522041766,0.025522041763341066
Khushi Sharma,781,683,49,65,385,5.247119078104994,0.49295774647887325,0.06274007682458387
Kim Daeyeon,274,300,20,29,109,6.569343065693431,0.3978102189781022,0.072992700729927
Kim Rang,25,37,1,4,7,8.879999999999999,0.28,0.04
Kinaanath Ismail,25,60,0,11,3,14.399999999999999,0.12,0.0
Kinley Bidha,49,46,1,5,20,5.63265306122449,0.40816326530612246,0.02040816326530612
Kiyo Fujikawa,78,62,2,4,33,4.769230769230769,0.4230769230769231,0.02564102564102564
Komalpreet Grewal,28,38,1,3,10,8.142857142857142,0.35714285714285715,0.03571428571428571
Komang Putra,14,21,0,3,7,9.0,0.5,0.0
Krishna Chandran,260,267,3,30,117,6.161538461538461,0.45,0.011538461538461539
Kuldeep Gurjar,135,198,10,24,42,8.8,0.3111111111111111,0.07407407407407407
Kuldeep Lal,101,116,6,11,31,6.891089108910892,0.3069306930693069,0.0594059405940594
Kuldeep Yadav,7136,6412,289,586,3225,5.391255605381167,0.45193385650224216,0.040498878923766815
Kulwinderjeet Singh,5,7,2,1,2,8.4,0.4,0.4
Kumar Subba,57,44,2,7,39,4.631578947368421,0.6842105263157895,0.03508771929824561
Kunaal Kumar,6,6,0,1,3,6.0,0.5,0.0
Kushal Malla,1471,1181,49,102,725,4.817131203263086,0.4928619986403807,0.03331067301155676
Kyshona A Knight,26,32,0,4,8,7.384615384615385,0.3076923076923077,0.0
Kyte Gullem Keen,59,45,4,3,37,4.576271186440677,0.6271186440677966,0.06779661016949153
Kyungsik Kim,56,67,3,6,23,7.178571428571428,0.4107142857142857,0.05357142857142857
L Abeysinghe,38,41,0,6,20,6.473684210526316,0.5263157894736842,0.0
L Anyait,317,202,14,14,180,3.8233438485804414,0.5678233438485805,0.04416403785488959
L Balaji,1080,1032,35,124,597,5.733333333333333,0.5527777777777778,0.032407407407407406
L Barnett,329,218,13,20,187,3.9756838905775074,0.5683890577507599,0.03951367781155015
L Berthe,8,14,0,2,4,10.5,0.5,0.0
L Bigula,40,37,1,2,17,5.55,0.425,0.025
L Bonner,171,128,15,11,84,4.491228070175438,0.49122807017543857,0.08771929824561403
L Botha,18,19,1,2,7,6.333333333333333,0.3888888888888889,0.05555555555555555
L Bruce,738,922,34,103,296,7.495934959349594,0.4010840108401084,0.04607046070460705
L Bull,425,306,33,23,212,4.32,0.4988235294117647,0.07764705882352942
L Cardoso,418,306,37,20,214,4.392344497607655,0.5119617224880383,0.08851674641148326
L Cheatle,228,210,6,27,126,5.526315789473684,0.5526315789473685,0.02631578947368421
L Chilia,120,93,10,10,65,4.65,0.5416666666666666,0.08333333333333333
L Chipanga,422,229,22,9,285,3.255924170616114,0.6753554502369669,0.052132701421800945
L Croospulle,2,0,1,0,1,0.0,0.5,0.5
L Dalbina,160,132,4,5,93,4.95,0.58125,0.025
L Delany,2988,2661,127,225,1323,5.343373493975903,0.4427710843373494,0.04250334672021419
L Denny,288,350,19,36,118,7.291666666666667,0.4097222222222222,0.06597222222222222
L Doneathy,291,322,8,32,106,6.639175257731959,0.3642611683848797,0.027491408934707903
L Egging,41,23,3,2,30,3.3658536585365857,0.7317073170731707,0.07317073170731707
L Embuldeniya,746,458,30,36,443,3.6836461126005364,0.5938337801608579,0.040214477211796246
L Enoch,6,6,1,1,2,6.0,0.3333333333333333,0.16666666666666666
L Erdenebulgan,280,430,18,49,98,9.214285714285715,0.35,0.06428571428571428
L Evile,78,94,5,11,30,7.230769230769231,0.38461538461538464,0.0641025641025641
L Filer,2144,1922,68,251,1258,5.378731343283582,0.5867537313432836,0.03171641791044776
L Gharasim,22,19,1,0,11,5.181818181818182,0.5,0.045454545454545456
L Gregory,2111,2159,76,260,990,6.1364282330648985,0.4689720511605874,0.03600189483657035
L Greig,25,19,2,1,11,4.56,0.44,0.08
L Guthrie,1037,1015,34,134,552,5.872709739633558,0.532304725168756,0.03278688524590164
L Hamilton,74,54,6,4,37,4.378378378378378,0.5,0.08108108108108109
L Hands,182,207,2,24,80,6.824175824175825,0.43956043956043955,0.01098901098901099
L Haskett,127,150,3,19,67,7.086614173228346,0.5275590551181102,0.023622047244094488
L Heap,296,238,14,27,166,4.824324324324324,0.5608108108108109,0.0472972972972973
L Holmgaard,94,65,5,3,61,4.1489361702127665,0.648936170212766,0.05319148936170213
L Hornby-Wheeler,27,34,0,3,11,7.555555555555555,0.4074074074074074,0.0
L Hyde,49,81,1,9,17,9.918367346938776,0.3469387755102041,0.02040816326530612
L Idambo,634,519,40,62,367,4.9116719242902205,0.5788643533123028,0.06309148264984227
L Jackson,897,743,25,84,552,4.969899665551839,0.6153846153846154,0.027870680044593088
L Jie,276,172,14,5,137,3.739130434782609,0.4963768115942029,0.050724637681159424
L Jones,183,137,8,14,109,4.491803278688525,0.5956284153005464,0.04371584699453552
L Karlsson,251,253,19,27,109,6.047808764940239,0.4342629482071713,0.07569721115537849
L Kenton,24,14,2,1,15,3.5,0.625,0.08333333333333333
L Keny,76,46,10,5,42,3.6315789473684212,0.5526315789473685,0.13157894736842105
L Khotso,54,64,1,6,27,7.111111111111111,0.5,0.018518518518518517
L Klazinga,582,531,16,59,349,5.474226804123711,0.5996563573883161,0.027491408934707903
L Klokgieters,302,288,11,26,150,5.7218543046357615,0.4966887417218543,0.03642384105960265
L Klusener,476,403,12,38,246,5.07983193277311,0.5168067226890757,0.025210084033613446
L Kooagile,13,6,1,0,9,2.7692307692307696,0.6923076923076923,0.07692307692307693
L Krvaric,151,103,4,5,95,4.0927152317880795,0.6291390728476821,0.026490066225165563
L Lamin,339,323,7,33,176,5.716814159292035,0.5191740412979351,0.02064896755162242
L Lee,129,93,3,9,75,4.325581395348837,0.5813953488372093,0.023255813953488372
L Leemhuis,24,29,1,4,17,7.25,0.7083333333333334,0.041666666666666664
L Little,550,588,12,72,268,6.414545454545454,0.48727272727272725,0.02181818181818182
L Mabhero,968,817,31,77,475,5.064049586776859,0.490702479338843,0.03202479338842975
L Makgale,26,10,4,0,16,2.307692307692308,0.6153846153846154,0.15384615384615385
L Malino,532,419,34,33,282,4.7255639097744355,0.5300751879699248,0.06390977443609022
L Mamba,321,300,6,21,192,5.607476635514018,0.5981308411214953,0.018691588785046728
L Maphane,8,15,1,1,0,11.25,0.0,0.125
L Maritz,626,605,22,70,321,5.798722044728435,0.512779552715655,0.03514376996805112
L Martin,51,55,4,4,23,6.470588235294118,0.45098039215686275,0.0784313725490196
L McCarthy,1060,1010,43,132,633,5.716981132075472,0.5971698113207548,0.040566037735849055
L Moises,393,266,25,20,219,4.061068702290076,0.5572519083969466,0.06361323155216285
L Monanthane,75,77,2,6,34,6.16,0.4533333333333333,0.02666666666666667
L Mophakedi,23,26,0,1,11,6.782608695652174,0.4782608695652174,0.0
L Neil-Smith,30,31,0,5,19,6.2,0.6333333333333333,0.0
L Ngidi,4683,5110,199,667,2281,6.547085201793722,0.48708093102711936,0.04249412769592142
L Nou,75,89,3,12,34,7.12,0.4533333333333333,0.04
L Ntanzi,8,10,0,1,4,7.5,0.5,0.0
L Nyarko,150,107,10,11,83,4.28,0.5533333333333333,0.06666666666666667
L Ostergaard,285,232,17,23,148,4.88421052631579,0.519298245614035,0.05964912280701754
L Paul,1196,1046,43,90,559,5.247491638795986,0.4673913043478261,0.03595317725752508
L Phiri,838,704,29,53,412,5.040572792362769,0.4916467780429594,0.034606205250596656
L Piety,270,196,25,15,139,4.355555555555555,0.5148148148148148,0.09259259259259259
L Polaki,89,89,4,6,57,6.0,0.6404494382022472,0.0449438202247191
L Pope,1010,956,28,71,404,5.679207920792079,0.4,0.027722772277227723
L Qiao,280,150,20,9,173,3.2142857142857144,0.6178571428571429,0.07142857142857142
L Ramdeen,54,29,1,2,32,3.2222222222222223,0.5925925925925926,0.018518518518518517
L Ramjit,142,107,7,6,70,4.52112676056338,0.49295774647887325,0.04929577464788732
L Rika,18,28,0,3,5,9.333333333333334,0.2777777777777778,0.0
L Samani,8,7,0,0,4,5.25,0.5,0.0
L Sanogo,92,109,3,10,43,7.108695652173913,0.4673913043478261,0.03260869565217391
L Savident,95,61,1,8,71,3.8526315789473684,0.7473684210526316,0.010526315789473684
L Scott,543,354,13,31,322,3.911602209944751,0.5930018416206262,0.02394106813996317
L Shafeeg,334,443,17,52,129,7.95808383233533,0.38622754491017963,0.05089820359281437
L Shetty,126,153,5,16,56,7.285714285714286,0.4444444444444444,0.03968253968253968
L Siaka,375,355,13,32,169,5.68,0.45066666666666666,0.034666666666666665
L Sipamla,471,662,15,88,179,8.433121019108281,0.38004246284501064,0.03184713375796178
L Slebsager,203,116,4,7,123,3.4285714285714284,0.6059113300492611,0.019704433497536946
L Sormus,198,174,7,10,109,5.2727272727272725,0.5505050505050505,0.03535353535353535
L Tastuki,204,119,9,10,139,3.5,0.6813725490196079,0.04411764705882353
L Taylor,262,197,10,7,130,4.511450381679389,0.4961832061068702,0.03816793893129771
L Thobela,11,7,0,0,9,3.8181818181818183,0.8181818181818182,0.0
L Tipton,12,12,0,2,7,6.0,0.5833333333333334,0.0
L Trevaskis,2123,1903,55,177,917,5.378238341968912,0.43193593970796046,0.025906735751295335
L Tshuma,2193,1750,90,146,1080,4.7879616963064295,0.49247606019151846,0.04103967168262654
L Udeh,626,403,40,40,402,3.8626198083067096,0.6421725239616614,0.06389776357827476
L Vincent,18,22,1,3,11,7.333333333333333,0.6111111111111112,0.05555555555555555
L Visser,65,73,5,8,27,6.7384615384615385,0.4153846153846154,0.07692307692307693
L Vuadreu,30,25,4,1,14,5.0,0.4666666666666667,0.13333333333333333
L Wahmowe,70,58,8,3,33,4.9714285714285715,0.4714285714285714,0.11428571428571428
L Ward,6,4,1,0,1,4.0,0.16666666666666666,0.16666666666666666
L Wood,543,674,26,94,248,7.447513812154696,0.4567219152854512,0.04788213627992634
L Yingying,74,61,3,4,32,4.945945945945946,0.43243243243243246,0.04054054054054054
L Yonten,118,117,3,16,76,5.949152542372881,0.6440677966101694,0.025423728813559324
L di Giglio,309,268,6,33,180,5.203883495145631,0.5825242718446602,0.019417475728155338
LA Burns,722,656,52,51,326,5.4515235457063715,0.4515235457063712,0.07202216066481995
LA Dawson,3580,3150,125,250,1553,5.279329608938548,0.43379888268156425,0.034916201117318434
LA Dunbar,6,8,0,1,3,8.0,0.5,0.0
LA Goncalves,79,61,7,5,44,4.632911392405063,0.5569620253164557,0.08860759493670886
LA Griffiths,101,112,2,13,45,6.653465346534654,0.44554455445544555,0.019801980198019802
LA Marsh,2705,1987,84,191,1433,4.40739371534196,0.5297597042513863,0.031053604436229204
LA McBride,441,417,23,35,167,5.673469387755102,0.3786848072562358,0.05215419501133787
LA Musiani,63,78,2,8,25,7.428571428571429,0.3968253968253968,0.031746031746031744
LA Parfitt,44,39,2,2,20,5.318181818181818,0.45454545454545453,0.045454545454545456
LA Patterson-White,1416,1206,44,112,693,5.110169491525424,0.4894067796610169,0.031073446327683617
LA Procter,1445,1312,30,141,730,5.447750865051903,0.5051903114186851,0.020761245674740483
LA Simango,157,174,9,19,75,6.64968152866242,0.47770700636942676,0.05732484076433121
LAGL Kirby,37,19,1,2,26,3.081081081081081,0.7027027027027027,0.02702702702702703
LAR Bommareddy,159,144,6,11,90,5.433962264150943,0.5660377358490566,0.03773584905660377
LB Ferbrache,37,30,1,2,17,4.864864864864865,0.4594594594594595,0.02702702702702703
LB Williams,841,1040,41,140,367,7.41973840665874,0.43638525564803804,0.04875148632580262
LBK Hollman,1771,1559,51,147,782,5.281761716544325,0.44155844155844154,0.028797289666854884
LC Boylan,36,55,2,7,15,9.166666666666666,0.4166666666666667,0.05555555555555555
LC Doherty,37,30,0,3,22,4.864864864864865,0.5945945945945946,0.0
LC Hatcher,863,853,23,101,459,5.930475086906141,0.5318655851680185,0.026651216685979143
LC Le Tissier,434,372,19,30,205,5.142857142857143,0.47235023041474655,0.04377880184331797
LC Norwell,1145,1032,25,122,623,5.407860262008733,0.5441048034934498,0.021834061135371178
LC Romero,26,52,1,8,10,12.0,0.38461538461538464,0.038461538461538464
LC Sthalekar,640,436,15,44,377,4.0874999999999995,0.5890625,0.0234375
LCN Smith,3664,2566,122,239,2035,4.201965065502184,0.5554039301310044,0.03329694323144105
LD Chukkapalli-Llinares,32,27,0,1,16,5.0625,0.5,0.0
LD Madushanka,488,536,16,57,199,6.59016393442623,0.4077868852459016,0.03278688524590164
LE Kaushalya,965,813,29,95,547,5.054922279792746,0.566839378238342,0.03005181347150259
LE Milliken,49,37,1,6,32,4.530612244897959,0.6530612244897959,0.02040816326530612
LE Plunkett,5804,5602,202,620,2807,5.79117849758787,0.48363197794624396,0.03480358373535493
LE Scott,806,669,16,65,517,4.98014888337469,0.641439205955335,0.019851116625310174
LF Higham,1658,1324,45,136,880,4.791314837153197,0.5307599517490953,0.027141133896260553
LF Muller,98,113,8,11,46,6.918367346938776,0.46938775510204084,0.08163265306122448
LG Kellogg,70,48,2,6,53,4.114285714285715,0.7571428571428571,0.02857142857142857
LG Moras,120,135,1,12,64,6.75,0.5333333333333333,0.008333333333333333
LG Smith,70,46,2,3,43,3.942857142857143,0.6142857142857143,0.02857142857142857
LH Ferguson,4479,4457,174,537,2311,5.97052913596785,0.5159633846840813,0.03884795713328868
LH Rodrigues,406,354,24,23,225,5.231527093596059,0.5541871921182266,0.059113300492610835
LHB Harrington-Myers,27,26,2,2,12,5.777777777777778,0.4444444444444444,0.07407407407407407
LHD Dilhara,158,112,5,12,94,4.253164556962026,0.5949367088607594,0.03164556962025317
LI Georgeson,190,244,6,30,81,7.705263157894737,0.4263157894736842,0.031578947368421054
LI Haoye,288,198,15,11,153,4.125,0.53125,0.052083333333333336
LI Salomone,104,128,5,20,48,7.384615384615385,0.46153846153846156,0.04807692307692308
LI Wilkinson,42,45,2,5,15,6.428571428571429,0.35714285714285715,0.047619047619047616
LJ Barker,21,20,0,3,11,5.714285714285714,0.5238095238095238,0.0
LJ Burger,336,300,6,30,170,5.357142857142857,0.5059523809523809,0.017857142857142856
LJ Carey,1230,1130,25,144,692,5.512195121951219,0.5626016260162602,0.02032520325203252
LJ Cush,225,188,11,19,128,5.013333333333334,0.5688888888888889,0.04888888888888889
LJ Evans,28,41,1,4,9,8.785714285714285,0.32142857142857145,0.03571428571428571
LJ Fletcher,2294,2168,72,258,1157,5.670444638186574,0.504359197907585,0.03138622493461203
LJ Hamilton,52,67,0,11,29,7.730769230769232,0.5576923076923077,0.0
LJ Hatchett,434,405,10,46,224,5.599078341013826,0.5161290322580645,0.02304147465437788
LJ Hurt,867,772,29,94,451,5.342560553633218,0.5201845444059977,0.03344867358708189
LJ Leokaoke,54,55,2,4,20,6.111111111111111,0.37037037037037035,0.037037037037037035
LJ Myott,450,460,32,41,166,6.133333333333334,0.3688888888888889,0.07111111111111111
LJ Payas,128,102,6,3,75,4.78125,0.5859375,0.046875
LJ Poulton,13,18,0,2,4,8.307692307692308,0.3076923076923077,0.0
LJ Woodcock,226,229,5,23,95,6.079646017699115,0.42035398230088494,0.022123893805309734
LJ Wright,1385,1378,35,136,611,5.969675090252707,0.4411552346570397,0.02527075812274368
LK Bell,3579,3166,131,391,2078,5.307627829002515,0.580609108689578,0.03660240290583962
LK Bennett,262,246,15,18,124,5.633587786259542,0.4732824427480916,0.05725190839694656
LK Hamilton,90,80,2,12,52,5.333333333333333,0.5777777777777777,0.022222222222222223
LK O'Reilly,804,669,42,55,418,4.992537313432836,0.5199004975124378,0.05223880597014925
LK Sharma,18,29,1,4,6,9.666666666666666,0.3333333333333333,0.05555555555555555
LKW Ezechiel,60,115,1,16,17,11.5,0.2833333333333333,0.016666666666666666
LL Dimba,335,266,14,21,172,4.764179104477612,0.5134328358208955,0.041791044776119404
LL Htun,424,314,24,21,222,4.443396226415094,0.5235849056603774,0.05660377358490566
LL Tsotsobe,3470,2919,122,360,1997,5.047262247838616,0.5755043227665706,0.03515850144092219
LM Benkenstein,702,737,25,80,294,6.299145299145299,0.4188034188034188,0.03561253561253561
LM Christensen,8,10,0,1,4,7.5,0.5,0.0
LM Gabriel,83,102,1,9,35,7.373493975903614,0.42168674698795183,0.012048192771084338
LM Jongwe,2107,2422,93,264,846,6.897009966777408,0.4015187470336972,0.04413858566682487
LM Kasperek,2887,2404,137,232,1351,4.996189816418427,0.4679598198822307,0.04745410460685833
LM Paterlini,201,199,3,28,116,5.940298507462686,0.5771144278606966,0.014925373134328358
LM Reece,1156,1130,31,103,490,5.865051903114187,0.42387543252595156,0.026816608996539794
LM Sims,35,26,5,1,18,4.457142857142857,0.5142857142857142,0.14285714285714285
LMM Tahuhu,5065,4365,191,554,2862,5.170779861796644,0.5650542941757157,0.03770977295162883
LMP Simmons,207,244,7,28,65,7.072463768115942,0.3140096618357488,0.033816425120772944
LN Malinga,193,158,5,14,96,4.911917098445596,0.49740932642487046,0.025906735751295335
LN McCarthy,519,372,12,35,306,4.300578034682081,0.5895953757225434,0.023121387283236993
LN O'Connor,139,147,4,16,48,6.345323741007194,0.34532374100719426,0.02877697841726619
LN Oluoch,2434,2347,105,285,1317,5.7855382087099425,0.5410846343467544,0.04313886606409203
LN Onyango,314,325,12,45,161,6.210191082802547,0.5127388535031847,0.03821656050955414
LN Rajbanshi,2941,2250,106,222,1590,4.5902754165249915,0.5406324379462768,0.03604216252975179
LN Roche,142,157,2,16,55,6.633802816901408,0.3873239436619718,0.014084507042253521
LO Telea,165,82,15,9,113,2.981818181818182,0.6848484848484848,0.09090909090909091
LOB Cann,79,92,1,5,24,6.987341772151899,0.3037974683544304,0.012658227848101266
LP Goldsworthy,1181,1092,25,103,496,5.547840812870448,0.41998306519898393,0.021168501270110076
LP Kasturiarachchige,121,127,5,11,47,6.297520661157025,0.3884297520661157,0.04132231404958678
LP van Troost,43,82,1,11,15,11.441860465116278,0.3488372093023256,0.023255813953488372
LP van der Westhuizen,442,361,14,29,224,4.900452488687782,0.5067873303167421,0.03167420814479638
LPC Silva,62,50,2,2,27,4.838709677419355,0.43548387096774194,0.03225806451612903
LPJ Kimber,247,247,10,27,100,6.0,0.4048582995951417,0.04048582995951417
LR Doolan,310,277,13,29,138,5.361290322580645,0.44516129032258067,0.041935483870967745
LR Gaonkar,36,44,1,5,14,7.333333333333333,0.3888888888888889,0.027777777777777776
LR Morris,614,544,23,70,356,5.315960912052118,0.5798045602605864,0.03745928338762215
LRPL Taylor,45,35,0,1,23,4.666666666666667,0.5111111111111111,0.0
LS Baker,325,283,9,38,177,5.224615384615385,0.5446153846153846,0.027692307692307693
LS Barkania,485,375,28,36,250,4.639175257731959,0.5154639175257731,0.0577319587628866
LS Bhandari,142,95,2,14,102,4.014084507042253,0.7183098591549296,0.014084507042253521
LS Livingstone,2082,2332,69,242,796,6.720461095100864,0.38232468780019213,0.03314121037463977
LS Mulivai,46,36,1,3,30,4.695652173913043,0.6521739130434783,0.021739130434782608
LS Robinson,153,174,2,24,70,6.823529411764706,0.45751633986928103,0.013071895424836602
LS Samarajeewa,12,18,0,4,7,9.0,0.5833333333333334,0.0
LS Simelane,172,226,7,17,72,7.883720930232558,0.4186046511627907,0.040697674418604654
LT Bichard,605,616,37,66,242,6.109090909090909,0.4,0.06115702479338843
LT Nelson,138,126,4,9,72,5.478260869565218,0.5217391304347826,0.028985507246376812
LU Igalagamage,9,4,1,0,5,2.6666666666666665,0.5555555555555556,0.1111111111111111
LV Boas,314,242,17,19,185,4.62420382165605,0.589171974522293,0.054140127388535034
LV Mandhate,37,33,3,1,18,5.351351351351351,0.4864864864864865,0.08108108108108109
LV van Beek,2923,2985,116,357,1481,6.127266507013342,0.5066712281902155,0.03968525487512829
LW James,924,975,35,106,420,6.3311688311688314,0.45454545454545453,0.03787878787878788
LW Potthoff,34,33,4,4,13,5.823529411764706,0.38235294117647056,0.11764705882352941
LWP Wells,852,757,19,61,359,5.330985915492958,0.4213615023474178,0.022300469483568074
LY Loch Srey,160,125,4,9,106,4.6875,0.6625,0.025
Laiba Nasrullah,99,132,1,13,38,8.0,0.3838383838383838,0.010101010101010102
Lakshit Gupta,88,140,3,18,28,9.545454545454545,0.3181818181818182,0.03409090909090909
Lakvin Abeysinghe,58,41,0,3,30,4.241379310344827,0.5172413793103449,0.0
Lata Mondal,353,312,6,31,184,5.303116147308781,0.5212464589235127,0.0169971671388102
Latsha Haleemath,93,156,2,17,20,10.064516129032258,0.21505376344086022,0.021505376344086023
Lee Jungwan,25,34,1,3,5,8.16,0.2,0.04
Lee Kangmin,25,41,0,5,6,9.84,0.24,0.0
Lemar Momand,84,79,1,9,48,5.642857142857143,0.5714285714285714,0.011904761904761904
Lihara Ayeysekara,82,114,3,12,23,8.341463414634147,0.2804878048780488,0.036585365853658534
Likitha Yadav,62,50,2,0,21,4.838709677419355,0.3387096774193548,0.03225806451612903
Lily Lamb,53,58,2,3,32,6.566037735849056,0.6037735849056604,0.03773584905660377
Lily Rani Biswas,13,14,0,1,5,6.461538461538462,0.38461538461538464,0.0
Lim Jeongwook,8,10,0,1,3,7.5,0.375,0.0
Lopamudra,216,208,5,25,118,5.777777777777778,0.5462962962962963,0.023148148148148147
Lovedeep Singh,165,173,9,21,88,6.290909090909091,0.5333333333333333,0.05454545454545454
Luca Petre,131,187,7,25,59,8.564885496183207,0.45038167938931295,0.05343511450381679
Lucas Rossi,356,301,26,21,163,5.073033707865168,0.45786516853932585,0.07303370786516854
Lucky Ali,384,299,19,27,202,4.671875,0.5260416666666666,0.049479166666666664
Luis Hermida,185,193,12,22,91,6.2594594594594595,0.4918918918918919,0.06486486486486487
Lujaina,45,36,5,3,20,4.8,0.4444444444444444,0.1111111111111111
Luka Woods,102,104,3,9,40,6.117647058823529,0.39215686274509803,0.029411764705882353
Luo Shilin,117,146,2,16,46,7.487179487179487,0.39316239316239315,0.017094017094017096
Luqman Butt,541,652,21,86,251,7.231053604436229,0.46395563770794823,0.038817005545286505
Ly Saomakara,53,54,2,4,30,6.113207547169811,0.5660377358490566,0.03773584905660377
M Abdulla,219,201,12,18,101,5.506849315068493,0.4611872146118721,0.0547945205479452
M Abinash,524,321,20,24,307,3.67557251908397,0.5858778625954199,0.03816793893129771
M Aboagye,431,395,17,33,197,5.4988399071925755,0.45707656612529,0.03944315545243619
M Ahono,11,13,1,1,6,7.090909090909091,0.5454545454545454,0.09090909090909091
M Akayezu,1360,1691,85,199,619,7.460294117647059,0.4551470588235294,0.0625
M Alam,408,221,15,20,265,3.25,0.6495098039215687,0.03676470588235294
M Altankhuyag,17,55,1,8,5,19.41176470588235,0.29411764705882354,0.058823529411764705
M Ansari,1378,1253,47,155,798,5.455732946298984,0.579100145137881,0.034107402031930335
M Anyigo,16,5,3,0,10,1.875,0.625,0.1875
M Ariokot,206,180,9,24,132,5.242718446601941,0.6407766990291263,0.043689320388349516
M Artur,149,113,13,12,83,4.550335570469799,0.5570469798657718,0.087248322147651
M Badenhorst,71,104,5,11,20,8.788732394366196,0.28169014084507044,0.07042253521126761
M Batnasan,32,42,3,5,15,7.875,0.46875,0.09375
M Beardman,315,309,16,39,162,5.885714285714286,0.5142857142857142,0.050793650793650794
M Berry,60,44,0,5,31,4.4,0.5166666666666667,0.0
M Bibi,938,843,54,84,490,5.39232409381663,0.5223880597014925,0.057569296375266525
M Biu,224,225,7,23,99,6.0267857142857135,0.4419642857142857,0.03125
M Brasier,35,56,1,6,12,9.6,0.34285714285714286,0.02857142857142857
M Breban,51,36,3,3,26,4.235294117647059,0.5098039215686274,0.058823529411764705
M Brown,206,174,5,22,118,5.067961165048543,0.5728155339805825,0.024271844660194174
M Campopiano,86,94,2,8,32,6.558139534883721,0.37209302325581395,0.023255813953488372
M Carter,570,505,22,48,258,5.315789473684211,0.45263157894736844,0.03859649122807018
M Chabula,80,104,5,8,27,7.8,0.3375,0.0625
M Chadha,97,150,8,18,26,9.278350515463917,0.26804123711340205,0.08247422680412371
M Chanthuka,297,232,14,23,155,4.686868686868687,0.5218855218855218,0.04713804713804714
M Charlie,280,262,12,30,149,5.614285714285715,0.5321428571428571,0.04285714285714286
M Chaudhary,174,147,10,19,98,5.068965517241379,0.5632183908045977,0.05747126436781609
M Chauhan,72,76,4,9,37,6.333333333333333,0.5138888888888888,0.05555555555555555
M Chereches,50,61,1,6,29,7.319999999999999,0.58,0.02
M Choamba,275,243,14,22,121,5.301818181818182,0.44,0.05090909090909091
M Clarke,61,48,0,5,38,4.721311475409836,0.6229508196721312,0.0
M Cope,181,268,13,31,51,8.883977900552486,0.281767955801105,0.0718232044198895
M Corazon,65,29,4,0,39,2.6769230769230767,0.6,0.06153846153846154
M Dale-Bradley,344,367,22,34,131,6.401162790697674,0.3808139534883721,0.06395348837209303
M Daniels,1774,1250,46,149,1094,4.227733934611048,0.616685456595265,0.02593010146561443
M Desmond,194,150,13,8,102,4.639175257731958,0.5257731958762887,0.06701030927835051
M Deveraj,128,127,6,17,64,5.953125,0.5,0.046875
M Dharmichand,1203,794,40,84,785,3.960099750623441,0.6525353283458022,0.03325020781379884
M Dillon,980,737,25,75,585,4.512244897959183,0.5969387755102041,0.025510204081632654
M Dixit,358,436,17,41,120,7.307262569832402,0.33519553072625696,0.04748603351955307
M Dlamini,434,415,15,30,247,5.7373271889400925,0.5691244239631337,0.03456221198156682
M Dumbuya,41,37,1,1,19,5.414634146341464,0.4634146341463415,0.024390243902439025
M Durdevac,35,28,0,1,19,4.8,0.5428571428571428,0.0
M Elikana,21,6,2,0,17,1.7142857142857142,0.8095238095238095,0.09523809523809523
M Enkhzul,192,204,8,10,88,6.375,0.4583333333333333,0.041666666666666664
M Faheem,171,194,9,27,90,6.807017543859649,0.5263157894736842,0.05263157894736842
M Faraz Akram,298,362,6,44,123,7.2885906040268456,0.412751677852349,0.020134228187919462
M Fontaine,76,102,3,14,38,8.052631578947368,0.5,0.039473684210526314
M Ford,127,122,1,12,57,5.763779527559055,0.44881889763779526,0.007874015748031496
M Frost,744,593,22,69,433,4.782258064516129,0.581989247311828,0.02956989247311828
M Fru,87,138,5,17,30,9.517241379310345,0.3448275862068966,0.05747126436781609
M Gaur,1540,1291,43,144,918,5.02987012987013,0.5961038961038961,0.02792207792207792
M Gherasim,32,37,1,2,11,6.9375,0.34375,0.03125
M Gill,28,15,1,1,19,3.214285714285714,0.6785714285714286,0.03571428571428571
M Gogev,306,450,15,56,117,8.823529411764707,0.38235294117647056,0.049019607843137254
M Gorases,64,78,6,8,21,7.3125,0.328125,0.09375
M Gouws,176,259,8,30,70,8.829545454545455,0.3977272727272727,0.045454545454545456
M Grzinic,36,18,4,3,23,3.0,0.6388888888888888,0.1111111111111111
M Hasanka,278,247,4,21,139,5.330935251798561,0.5,0.014388489208633094
M Heingo,100,143,5,19,37,8.58,0.37,0.05
M Heshan,82,69,4,9,47,5.048780487804878,0.573170731707317,0.04878048780487805
M Hill,1105,878,57,62,576,4.767420814479638,0.5212669683257919,0.051583710407239816
M Holmes,44,38,1,2,27,5.181818181818182,0.6136363636363636,0.022727272727272728
M Hundal,217,199,19,16,87,5.502304147465438,0.4009216589861751,0.08755760368663594
M Imimole,78,54,0,4,46,4.153846153846154,0.5897435897435898,0.0
M Jansen,2271,2601,80,358,1196,6.871862615587847,0.5266402465874064,0.03522677234698371
M Jayphert,13,16,0,2,4,7.384615384615385,0.3076923076923077,0.0
M Jele,322,401,18,42,167,7.472049689440994,0.5186335403726708,0.055900621118012424
M Jenkinson,37,51,2,6,10,8.27027027027027,0.2702702702702703,0.05405405405405406
M Jevdjenovic,180,146,6,10,110,4.866666666666666,0.6111111111111112,0.03333333333333333
M Jobarteh,176,250,7,32,97,8.522727272727273,0.5511363636363636,0.03977272727272727
M Joshi,757,540,23,79,495,4.28005284015852,0.6538969616908851,0.03038309114927345
M Kachingo,56,79,1,5,20,8.464285714285714,0.35714285714285715,0.017857142857142856
M Kadyan,182,236,7,30,90,7.78021978021978,0.4945054945054945,0.038461538461538464
M Kandanala,35,34,1,2,16,5.828571428571429,0.45714285714285713,0.02857142857142857
M Kanno,156,129,5,13,84,4.961538461538462,0.5384615384615384,0.03205128205128205
M Kapp,7185,5280,246,595,4289,4.409185803757829,0.596938065414057,0.03423799582463465
M Kartik,1251,1077,30,88,606,5.16546762589928,0.4844124700239808,0.023980815347721823
M Kasselman,6,11,0,1,1,11.0,0.16666666666666666,0.0
M Kaswan,20,12,1,0,10,3.5999999999999996,0.5,0.05
M Kaukura,103,103,6,6,34,6.0,0.3300970873786408,0.05825242718446602
M Kaur,12,16,0,2,3,8.0,0.25,0.0
M Kavilan,45,45,2,6,22,6.0,0.4888888888888889,0.044444444444444446
M Kearvell,69,82,2,6,38,7.130434782608695,0.5507246376811594,0.028985507246376812
M Kelly,1085,942,29,108,580,5.209216589861751,0.5345622119815668,0.026728110599078342
M Khojbariya,223,246,10,27,90,6.618834080717489,0.40358744394618834,0.04484304932735426
M Klaas,4354,4062,146,507,2320,5.597611391823611,0.532843362425356,0.03353238401469913
M Kojo,37,44,1,4,20,7.135135135135135,0.5405405405405406,0.02702702702702703
M Koli,728,814,43,102,361,6.708791208791209,0.4958791208791209,0.059065934065934064
M Kornet,131,85,2,2,84,3.8931297709923665,0.6412213740458015,0.015267175572519083
M Kpaka,202,206,11,16,82,6.118811881188119,0.40594059405940597,0.054455445544554455
M Kristensen,54,63,1,8,22,7.0,0.4074074074074074,0.018518518518518517
M Kularathne,61,48,4,8,38,4.721311475409836,0.6229508196721312,0.06557377049180328
M Kulfiwala,5,1,2,0,2,1.2,0.4,0.4
M Kyriacou,52,72,1,8,21,8.307692307692308,0.40384615384615385,0.019230769230769232
M Labuschagne,919,968,23,105,368,6.319912948857454,0.40043525571273125,0.025027203482045703
M Lakshan,624,409,24,27,334,3.9326923076923075,0.5352564102564102,0.038461538461538464
M Landsman,25,12,2,1,16,2.88,0.64,0.08
M Leporoporo,83,97,6,12,32,7.012048192771084,0.3855421686746988,0.07228915662650602
M Levitt,550,505,15,54,270,5.509090909090909,0.4909090909090909,0.02727272727272727
M Lumsden,159,175,6,21,87,6.60377358490566,0.5471698113207547,0.03773584905660377
M Mabvuka,17,21,1,2,8,7.411764705882352,0.47058823529411764,0.058823529411764705
M Madara,623,553,19,63,336,5.325842696629214,0.5393258426966292,0.030497592295345103
M Madubashana,126,160,9,25,59,7.619047619047619,0.46825396825396826,0.07142857142857142
M Magagula,415,574,26,70,174,8.298795180722891,0.41927710843373495,0.06265060240963856
M Malle,29,35,1,5,17,7.241379310344828,0.5862068965517241,0.034482758620689655
M Mangru,24,9,1,0,15,2.25,0.625,0.041666666666666664
M Mani,195,189,9,16,76,5.815384615384615,0.38974358974358975,0.046153846153846156
M Manivannan,19,32,0,5,8,10.105263157894738,0.42105263157894735,0.0
M Markande,24,31,0,3,6,7.75,0.25,0.0
M Martinez,279,238,7,16,158,5.118279569892473,0.5663082437275986,0.025089605734767026
M Matobole,17,21,1,2,10,7.411764705882352,0.5882352941176471,0.058823529411764705
M Mavunga,192,167,10,23,101,5.21875,0.5260416666666666,0.052083333333333336
M McColl,226,205,15,23,105,5.442477876106195,0.4646017699115044,0.06637168141592921
M Mete,20,11,1,0,11,3.3,0.55,0.05
M Methtananda,12,23,0,4,2,11.5,0.16666666666666666,0.0
M Modise,8,10,0,1,4,7.5,0.5,0.0
M Modric,9,13,0,0,1,8.666666666666666,0.1111111111111111,0.0
M Montgomery,518,540,8,47,181,6.254826254826255,0.34942084942084944,0.015444015444015444
M Mooketsi,1112,1109,65,130,529,5.983812949640288,0.47571942446043164,0.05845323741007194
M Morkel,7387,6416,258,756,4169,5.21131717882767,0.5643698389061865,0.03492622174089617
M Mpongwana,19,25,0,4,8,7.894736842105264,0.42105263157894735,0.0
M Mumford,17,12,0,0,17,4.235294117647059,1.0,0.0
M Muralitharan,7144,5028,223,327,3837,4.222844344904815,0.5370940649496081,0.031215005599104142
M Musinguzi,79,85,6,5,28,6.455696202531646,0.35443037974683544,0.0759493670886076
M Musonda,82,68,3,8,52,4.975609756097561,0.6341463414634146,0.036585365853658534
M Mutumbe,37,28,2,3,20,4.54054054054054,0.5405405405405406,0.05405405405405406
M Mvula,29,19,1,1,20,3.931034482758621,0.6896551724137931,0.034482758620689655
M Mwamadi,78,92,6,8,27,7.076923076923077,0.34615384615384615,0.07692307692307693
M Mwangi,269,202,17,16,145,4.5055762081784385,0.5390334572490706,0.06319702602230483
M Mwatile,648,589,45,58,298,5.453703703703703,0.45987654320987653,0.06944444444444445
M Nanayakkara,26,40,1,4,8,9.230769230769232,0.3076923076923077,0.038461538461538464
M Ndhambi,33,33,1,2,13,6.0,0.3939393939393939,0.030303030303030304
M Ngoche,92,66,2,6,57,4.304347826086956,0.6195652173913043,0.021739130434782608
M Nguni,90,121,3,13,41,8.066666666666666,0.45555555555555555,0.03333333333333333
M Noble,25,16,1,2,17,3.84,0.68,0.04
M Ntini,4733,3884,155,478,2754,4.923727023029791,0.5818719628142827,0.03274878512571308
M O'Reilly,143,150,4,21,85,6.293706293706294,0.5944055944055944,0.027972027972027972
M Ochieng,194,133,11,11,117,4.11340206185567,0.6030927835051546,0.05670103092783505
M Ogawa,59,69,2,7,24,7.016949152542373,0.4067796610169492,0.03389830508474576
M Ortiz,81,58,5,7,55,4.296296296296297,0.6790123456790124,0.06172839506172839
M Ozturk,267,343,14,29,88,7.707865168539326,0.3295880149812734,0.052434456928838954
M Parinitha,142,84,13,1,93,3.549295774647887,0.6549295774647887,0.09154929577464789
M Paryani,8,3,2,0,5,2.25,0.625,0.25
M Pascal,106,83,4,6,54,4.69811320754717,0.5094339622641509,0.03773584905660377
M Patel,53,42,4,2,24,4.754716981132075,0.4528301886792453,0.07547169811320754
M Pathirana,1037,1211,50,125,478,7.006750241080038,0.4609450337512054,0.048216007714561235
M Penna,25,29,0,4,11,6.959999999999999,0.44,0.0
M Perry,222,276,5,39,99,7.45945945945946,0.44594594594594594,0.02252252252252252
M Phiase,161,106,10,6,116,3.9503105590062115,0.7204968944099379,0.062111801242236024
M Podosky,119,142,4,12,35,7.159663865546219,0.29411764705882354,0.03361344537815126
M Polimeri,6,8,0,0,0,8.0,0.0,0.0
M Prasanna,83,131,4,16,22,9.469879518072288,0.26506024096385544,0.04819277108433735
M Prasidh Krishna,1256,1345,50,185,640,6.425159235668789,0.5095541401273885,0.03980891719745223
M Pretorius,361,353,11,45,189,5.867036011080333,0.5235457063711911,0.030470914127423823
M Pushpakumara,49,49,1,4,19,6.0,0.3877551020408163,0.02040816326530612
M Raikes,64,140,3,21,21,13.125,0.328125,0.046875
M Ramafifi,159,130,6,11,97,4.90566037735849,0.610062893081761,0.03773584905660377
M Ribeiro,472,335,34,26,294,4.258474576271186,0.6228813559322034,0.07203389830508475
M Robinson,68,56,6,0,29,4.941176470588235,0.4264705882352941,0.08823529411764706
M Saastamoinen,89,88,3,4,45,5.932584269662921,0.5056179775280899,0.033707865168539325
M Salum,20,6,3,1,16,1.7999999999999998,0.8,0.15
M Sarenac,396,530,22,62,172,8.030303030303031,0.43434343434343436,0.05555555555555555
M Sedgwick,6,22,0,3,1,22.0,0.16666666666666666,0.0
M Sefati,7,9,0,1,3,7.7142857142857135,0.42857142857142855,0.0
M Shahbaz Butt,447,392,28,30,207,5.261744966442953,0.46308724832214765,0.06263982102908278
M Shehani,165,190,6,23,54,6.909090909090909,0.32727272727272727,0.03636363636363636
M Sheriff,49,34,1,1,29,4.163265306122449,0.5918367346938775,0.02040816326530612
M Shezi,37,8,1,0,29,1.2972972972972971,0.7837837837837838,0.02702702702702703
M Shiraz,270,179,11,19,177,3.977777777777778,0.6555555555555556,0.040740740740740744
M Short,199,115,15,3,134,3.4673366834170856,0.6733668341708543,0.07537688442211055
M Shrestha,25,17,0,2,16,4.08,0.64,0.0
M Shumba,102,130,4,16,34,7.647058823529412,0.3333333333333333,0.0392156862745098
M Simpson-Parker,8,8,1,0,3,6.0,0.375,0.125
M Smit,151,139,4,10,61,5.523178807947019,0.40397350993377484,0.026490066225165563
M Smith,18,29,2,4,5,9.666666666666666,0.2777777777777778,0.1111111111111111
M Spoors,12,5,2,0,6,2.5,0.5,0.16666666666666666
M Stanikzai,114,168,2,20,43,8.842105263157896,0.37719298245614036,0.017543859649122806
M Stoman,17,16,2,1,9,5.647058823529411,0.5294117647058824,0.11764705882352941
M Strano,150,158,10,15,46,6.32,0.30666666666666664,0.06666666666666667
M Subasingha,487,305,23,26,295,3.757700205338809,0.6057494866529775,0.04722792607802875
M Syahadat Ramli,551,417,31,36,279,4.540834845735027,0.5063520871143375,0.056261343012704176
M Syrioti,590,492,29,38,328,5.003389830508475,0.5559322033898305,0.04915254237288136
M Taniyama,758,637,56,66,379,5.042216358839051,0.5,0.07387862796833773
M Taylor,529,585,20,65,262,6.6351606805293,0.4952741020793951,0.03780718336483932
M Terblanche,12,0,0,0,12,0.0,1.0,0.0
M Tharupathi,307,284,8,29,140,5.550488599348535,0.4560260586319218,0.026058631921824105
M Theekshana,4314,3970,165,391,2025,5.521557719054242,0.4694019471488178,0.03824756606397774
M Tilau,45,49,4,5,19,6.533333333333333,0.4222222222222222,0.08888888888888889
M Tom,1032,839,40,96,618,4.877906976744186,0.5988372093023255,0.03875968992248062
M Topping,18,29,0,5,6,9.666666666666666,0.3333333333333333,0.0
M Trajkovi,142,94,6,1,92,3.9718309859154926,0.647887323943662,0.04225352112676056
M Turay,44,31,2,1,30,4.2272727272727275,0.6818181818181818,0.045454545454545456
M Turner,55,36,2,6,37,3.9272727272727277,0.6727272727272727,0.03636363636363636
M Uliao,110,40,6,1,79,2.181818181818182,0.7181818181818181,0.05454545454545454
M Ulmanova,45,39,2,4,33,5.2,0.7333333333333333,0.044444444444444446
M Upadhayay,174,161,17,18,72,5.551724137931035,0.41379310344827586,0.09770114942528736
M Uwase,6,11,0,2,1,11.0,0.16666666666666666,0.0
M Valner,386,246,24,10,242,3.823834196891192,0.6269430051813472,0.06217616580310881
M Vandrasi,149,177,9,13,42,7.12751677852349,0.28187919463087246,0.06040268456375839
M Veringmeier,29,24,1,2,17,4.9655172413793105,0.5862068965517241,0.034482758620689655
M Vervitsioti,460,438,22,42,249,5.713043478260869,0.5413043478260869,0.04782608695652174
M Vijay,50,48,1,3,20,5.76,0.4,0.02
M Vivekanandan,225,362,9,40,65,9.653333333333334,0.28888888888888886,0.04
M Vua,63,49,2,2,39,4.666666666666667,0.6190476190476191,0.031746031746031744
M Vumiliya,372,270,23,18,208,4.354838709677419,0.5591397849462365,0.06182795698924731
M Wai Siu,1121,860,63,85,649,4.6030330062444245,0.5789473684210527,0.056199821587867974
M Walker,21,23,1,1,8,6.571428571428571,0.38095238095238093,0.047619047619047616
M Weldon,51,51,2,7,26,6.0,0.5098039215686274,0.0392156862745098
M Whelan,117,216,4,28,36,11.076923076923077,0.3076923076923077,0.03418803418803419
M Wickramage,132,110,5,12,77,5.0,0.5833333333333334,0.03787878787878788
M Yanagida,517,375,32,22,266,4.352030947775629,0.5145067698259188,0.061895551257253385
M Yousaf,53,29,3,2,34,3.283018867924528,0.6415094339622641,0.05660377358490566
M Yunusu Issa,400,452,22,56,172,6.779999999999999,0.43,0.055
M Zdravkova,55,38,1,1,35,4.1454545454545455,0.6363636363636364,0.01818181818181818
M Zhu,116,103,7,8,48,5.3275862068965525,0.41379310344827586,0.0603448275862069
M Zondeki,405,380,8,48,242,5.62962962962963,0.5975308641975309,0.019753086419753086
M Zwilling,64,58,5,3,32,5.4375,0.5,0.078125
M de Lange,1438,1581,57,205,708,6.596662030598053,0.49235048678720444,0.039638386648122394
M du Preez,24,30,1,3,10,7.5,0.4166666666666667,0.041666666666666664
M van Jaarsveld,32,20,1,0,22,3.75,0.6875,0.03125
M van Lingen,142,141,2,12,61,5.957746478873239,0.4295774647887324,0.014084507042253521
MA Abbas,61,59,2,6,23,5.803278688524591,0.3770491803278688,0.03278688524590164
MA Agarwal,6,10,0,2,2,10.0,0.3333333333333333,0.0
MA Algi,91,132,6,25,53,8.703296703296704,0.5824175824175825,0.06593406593406594
MA Aponso,491,460,14,55,240,5.621181262729125,0.48879837067209775,0.028513238289205704
MA Baig,421,372,32,33,193,5.30166270783848,0.4584323040380047,0.07600950118764846
MA Carberry,6,12,0,2,1,12.0,0.16666666666666666,0.0
MA Chambers,192,216,7,27,87,6.75,0.453125,0.036458333333333336
MA Cohen,324,337,7,54,199,6.2407407407407405,0.6141975308641975,0.021604938271604937
MA Leask,3494,3263,135,310,1610,5.603319977103606,0.4607899255867201,0.03863766456783057
MA Nyabela,437,414,22,39,243,5.68421052631579,0.5560640732265446,0.05034324942791762
MA Parker,64,66,4,8,33,6.1875,0.515625,0.0625
MA Richardson,12,15,0,3,6,7.5,0.5,0.0
MA Starc,8439,7870,341,913,4658,5.595449697831497,0.5519611328356441,0.04040763123592843
MA Suji,522,355,9,42,353,4.080459770114943,0.6762452107279694,0.017241379310344827
MA Tsemane,166,181,3,14,84,6.542168674698795,0.5060240963855421,0.018072289156626505
MA Wood,4463,4487,144,550,2227,6.032265292404212,0.4989917096123684,0.032265292404212415
MADI Hemantha,704,745,23,79,283,6.349431818181818,0.40198863636363635,0.032670454545454544
MALR Manasinghe,56,40,0,3,40,4.285714285714286,0.7142857142857143,0.0
MARP Seneviratne,55,39,3,3,27,4.254545454545455,0.4909090909090909,0.05454545454545454
MB Gauna,6,13,0,2,1,13.0,0.16666666666666666,0.0
MB Harris,247,295,7,42,108,7.165991902834008,0.43724696356275305,0.02834008097165992
MB Tambe,551,642,32,53,195,6.990925589836661,0.35390199637023595,0.05807622504537205
MB van Schelven,104,90,3,8,55,5.1923076923076925,0.5288461538461539,0.028846153846153848
MBA Lamplough,245,168,12,12,144,4.114285714285714,0.5877551020408164,0.04897959183673469
MBS Jonkman,163,131,7,18,97,4.822085889570552,0.5950920245398773,0.04294478527607362
MC Alex,57,86,0,7,18,9.052631578947368,0.3157894736842105,0.0
MC Henriques,750,749,21,78,329,5.992,0.43866666666666665,0.028
MC Patandin,214,158,14,15,116,4.4299065420560755,0.5420560747663551,0.06542056074766354
MC Patel,82,54,0,7,55,3.951219512195122,0.6707317073170732,0.0
MC Sorensen,1109,1135,51,137,559,6.140667267808836,0.5040577096483319,0.045987376014427414
MD Bates,151,161,7,20,68,6.397350993377483,0.4503311258278146,0.046357615894039736
MD Bimenyimana,1140,784,90,66,601,4.126315789473685,0.5271929824561403,0.07894736842105263
MD Botha,697,449,45,33,395,3.8651362984218074,0.5667144906743186,0.06456241032998565
MD Dai,1242,976,31,79,633,4.714975845410628,0.5096618357487923,0.0249597423510467
MD Dilshan,145,92,2,8,89,3.8068965517241375,0.6137931034482759,0.013793103448275862
MD Fisher,987,958,26,118,517,5.82370820668693,0.5238095238095238,0.02634245187436677
MD Garratt,61,84,2,11,18,8.262295081967213,0.29508196721311475,0.03278688524590164
MD Gunathilaka,578,571,15,52,235,5.927335640138408,0.40657439446366783,0.025951557093425604
MD Hunn,204,195,5,16,88,5.735294117647059,0.43137254901960786,0.024509803921568627
MD Rae,159,112,6,7,87,4.226415094339623,0.5471698113207547,0.03773584905660377
MD Shanaka,1921,2074,68,219,765,6.47787610619469,0.39823008849557523,0.035398230088495575
MD Stoneman,22,42,1,7,4,11.454545454545455,0.18181818181818182,0.045454545454545456
MD Taylor,2189,1902,53,222,1191,5.213339424394701,0.5440840566468708,0.024211968935587025
MD Wagstaff,103,81,2,7,49,4.718446601941747,0.47572815533980584,0.019417475728155338
MD du Preez,30,26,0,3,14,5.2,0.4666666666666667,0.0
MDE Holden,57,66,0,7,21,6.947368421052632,0.3684210526315789,0.0
MDJ Walker,30,27,0,1,12,5.4,0.4,0.0
MDK Perera,527,487,16,44,250,5.544592030360532,0.47438330170777987,0.030360531309297913
MDT Kamini,31,31,0,2,10,6.0,0.3225806451612903,0.0
ME Bessala,90,99,2,10,45,6.6,0.5,0.022222222222222223
ME Bouchier,162,120,2,7,102,4.444444444444445,0.6296296296296297,0.012345679012345678
ME Claydon,1904,1952,54,232,909,6.151260504201681,0.47741596638655465,0.028361344537815126
ME Hobden,58,53,0,8,39,5.482758620689656,0.6724137931034483,0.0
ME Latif,177,161,8,20,94,5.4576271186440675,0.5310734463276836,0.04519774011299435
ME Leoela,18,20,1,0,7,6.666666666666667,0.3888888888888889,0.05555555555555555
ME Milnes,826,819,33,107,428,5.9491525423728815,0.5181598062953995,0.039951573849878935
ME Sanuth,61,61,1,9,34,6.0,0.5573770491803278,0.01639344262295082
ME Trescothick,155,149,2,16,75,5.767741935483871,0.4838709677419355,0.012903225806451613
ME Violleau,143,177,3,18,47,7.426573426573427,0.32867132867132864,0.02097902097902098
MEC de Fouw,190,144,8,15,108,4.5473684210526315,0.5684210526315789,0.042105263157894736
MEK Hussey,255,243,4,27,123,5.7176470588235295,0.4823529411764706,0.01568627450980392
MEMO Scott-Hayward,194,188,4,16,101,5.814432989690721,0.520618556701031,0.020618556701030927
MET Salisbury,1041,935,31,106,547,5.389048991354467,0.5254562920268973,0.029779058597502402
MF Kendal,21,22,0,4,15,6.285714285714286,0.7142857142857143,0.0
MF Maharoof,4056,3294,123,368,2308,4.872781065088757,0.5690335305719921,0.030325443786982247
MF Manjate,6,11,0,2,3,11.0,0.5,0.0
MFD Douma,225,161,13,16,140,4.293333333333333,0.6222222222222222,0.057777777777777775
MFI Assuncao,18,52,0,7,1,17.333333333333332,0.05555555555555555,0.0
MFM Akmal,78,69,3,10,44,5.3076923076923075,0.5641025641025641,0.038461538461538464
MG Booth,734,663,23,82,382,5.419618528610354,0.5204359673024523,0.031335149863760216
MG Bracewell,2330,2146,76,203,1060,5.52618025751073,0.45493562231759654,0.03261802575107296
MG Erasmus,2974,2497,129,229,1503,5.037659717552118,0.5053799596503026,0.04337592468056489
MG Finan,151,168,0,23,87,6.675496688741721,0.5761589403973509,0.0
MG Hogan,2001,1653,57,193,1138,4.956521739130435,0.5687156421789106,0.02848575712143928
MG Hunter,87,81,4,10,46,5.586206896551724,0.5287356321839081,0.04597701149425287
MG Johnson,8239,6797,285,737,4705,4.949872557349193,0.5710644495691225,0.03459157664765141
MG Kariata,31,31,1,4,16,6.0,0.5161290322580645,0.03225806451612903
MG Neser,1018,904,30,121,571,5.328094302554028,0.5609037328094303,0.029469548133595286
MGMCP Gunawardene,67,73,3,6,16,6.537313432835822,0.23880597014925373,0.04477611940298507
MGSM Fernando,629,501,25,46,316,4.779014308426073,0.5023847376788553,0.0397456279809221
MH McKiernan,416,439,10,48,153,6.33173076923077,0.36778846153846156,0.02403846153846154
MH Ushanga,595,458,35,41,289,4.618487394957983,0.4857142857142857,0.058823529411764705
MH Yardy,1697,1491,35,113,745,5.271655863288156,0.43901001767825576,0.020624631703005304
MHA Footitt,822,795,28,90,452,5.802919708029197,0.5498783454987834,0.0340632603406326
MI Khagoitsa,659,448,40,46,395,4.078907435508346,0.5993930197268589,0.06069802731411229
MI Shakim,53,41,3,2,28,4.641509433962264,0.5283018867924528,0.05660377358490566
MI Slaza,330,266,9,30,199,4.836363636363636,0.603030303030303,0.02727272727272727
MI Tato,153,83,11,6,99,3.2549019607843137,0.6470588235294118,0.0718954248366013
MIA Patel,103,80,9,8,48,4.660194174757281,0.46601941747572817,0.08737864077669903
MIW van den Raad,32,36,1,3,18,6.75,0.5625,0.03125
MJ Ansell,493,430,22,50,259,5.233265720081135,0.5253549695740365,0.04462474645030426
MJ Clarke,2423,2095,62,125,1013,5.187783739166323,0.41807676434172514,0.025588113908378042
MJ Cosgrove,131,125,0,9,60,5.7251908396946565,0.4580152671755725,0.0
MJ Fourie,81,52,0,5,56,3.8518518518518516,0.691358024691358,0.0
MJ Guptill,122,111,4,9,58,5.4590163934426235,0.47540983606557374,0.03278688524590164
MJ Henry,6495,6099,253,771,3486,5.634180138568129,0.5367205542725173,0.03895304080061586
MJ Hoggard,471,468,7,58,246,5.961783439490445,0.5222929936305732,0.014861995753715499
MJ Humphreys,1577,1406,53,143,764,5.349397590361447,0.4844641724793913,0.033608116677235254
MJ Killeen,552,470,13,57,306,5.108695652173913,0.5543478260869565,0.02355072463768116
MJ Lamb,235,232,4,19,87,5.9234042553191495,0.3702127659574468,0.01702127659574468
MJ Leach,1530,1174,41,109,771,4.603921568627451,0.503921568627451,0.02679738562091503
MJ Mason,1028,892,29,110,594,5.206225680933852,0.5778210116731517,0.02821011673151751
MJ McClenaghan,3352,3429,132,423,1642,6.13782816229117,0.48985680190930786,0.03937947494033413
MJ Mindley,43,45,1,6,25,6.27906976744186,0.5813953488372093,0.023255813953488372
MJ North,53,52,1,4,20,5.886792452830188,0.37735849056603776,0.018867924528301886
MJ Owen,600,716,19,82,236,7.16,0.3933333333333333,0.03166666666666667
MJ Paterlini,98,86,1,10,57,5.26530612244898,0.5816326530612245,0.01020408163265306
MJ Potts,840,840,31,107,429,6.0,0.5107142857142857,0.036904761904761905
MJ Robbins,854,772,16,109,498,5.423887587822014,0.5831381733021077,0.01873536299765808
MJ Ross,121,136,8,11,39,6.743801652892562,0.32231404958677684,0.06611570247933884
MJ Santner,8768,8080,284,739,3942,5.529197080291971,0.44958941605839414,0.03239051094890511
MJ Swepson,1226,1133,43,98,526,5.544861337683523,0.4290375203915171,0.03507340946166395
MJ Tugaga,47,44,1,3,24,5.617021276595745,0.5106382978723404,0.02127659574468085
MJ Tumukunde,90,72,4,3,43,4.8,0.4777777777777778,0.044444444444444446
MJ Turik,44,43,1,5,30,5.863636363636364,0.6818181818181818,0.022727272727272728
MJ Waite,1805,1647,61,204,939,5.474792243767314,0.5202216066481995,0.033795013850415515
MJG Nielsen,1099,749,40,84,665,4.089171974522293,0.6050955414012739,0.036396724294813464
MJG Rippon,1367,1156,63,101,655,5.0738844184345275,0.479151426481346,0.046086320409656184
MJJ Critchley,1621,1792,46,196,621,6.632942628007402,0.38309685379395436,0.0283775447254781
MJM Kavana,89,100,8,9,29,6.741573033707865,0.3258426966292135,0.0898876404494382
MK Amusa,282,184,16,14,153,3.9148936170212765,0.5425531914893617,0.05673758865248227
MK Anafie,306,243,10,23,173,4.764705882352941,0.565359477124183,0.032679738562091505
MK Andersson,1180,1334,19,153,527,6.783050847457628,0.44661016949152543,0.016101694915254237
MK Gohal,26,47,0,7,10,10.846153846153847,0.38461538461538464,0.0
MK Hollard,119,111,7,13,67,5.596638655462185,0.5630252100840336,0.058823529411764705
MK O'Riordan,171,196,4,18,61,6.87719298245614,0.3567251461988304,0.023391812865497075
MK Patel,18,15,0,1,10,5.0,0.5555555555555556,0.0
MK Thakur,467,450,25,46,219,5.781584582441114,0.4689507494646681,0.05353319057815846
MK Tiwary,136,150,5,16,63,6.617647058823529,0.4632352941176471,0.03676470588235294
MK Villiers,2779,2303,94,235,1440,4.972292191435768,0.5181720043181001,0.03382511694854264
MKDI Amerasinghe,391,339,10,37,209,5.202046035805626,0.5345268542199488,0.02557544757033248
MKGCP Lakshitha,72,67,2,4,30,5.583333333333333,0.4166666666666667,0.027777777777777776
ML Bojang,100,81,3,5,52,4.859999999999999,0.52,0.03
ML Castillo,195,200,15,15,78,6.153846153846154,0.4,0.07692307692307693
ML Cummins,410,448,8,53,196,6.55609756097561,0.47804878048780486,0.01951219512195122
ML Granger,143,98,6,10,95,4.111888111888112,0.6643356643356644,0.04195804195804196
ML Green,159,148,3,12,68,5.584905660377358,0.4276729559748428,0.018867924528301886
ML Kostic,77,158,3,24,27,12.311688311688311,0.35064935064935066,0.03896103896103896
ML Lewis,277,314,9,35,115,6.8014440433213,0.4151624548736462,0.032490974729241874
ML Maiava,44,40,0,5,26,5.454545454545455,0.5909090909090909,0.0
ML Nkala,311,315,5,34,153,6.077170418006431,0.4919614147909968,0.01607717041800643
ML Revis,1369,1339,42,162,663,5.868517165814463,0.48429510591672753,0.030679327976625273
ML Schutt,6830,5794,294,671,3737,5.0898975109809665,0.5471449487554905,0.04304538799414349
ML Sturge,81,80,1,5,36,5.925925925925926,0.4444444444444444,0.012345679012345678
MLA Ellis,627,370,19,32,395,3.54066985645933,0.6299840510366826,0.030303030303030304
MLG Silva,12,1,2,0,10,0.5,0.8333333333333334,0.16666666666666666
MLL Taylor,1391,1204,33,130,761,5.193386053199137,0.5470884255930984,0.02372393961179008
MLN Sissako,169,163,5,18,100,5.78698224852071,0.591715976331361,0.029585798816568046
MM Ali,7617,7288,187,659,3155,5.740842851516345,0.4142050676119207,0.024550347905999737
MM Baig,413,500,34,55,168,7.263922518159807,0.4067796610169492,0.08232445520581114
MM Dekeling,187,187,11,16,67,6.0,0.3582887700534759,0.058823529411764705
MM Iqbal,60,62,2,6,24,6.2,0.4,0.03333333333333333
MM Lanning,60,55,2,6,31,5.5,0.5166666666666667,0.03333333333333333
MM Letsoalo,1263,868,37,100,777,4.123515439429929,0.6152019002375297,0.02929532858273951
MM Mabathoana,124,189,4,20,48,9.14516129032258,0.3870967741935484,0.03225806451612903
MM Patel,3248,2701,97,319,1846,4.989532019704433,0.5683497536945813,0.029864532019704435
MM Penfold,804,699,22,81,458,5.2164179104477615,0.5696517412935324,0.02736318407960199
MM Sarwar,12,15,1,3,7,7.5,0.5833333333333334,0.08333333333333333
MM Sharma,1292,1223,40,162,691,5.679566563467492,0.5348297213622291,0.030959752321981424
MM Siddique,182,155,10,14,96,5.10989010989011,0.5274725274725275,0.054945054945054944
MMA Jonkman,26,21,1,2,16,4.846153846153847,0.6153846153846154,0.038461538461538464
MMBRSTC Wanigaratne,187,139,3,9,90,4.459893048128342,0.48128342245989303,0.016042780748663103
MMMS Cooray,75,52,4,3,35,4.16,0.4666666666666667,0.05333333333333334
MMR Obili,150,178,5,19,61,7.12,0.4066666666666667,0.03333333333333333
MN Erlank,102,67,7,7,58,3.9411764705882355,0.5686274509803921,0.06862745098039216
MN Piedt,115,124,2,17,61,6.469565217391304,0.5304347826086957,0.017391304347826087
MN Samuels,4183,3597,93,295,1954,5.159454936648339,0.46712885488883577,0.02223284723882381
MN Waller,641,561,9,39,278,5.251170046801873,0.43369734789391573,0.014040561622464899
MNK Fernando,311,219,11,22,174,4.22508038585209,0.5594855305466238,0.03536977491961415
MNM Aslam,1834,1817,89,184,783,5.944383860414394,0.42693565976008724,0.0485278080697928
MNM Dilshad,75,72,6,10,38,5.76,0.5066666666666667,0.08
MNR Cooray,207,217,9,15,64,6.2898550724637685,0.30917874396135264,0.043478260869565216
MNW Spriegel,172,119,2,8,93,4.151162790697675,0.5406976744186046,0.011627906976744186
MO Bacarese,111,93,3,9,52,5.027027027027027,0.46846846846846846,0.02702702702702703
MO Bryan,180,105,3,9,128,3.5,0.7111111111111111,0.016666666666666666
MO Jones,988,863,40,95,531,5.2408906882591095,0.5374493927125507,0.04048582995951417
MO Kain,34,55,0,7,11,9.705882352941176,0.3235294117647059,0.0
MO Ndandason,37,34,0,5,23,5.513513513513513,0.6216216216216216,0.0
MO Odumbe,364,307,7,28,166,5.06043956043956,0.45604395604395603,0.019230769230769232
MP Ainsworth,168,217,8,26,71,7.75,0.4226190476190476,0.047619047619047616
MP Dunn,858,916,21,128,457,6.405594405594406,0.5326340326340326,0.024475524475524476
MP Enright,136,116,11,11,76,5.117647058823529,0.5588235294117647,0.08088235294117647
MP Kuhnemann,1511,1444,45,129,604,5.733951025810721,0.399735274652548,0.029781601588352084
MP O'Dowd,290,346,5,42,140,7.158620689655172,0.4827586206896552,0.017241379310344827
MP Stoinis,3039,3401,104,371,1242,6.714708785784798,0.40868706811451133,0.034221783481408356
MP Vaughan,522,429,9,29,225,4.931034482758621,0.43103448275862066,0.017241379310344827
MP Yadav,77,87,4,11,34,6.779220779220779,0.44155844155844154,0.05194805194805195
MPGT Ketiyage,322,383,15,41,136,7.13664596273292,0.422360248447205,0.046583850931677016
MPM Pathirannehelage,225,142,16,4,135,3.7866666666666666,0.6,0.07111111111111111
MPM Weerasinghe,147,79,8,3,90,3.2244897959183674,0.6122448979591837,0.05442176870748299
MPP San,407,312,22,22,217,4.5995085995086,0.5331695331695332,0.05405405405405406
MR Adair,5779,5929,239,725,2937,6.155736286554768,0.5082194151237238,0.04135663609621042
MR Corteen-Coleman,593,432,12,31,302,4.370994940978078,0.5092748735244519,0.02023608768971332
MR Dorgan,8,13,1,2,3,9.75,0.375,0.125
MR Gillespie,1564,1479,43,186,891,5.673913043478261,0.569693094629156,0.027493606138107418
MR Marsh,2671,2518,80,251,1259,5.656308498689629,0.4713590415574691,0.02995132909022838
MR Meshram,122,78,0,6,71,3.836065573770492,0.5819672131147541,0.0
MR Montfort,21,27,2,3,9,7.714285714285714,0.42857142857142855,0.09523809523809523
MR Pedersen,297,208,9,17,168,4.202020202020202,0.5656565656565656,0.030303030303030304
MR Quinn,1298,1413,37,165,599,6.5315870570107855,0.46147919876733434,0.028505392912172575
MR Swart,621,605,21,57,273,5.845410628019324,0.4396135265700483,0.033816425120772944
MR Thompson,36,27,0,2,17,4.5,0.4722222222222222,0.0
MRJ Watt,6686,5687,213,523,3306,5.103499850433742,0.49446604845946757,0.031857612922524675
MS Aulakh,62,85,3,10,28,8.225806451612902,0.45161290322580644,0.04838709677419355
MS Belt,103,82,2,6,47,4.776699029126213,0.4563106796116505,0.019417475728155338
MS Beresford,442,394,23,34,250,5.34841628959276,0.5656108597285068,0.05203619909502263
MS Chapman,97,115,3,10,29,7.11340206185567,0.29896907216494845,0.030927835051546393
MS Crane,2268,2246,67,207,926,5.941798941798941,0.40828924162257496,0.029541446208112873
MS Dhoni,38,32,1,3,19,5.052631578947369,0.5,0.02631578947368421
MS Diawara,62,79,3,6,21,7.64516129032258,0.3387096774193548,0.04838709677419355
MS Firbank,32,30,1,4,17,5.625,0.53125,0.03125
MS Gony,81,78,2,7,45,5.777777777777778,0.5555555555555556,0.024691358024691357
MS Graham,67,86,3,9,32,7.701492537313433,0.47761194029850745,0.04477611940298507
MS Henriksen,155,125,1,14,88,4.838709677419355,0.567741935483871,0.0064516129032258064
MS Johal,261,230,7,27,143,5.287356321839081,0.5478927203065134,0.02681992337164751
MS Kashyap,18,30,0,5,9,10.0,0.5,0.0
MS Kasprowicz,926,644,42,62,548,4.172786177105832,0.591792656587473,0.04535637149028078
MS Maker,20,16,0,2,13,4.8,0.65,0.0
MS Panesar,1338,1040,32,90,707,4.663677130044843,0.5284005979073244,0.02391629297458894
MS Rizvi,313,304,3,33,135,5.827476038338658,0.43130990415335463,0.009584664536741214
MS Silva,13,11,0,1,6,5.0769230769230775,0.46153846153846156,0.0
MS Tshabalala,156,152,3,15,78,5.846153846153846,0.5,0.019230769230769232
MS Warnapura,60,39,2,1,29,3.9,0.48333333333333334,0.03333333333333333
MSL Taylor,67,74,3,8,19,6.6268656716417915,0.2835820895522388,0.04477611940298507
MSN Ekani,256,254,11,30,140,5.953125,0.546875,0.04296875
MT Chinouya,68,50,1,6,46,4.411764705882352,0.6764705882352942,0.014705882352941176
MT Coles,1887,1758,80,210,971,5.589825119236884,0.5145733969263381,0.04239533651298357
MT Diaby,16,17,2,2,7,6.375,0.4375,0.125
MT Foster,955,814,24,120,591,5.114136125654451,0.618848167539267,0.025130890052356022
MT Herbert,18,15,0,3,13,5.0,0.7222222222222222,0.0
MT Jacob,267,237,14,16,156,5.325842696629214,0.5842696629213483,0.052434456928838954
MT Renshaw,333,360,8,40,138,6.486486486486487,0.4144144144144144,0.024024024024024024
MT Stanley,33,37,0,5,19,6.7272727272727275,0.5757575757575758,0.0
MT Steketee,604,528,11,67,349,5.245033112582782,0.5778145695364238,0.018211920529801324
MT Waqanisau,188,145,10,10,108,4.627659574468085,0.574468085106383,0.05319148936170213
MTC Waller,639,590,18,50,264,5.539906103286385,0.4131455399061033,0.028169014084507043
MTH Madhushanka,105,91,2,7,49,5.2,0.4666666666666667,0.01904761904761905
MTMMJ Ave,172,191,11,17,63,6.662790697674418,0.36627906976744184,0.06395348837209303
MV Fare,103,63,6,2,71,3.669902912621359,0.6893203883495146,0.05825242718446602
MV Lehmann,15,16,0,1,9,6.4,0.6,0.0
MV Matsau,99,157,7,20,27,9.515151515151516,0.2727272727272727,0.0707070707070707
MV Pavlovic,412,467,31,49,158,6.800970873786407,0.38349514563106796,0.07524271844660194
MVT Fernando,522,502,16,68,285,5.7701149425287355,0.5459770114942529,0.03065134099616858
MW Dixon,338,373,9,48,164,6.621301775147929,0.48520710059171596,0.026627218934911243
MW Edwards,18,20,1,3,7,6.666666666666667,0.3888888888888889,0.05555555555555555
MW Forde,1122,1226,41,172,580,6.55614973262032,0.5169340463458111,0.036541889483065956
MW Harvey,39,64,0,10,16,9.846153846153847,0.41025641025641024,0.0
MW Jones,141,192,5,26,61,8.170212765957446,0.4326241134751773,0.03546099290780142
MW Machan,461,507,10,41,153,6.598698481561822,0.3318872017353579,0.021691973969631236
MW Parkinson,2239,2144,83,210,944,5.74542206342117,0.421616793211255,0.03707012058954891
MW Pillans,635,712,27,91,278,6.72755905511811,0.4377952755905512,0.04251968503937008
MW Short,823,903,17,98,325,6.583232077764277,0.39489671931956255,0.020656136087484813
MWR Stokes,957,883,27,102,486,5.536050156739812,0.5078369905956113,0.02821316614420063
Ma Luz Barcelona,11,10,0,0,8,5.454545454545455,0.7272727272727273,0.0
Ma Qiancheng,163,180,7,21,83,6.625766871165644,0.50920245398773,0.04294478527607362
Ma Ruike,292,213,13,16,184,4.376712328767123,0.6301369863013698,0.04452054794520548
Maaha Naseer,18,30,0,4,4,10.0,0.2222222222222222,0.0
Maahi Madhavan,224,228,12,30,97,6.107142857142857,0.4330357142857143,0.05357142857142857
Maaz Khan,25,51,0,5,6,12.239999999999998,0.24,0.0
Maaz Sadaqat,36,32,3,3,15,5.333333333333333,0.4166666666666667,0.08333333333333333
Madeeha Zuberi,75,55,2,2,37,4.4,0.49333333333333335,0.02666666666666667
Madhawa Basnayaka,74,99,5,9,26,8.027027027027026,0.35135135135135137,0.06756756756756757
Mah Noor,62,107,0,13,24,10.354838709677418,0.3870967741935484,0.0
Mah Noor Amir,183,304,3,38,76,9.967213114754099,0.41530054644808745,0.01639344262295082
Maham Tariq,316,309,7,43,171,5.867088607594937,0.5411392405063291,0.022151898734177215
Mahbubul Alam,237,284,8,38,127,7.189873417721519,0.5358649789029536,0.03375527426160337
Mahedi Hasan,1956,2030,86,225,831,6.226993865030675,0.42484662576687116,0.04396728016359918
Mahewish Khan,43,31,4,3,23,4.325581395348837,0.5348837209302325,0.09302325581395349
Mahirah Izzati Ismail,1202,938,69,79,556,4.682196339434276,0.46256239600665555,0.05740432612312812
Mahmad Data,25,37,0,6,9,8.879999999999999,0.36,0.0
Mahmud Jasat,27,38,0,4,9,8.444444444444445,0.3333333333333333,0.0
Mahmudul Hasan Joy,2,5,0,1,0,15.0,0.0,0.0
Mahmudullah,4947,4654,121,381,2107,5.64463311097635,0.4259146957752173,0.024459268243379826
Maira Khan,119,184,2,25,55,9.277310924369749,0.46218487394957986,0.01680672268907563
Maira Saleem,26,19,0,0,20,4.384615384615385,0.7692307692307693,0.0
Malyun Hassan,51,32,2,1,34,3.764705882352941,0.6666666666666666,0.0392156862745098
Malyun Yusuf,84,57,7,3,54,4.071428571428571,0.6428571428571429,0.08333333333333333
Manal Malik,6,7,0,0,1,7.0,0.16666666666666666,0.0
Manan Ali,31,44,0,5,10,8.516129032258064,0.3225806451612903,0.0
Manish Sharma,56,78,3,11,26,8.357142857142856,0.4642857142857143,0.05357142857142857
Manjural Islam,227,189,5,27,150,4.995594713656387,0.6607929515418502,0.022026431718061675
Manjural Islam Rana,610,431,14,33,343,4.239344262295082,0.5622950819672131,0.022950819672131147
Manpreet Singh,797,772,26,87,396,5.8117942283563355,0.4968632371392723,0.03262233375156838
Mansi Parmar,34,35,1,2,15,6.1764705882352935,0.4411764705882353,0.029411764705882353
Mansoor Amjad,73,64,4,5,28,5.26027397260274,0.3835616438356164,0.0547945205479452
Mansoor Shah,152,217,12,31,62,8.56578947368421,0.40789473684210525,0.07894736842105263
Marcelle Hanekom,141,181,8,18,49,7.702127659574468,0.3475177304964539,0.05673758865248227
Maria Ahsan,44,29,3,0,17,3.9545454545454546,0.38636363636363635,0.06818181818181818
Maria Jasvi,842,758,46,68,436,5.401425178147268,0.517814726840855,0.05463182897862233
Maria Penna,18,17,0,0,10,5.666666666666667,0.5555555555555556,0.0
Mariam Hasan,45,23,4,0,21,3.066666666666667,0.4666666666666667,0.08888888888888889
Mariam Waseem,25,29,2,0,16,6.959999999999999,0.64,0.08
Mariamma Hyder,966,807,51,69,471,5.012422360248447,0.48757763975155277,0.052795031055900624
Marica Taira,8,7,0,0,4,5.25,0.5,0.0
Marina Iqbal,80,97,2,12,30,7.2749999999999995,0.375,0.025
Mariska Kornet,149,175,6,16,54,7.046979865771813,0.3624161073825503,0.040268456375838924
Mark Bawa,25,22,5,2,12,5.279999999999999,0.48,0.2
Marsya Qistina Binti,7,8,0,1,3,6.857142857142857,0.42857142857142855,0.0
Martina Quinn,15,9,0,0,15,3.6,1.0,0.0
Marufa Akter,1751,1508,58,207,1005,5.167332952598516,0.5739577384351799,0.03312392918332382
Maryam Omar,667,533,36,46,358,4.7946026986506745,0.5367316341829086,0.053973013493253376
Maryyam Ashraf,25,19,1,1,11,4.56,0.44,0.04
Mas Elysa,693,607,41,57,339,5.255411255411255,0.48917748917748916,0.05916305916305916
Mashrafe Mortaza,9848,8924,267,1010,5246,5.437043054427295,0.5326969943135662,0.027112103980503656
Masood Jayezeh,6,17,0,3,0,17.0,0.0,0.0
Matilda Fred,17,10,1,0,13,3.5294117647058822,0.7647058823529411,0.058823529411764705
Matiullah Khan,135,190,5,25,55,8.444444444444445,0.4074074074074074,0.037037037037037035
Mayank Nagayach,153,192,2,23,57,7.529411764705882,0.37254901960784315,0.013071895424836602
Mazharul Islam,83,98,4,10,27,7.08433734939759,0.3253012048192771,0.04819277108433735
Md Nurul Huda,49,42,2,1,16,5.142857142857143,0.32653061224489793,0.04081632653061224
Md Shafiqul Haque,18,26,2,2,3,8.666666666666666,0.16666666666666666,0.1111111111111111
Md Shuayeb,38,50,4,6,12,7.894736842105264,0.3157894736842105,0.10526315789473684
Meet Bhavsar,413,394,20,40,179,5.723970944309928,0.43341404358353514,0.048426150121065374
Meghna Rajan,219,90,19,4,149,2.4657534246575343,0.680365296803653,0.0867579908675799
Meghna Singh,865,756,22,105,510,5.243930635838151,0.5895953757225434,0.025433526011560695
Mehak Thakur,30,17,3,0,15,3.4,0.5,0.1
Mehboob Ali,209,291,9,41,93,8.354066985645932,0.4449760765550239,0.0430622009569378
Mehedi Hasan Miraz,5335,4564,136,433,2537,5.132895970009372,0.47553889409559513,0.02549203373945642
Mehrab Hossain jnr,206,175,3,11,80,5.097087378640777,0.3883495145631068,0.014563106796116505
Mehran Khan,553,667,25,74,227,7.236889692585895,0.4104882459312839,0.045207956600361664
Memoona Riaz,36,22,2,0,21,3.6666666666666665,0.5833333333333334,0.05555555555555555
Mengting Liu,465,314,41,30,267,4.051612903225807,0.5741935483870968,0.08817204301075268
Merwais Shinwari,47,61,4,7,19,7.787234042553192,0.40425531914893614,0.0851063829787234
Metty Fernandes,121,80,6,4,86,3.9669421487603302,0.7107438016528925,0.049586776859504134
Mian Mehmood,12,16,1,1,3,8.0,0.25,0.08333333333333333
Mihusan Hamid,208,175,7,8,87,5.048076923076923,0.4182692307692308,0.03365384615384615
Milad Momend,296,396,26,54,107,8.027027027027026,0.3614864864864865,0.08783783783783784
Miles Hammond,37,20,2,2,25,3.243243243243243,0.6756756756756757,0.05405405405405406
Milind Kumar,947,775,42,80,498,4.910242872228088,0.5258711721224921,0.044350580781414996
Mina Baek,51,45,3,3,19,5.294117647058823,0.37254901960784315,0.058823529411764705
Mir Hamza,401,431,19,50,169,6.448877805486284,0.42144638403990026,0.04738154613466334
Mirab Razwan,380,335,21,27,183,5.2894736842105265,0.48157894736842105,0.05526315789473684
Mirab Sajjad,8,10,0,1,5,7.5,0.625,0.0
Miriam Ehsun,23,23,1,3,13,6.0,0.5652173913043478,0.043478260869565216
Mirza Ahmed,99,119,6,16,46,7.212121212121212,0.46464646464646464,0.06060606060606061
Mirza Baig,56,26,2,3,40,2.7857142857142856,0.7142857142857143,0.03571428571428571
Mirza Yaqoob,30,26,1,3,15,5.2,0.5,0.03333333333333333
Misbah-ul-Haq,24,30,0,3,7,7.5,0.2916666666666667,0.0
Moazzam Imtiaz,13,14,1,2,5,6.461538461538462,0.38461538461538464,0.07692307692307693
Mobashar Ashraf,85,108,7,10,27,7.623529411764706,0.3176470588235294,0.08235294117647059
Moe Ei Phyu,11,24,0,3,2,13.090909090909092,0.18181818181818182,0.0
Mohamed Arief,12,19,0,3,4,9.5,0.3333333333333333,0.0
Mohamed Coulibaly,51,77,2,10,25,9.058823529411764,0.49019607843137253,0.0392156862745098
Mohamed Iqbal Noor,250,207,8,31,157,4.968,0.628,0.032
Mohamed Ishmath,164,191,5,22,68,6.987804878048781,0.4146341463414634,0.03048780487804878
Mohamed Khan,316,230,12,18,191,4.367088607594937,0.6044303797468354,0.0379746835443038
Mohamed Mahfooz,369,386,17,42,168,6.276422764227642,0.45528455284552843,0.04607046070460705
Mohamed Miuvaan,25,32,0,4,11,7.68,0.44,0.0
Mohamed Rifkas,44,32,1,3,26,4.363636363636364,0.5909090909090909,0.022727272727272728
Mohamed Rishwan,14,22,0,2,5,9.428571428571429,0.35714285714285715,0.0
Mohamed Saafee,100,133,7,19,31,7.9799999999999995,0.31,0.07
Mohamed Shafeeq,1290,1452,61,183,646,6.753488372093023,0.5007751937984496,0.047286821705426356
Mohamed Shamaz,40,41,0,4,16,6.1499999999999995,0.4,0.0
Mohamed Shiyam,26,63,1,10,4,14.53846153846154,0.15384615384615385,0.038461538461538464
Mohamed Shoib,322,203,7,19,219,3.7826086956521743,0.6801242236024845,0.021739130434782608
Mohamed Turay,138,168,8,17,40,7.304347826086956,0.2898550724637681,0.057971014492753624
Mohameed Taiwo,796,826,39,91,384,6.226130653266332,0.4824120603015075,0.048994974874371856
Mohammad Aadil Alam,408,319,18,32,215,4.6911764705882355,0.5269607843137255,0.04411764705882353
Mohammad Abbas,449,378,7,44,254,5.051224944320713,0.5657015590200446,0.015590200445434299
Mohammad Abdullah,21,20,0,1,12,5.714285714285714,0.5714285714285714,0.0
Mohammad Afzal,257,234,15,18,103,5.463035019455253,0.40077821011673154,0.058365758754863814
Mohammad Ahnaff,6,15,0,2,2,15.0,0.3333333333333333,0.0
Mohammad Ahsan,140,223,8,31,39,9.557142857142857,0.2785714285714286,0.05714285714285714
Mohammad Ali,109,147,2,21,59,8.091743119266054,0.5412844036697247,0.01834862385321101
Mohammad Amin,95,100,2,15,49,6.315789473684211,0.5157894736842106,0.021052631578947368
Mohammad Amir,4413,4067,167,463,2315,5.5295717199184224,0.5245864491275776,0.03784273736687061
Mohammad Asaduzzaman,149,177,4,13,57,7.12751677852349,0.3825503355704698,0.026845637583892617
Mohammad Ashraful,547,569,16,51,213,6.2413162705667276,0.38939670932358317,0.029250457038391225
Mohammad Asif,2018,1723,56,222,1185,5.122893954410308,0.5872150644202181,0.027750247770069375
Mohammad Atif,242,193,15,15,131,4.785123966942148,0.5413223140495868,0.06198347107438017
Mohammad Ayaz,13,29,0,4,8,13.384615384615385,0.6153846153846154,0.0
Mohammad Azam,51,28,1,0,26,3.2941176470588234,0.5098039215686274,0.0196078431372549
Mohammad Boota,31,41,1,4,14,7.935483870967741,0.45161290322580644,0.03225806451612903
Mohammad Ghazanfar,644,683,29,64,256,6.363354037267081,0.39751552795031053,0.04503105590062112
Mohammad Hafeez,8567,6467,207,462,4202,4.5292401073888175,0.4904867514882689,0.024162483950040854
Mohammad Hasnain,1367,1649,49,220,602,7.237746891002194,0.4403803950256035,0.03584491587417703
Mohammad Irfan,3681,3193,106,385,2102,5.204563977180114,0.5710404781309427,0.028796522684053246
Mohammad Kamran,450,366,28,39,254,4.88,0.5644444444444444,0.06222222222222222
Mohammad Kashif,126,111,6,17,80,5.285714285714286,0.6349206349206349,0.047619047619047616
Mohammad Khalil,153,144,5,14,72,5.647058823529412,0.47058823529411764,0.032679738562091505
Mohammad Khan Rafah,97,126,10,13,29,7.793814432989691,0.29896907216494845,0.10309278350515463
Mohammad Mithun,13,12,0,1,7,5.538461538461539,0.5384615384615384,0.0
Mohammad Mohsin,72,72,4,7,27,6.0,0.375,0.05555555555555555
Mohammad Nadeem,2274,2273,83,248,1082,5.997361477572559,0.4758135444151275,0.036499560246262094
Mohammad Naveed,2983,2600,118,298,1621,5.22963459604425,0.5434126718069058,0.039557492457257794
Mohammad Nawaz,2512,2595,102,258,976,6.1982484076433115,0.3885350318471338,0.04060509554140127
Mohammad Nawaz (3),1158,1140,38,123,514,5.9067357512953365,0.4438687392055268,0.03281519861830743
Mohammad Rafique,2936,2178,55,181,1582,4.450953678474114,0.5388283378746594,0.018732970027247955
Mohammad Rizlan,35,22,0,0,25,3.771428571428572,0.7142857142857143,0.0
Mohammad Saifuddin,2181,2544,90,295,860,6.998624484181568,0.3943145346171481,0.04126547455295736
Mohammad Sami,2840,2452,94,276,1669,5.180281690140846,0.5876760563380282,0.03309859154929577
Mohammad Shahid,18,32,1,6,7,10.666666666666666,0.3888888888888889,0.05555555555555555
Mohammad Shahzad,504,530,20,62,227,6.309523809523809,0.4503968253968254,0.03968253968253968
Mohammad Shukri,274,181,5,10,154,3.9635036496350367,0.5620437956204379,0.01824817518248175
Mohammad Talha,126,147,4,21,56,7.0,0.4444444444444444,0.031746031746031744
Mohammad Tauqir,449,376,11,33,214,5.024498886414254,0.4766146993318486,0.024498886414253896
Mohammad Waheed,57,89,3,13,17,9.368421052631579,0.2982456140350877,0.05263157894736842
Mohammad Wasim,1942,2106,91,250,904,6.50669412976313,0.4654994850669413,0.04685890834191555
Mohammad Yousuf,1,0,1,0,0,0.0,0.0,1.0
Mohammed Alamgir,72,102,4,10,27,8.5,0.375,0.05555555555555555
Mohammed Asghar,110,35,6,3,88,1.9090909090909092,0.8,0.05454545454545454
Mohammed Aslam,25,20,3,2,11,4.8,0.44,0.12
Mohammed Awais,605,555,19,73,348,5.5041322314049586,0.5752066115702479,0.03140495867768595
Mohammed Faraazuddin,84,126,2,15,15,9.0,0.17857142857142858,0.023809523809523808
Mohammed Irfan,672,429,33,49,436,3.830357142857143,0.6488095238095238,0.049107142857142856
Mohammed Irshad,162,212,15,20,50,7.851851851851852,0.30864197530864196,0.09259259259259259
Mohammed Jamadar,101,91,2,5,47,5.405940594059406,0.46534653465346537,0.019801980198019802
Mohammed Nadeem,1770,1498,75,146,889,5.077966101694916,0.5022598870056497,0.0423728813559322
Mohammed Qasim,148,105,9,9,77,4.256756756756756,0.5202702702702703,0.060810810810810814
Mohammed Shami,5895,5750,242,745,3151,5.852417302798982,0.534520780322307,0.041051738761662425
Mohammed Siraj,2659,2418,95,320,1537,5.456186536291839,0.5780368559608875,0.035727717186912374
Mohsin Khan,56,73,5,11,22,7.821428571428571,0.39285714285714285,0.08928571428571429
Mohsin Zaki,61,79,3,7,16,7.770491803278689,0.26229508196721313,0.04918032786885246
Mokbul Ahammed,24,25,0,1,10,6.25,0.4166666666666667,0.0
Mominul Haque,175,169,6,17,72,5.7942857142857145,0.4114285714285714,0.03428571428571429
Mosaddek Hossain,1302,1258,31,112,545,5.797235023041475,0.4185867895545315,0.023809523809523808
Mosharraf Hossain,153,124,1,10,76,4.862745098039215,0.49673202614379086,0.006535947712418301
Moshiur Rahman,4,14,0,2,0,21.0,0.0,0.0
Mounica Chowdary,45,45,0,1,23,6.0,0.5111111111111111,0.0
Mrittunjoy Chowdhury,58,82,0,11,28,8.482758620689655,0.4827586206896552,0.0
Mubeen Tariq,14,32,0,5,5,13.714285714285714,0.35714285714285715,0.0
Mudassar Ali,26,13,2,1,18,3.0,0.6923076923076923,0.07692307692307693
Mudassar Bukhari,1862,1630,82,190,1024,5.252416756176155,0.5499462943071965,0.04403866809881848
Mudassar Muhammad,219,194,8,19,109,5.315068493150685,0.4977168949771689,0.0365296803652968
Mudassir Iqbal,192,203,10,25,92,6.34375,0.4791666666666667,0.052083333333333336
Mueez ul Hassan,8,6,2,0,3,4.5,0.375,0.25
Muhaddis Muhaddis,8,22,0,4,3,16.5,0.375,0.0
Muhammad Abbasi,105,81,5,10,58,4.628571428571429,0.5523809523809524,0.047619047619047616
Muhammad Afis,6,18,0,4,2,18.0,0.3333333333333333,0.0
Muhammad Ajmal,18,21,0,1,12,7.0,0.6666666666666666,0.0
Muhammad Akram,12,13,0,1,2,6.5,0.16666666666666666,0.0
Muhammad Amin,35,44,1,4,16,7.542857142857144,0.45714285714285713,0.02857142857142857
Muhammad Amir,576,639,42,65,223,6.65625,0.3871527777777778,0.07291666666666667
Muhammad Ansar,38,56,3,9,15,8.842105263157896,0.39473684210526316,0.07894736842105263
Muhammad Arfan,206,221,14,19,68,6.4368932038834945,0.3300970873786408,0.06796116504854369
Muhammad Asif,67,59,3,8,34,5.283582089552239,0.5074626865671642,0.04477611940298507
Muhammad Asim,665,730,29,78,270,6.586466165413534,0.40601503759398494,0.04360902255639098
Muhammad Burhan,248,281,16,29,100,6.798387096774193,0.4032258064516129,0.06451612903225806
Muhammad Fahad,72,98,1,13,26,8.166666666666666,0.3611111111111111,0.013888888888888888
Muhammad Fahim,187,221,5,30,95,7.090909090909091,0.5080213903743316,0.026737967914438502
Muhammad Farooq,348,401,17,46,147,6.913793103448276,0.4224137931034483,0.04885057471264368
Muhammad Ghous,911,706,26,66,492,4.649835345773875,0.54006586169045,0.02854006586169045
Muhammad Hafiz,61,35,1,6,48,3.4426229508196724,0.7868852459016393,0.01639344262295082
Muhammad Hashim,36,14,1,1,26,2.3333333333333335,0.7222222222222222,0.027777777777777776
Muhammad Jabir,729,885,31,100,328,7.283950617283951,0.4499314128943759,0.04252400548696845
Muhammad Jawadullah,1349,1545,67,189,624,6.87175685693106,0.4625648628613788,0.04966641957005189
Muhammad Kashif,276,330,14,32,100,7.173913043478261,0.36231884057971014,0.050724637681159424
Muhammad Moiz,312,408,25,52,129,7.846153846153846,0.41346153846153844,0.08012820512820513
Muhammad Murad,723,786,37,101,330,6.522821576763485,0.45643153526970953,0.051175656984785614
Muhammad Musa,147,164,2,24,73,6.6938775510204085,0.4965986394557823,0.013605442176870748
Muhammad Nadeem,119,120,9,12,49,6.050420168067228,0.4117647058823529,0.07563025210084033
Muhammad Nadir,1259,1095,62,99,627,5.218427323272438,0.4980142970611596,0.04924543288324067
Muhammad Rohid,470,539,22,68,211,6.8808510638297875,0.44893617021276594,0.04680851063829787
Muhammad Saeed,6,8,0,1,2,8.0,0.3333333333333333,0.0
Muhammad Saleem,19,9,1,0,13,2.8421052631578947,0.6842105263157895,0.05263157894736842
Muhammad Salman,320,341,16,35,133,6.39375,0.415625,0.05
Muhammad Saqib,104,158,5,22,36,9.115384615384617,0.34615384615384615,0.04807692307692308
Muhammad Saqlain,293,346,21,42,144,7.085324232081911,0.49146757679180886,0.07167235494880546
Muhammad Shahdad,61,45,0,4,30,4.426229508196721,0.4918032786885246,0.0
Muhammad Shoaib Ahmed,156,166,10,14,66,6.384615384615385,0.4230769230769231,0.0641025641025641
Muhammad Siddiqui,256,322,13,42,115,7.546875,0.44921875,0.05078125
Muhammad Tahir,18,21,2,3,6,7.0,0.3333333333333333,0.1111111111111111
Muhammad Tanveer,491,467,13,43,237,5.706720977596742,0.48268839103869654,0.026476578411405296
Muhammad Usman,129,139,5,14,53,6.465116279069767,0.4108527131782946,0.03875968992248062
Muhammad Wafiq,1356,1360,48,152,699,6.017699115044247,0.5154867256637168,0.035398230088495575
Muhammad Younis,7,13,0,2,3,11.142857142857142,0.42857142857142855,0.0
Muhammad Zafar Khan,6,4,1,0,3,4.0,0.5,0.16666666666666666
Muhammad Zaghlool,12,20,0,3,3,10.0,0.25,0.0
Muhammad Zohaib,30,18,1,1,18,3.6,0.6,0.03333333333333333
Muhammed Imran,87,95,6,14,41,6.551724137931035,0.47126436781609193,0.06896551724137931
Muhammed Manga,11,20,0,2,6,10.90909090909091,0.5454545454545454,0.0
Muhammed Turkmen,67,76,4,6,32,6.8059701492537314,0.47761194029850745,0.05970149253731343
Muhammet Bicer,9,5,0,0,7,3.3333333333333335,0.7777777777777778,0.0
Muhammet Kursat,35,39,3,4,23,6.685714285714286,0.6571428571428571,0.08571428571428572
Mujeeb-ur-Rehman,756,779,24,88,339,6.182539682539683,0.44841269841269843,0.031746031746031744
Mujibur Ali,180,160,3,12,79,5.333333333333333,0.4388888888888889,0.016666666666666666
Mukesh Kumar,532,614,24,87,264,6.924812030075188,0.49624060150375937,0.045112781954887216
Muktar Ali,12,17,0,2,3,8.5,0.25,0.0
Munir Dar,303,317,20,32,111,6.2772277227722775,0.36633663366336633,0.066006600660066
Murat Ipek,8,4,0,0,7,3.0,0.875,0.0
Murat Yilmaz,81,108,5,13,23,8.0,0.2839506172839506,0.06172839506172839
Murid Ekrami,354,405,18,45,152,6.864406779661017,0.4293785310734463,0.05084745762711865
Murtaza Yamin,18,29,0,6,8,9.666666666666666,0.4444444444444444,0.0
Musa Ahmed,6,5,0,0,1,5.0,0.16666666666666666,0.0
Musa Shaheen,6,10,0,1,1,10.0,0.16666666666666666,0.0
Musaddiq Ahmed,92,108,4,8,25,7.0434782608695645,0.2717391304347826,0.043478260869565216
Musawar Shah,474,367,17,40,265,4.6455696202531644,0.5590717299578059,0.035864978902953586
Musfirah Nur Ainaa,12,17,0,4,7,8.5,0.5833333333333334,0.0
Mushfiqur Rahman,652,509,8,61,406,4.684049079754601,0.6226993865030674,0.012269938650306749
Mushtaq Ahmed,60,66,0,9,25,6.6,0.4166666666666667,0.0
Muslim Yar,923,1013,55,98,341,6.585048754062838,0.3694474539544962,0.059588299024918745
Mustafa Atmaca,6,14,1,2,1,14.0,0.16666666666666666,0.16666666666666666
Mustafa Balkis,6,9,0,1,3,9.0,0.5,0.0
Mustafa Omer,19,29,0,5,11,9.157894736842106,0.5789473684210527,0.0
Mustafizur Rahman,7900,7645,334,877,3888,5.8063291139240505,0.4921518987341772,0.04227848101265823
Mustapha Suwareh,22,52,1,6,3,14.181818181818182,0.13636363636363635,0.045454545454545456
Mustapha Yusuf,87,122,3,19,40,8.413793103448276,0.45977011494252873,0.034482758620689655
Muzaffar Mujeed,6,10,0,1,2,10.0,0.3333333333333333,0.0
Muzahir Raza,222,209,10,27,128,5.648648648648648,0.5765765765765766,0.04504504504504504
Muzamil Sherzad,18,15,0,2,13,5.0,0.7222222222222222,0.0
Muzammil Shahzad,30,36,3,5,10,7.2,0.3333333333333333,0.1
Myat Thu Aung,21,29,3,4,7,8.285714285714286,0.3333333333333333,0.14285714285714285
N Advani,69,82,5,9,19,7.130434782608695,0.2753623188405797,0.07246376811594203
N Ahir,97,157,2,22,39,9.711340206185566,0.4020618556701031,0.020618556701030927
N Anand,21,36,0,6,6,10.285714285714286,0.2857142857142857,0.0
N Asuramanage,139,152,3,16,62,6.561151079136691,0.4460431654676259,0.02158273381294964
N Balasooriya,387,308,9,27,188,4.775193798449612,0.48578811369509045,0.023255813953488372
N Baneti,7,9,0,1,3,7.7142857142857135,0.42857142857142855,0.0
N Benjamin,283,230,17,22,142,4.876325088339223,0.5017667844522968,0.06007067137809187
N Bidaisee,53,62,3,6,19,7.018867924528301,0.3584905660377358,0.05660377358490566
N Boje,957,743,21,56,489,4.658307210031348,0.5109717868338558,0.0219435736677116
N Boochatham,2870,1922,157,172,1652,4.0181184668989545,0.5756097560975609,0.05470383275261324
N Brown,365,309,5,48,238,5.079452054794521,0.6520547945205479,0.0136986301369863
N Burger,784,841,28,109,423,6.436224489795919,0.5395408163265306,0.03571428571428571
N Caruana,116,55,8,1,86,2.844827586206897,0.7413793103448276,0.06896551724137931
N Chabula,90,89,4,1,38,5.933333333333334,0.4222222222222222,0.044444444444444446
N Chaiwai,12,5,0,0,7,2.5,0.5833333333333334,0.0
N Chantam,123,94,11,8,66,4.585365853658536,0.5365853658536586,0.08943089430894309
N Choden,159,108,10,6,76,4.0754716981132075,0.4779874213836478,0.06289308176100629
N D'souza,66,48,1,5,43,4.363636363636363,0.6515151515151515,0.015151515151515152
N David,98,25,5,3,81,1.5306122448979593,0.826530612244898,0.05102040816326531
N Davidovic,45,53,4,6,16,7.066666666666666,0.35555555555555557,0.08888888888888889
N Deonarine,453,455,5,39,179,6.026490066225166,0.39514348785871967,0.011037527593818985
N Dutta,2301,1649,84,138,1250,4.29986962190352,0.5432420686657975,0.03650586701434159
N Fernandes,326,311,5,34,146,5.7239263803680975,0.44785276073619634,0.015337423312883436
N Gnanapragasam,25,33,0,4,12,7.919999999999999,0.48,0.0
N Gumaliyele,49,36,1,2,36,4.408163265306123,0.7346938775510204,0.02040816326530612
N Gwanzura,376,370,22,45,178,5.904255319148937,0.4734042553191489,0.05851063829787234
N Harman,342,321,8,28,160,5.631578947368421,0.4678362573099415,0.023391812865497075
N Harvey,397,296,10,26,204,4.473551637279597,0.5138539042821159,0.02518891687657431
N Hirani,54,60,5,6,18,6.666666666666667,0.3333333333333333,0.09259259259259259
N Holland,476,517,12,55,216,6.5168067226890765,0.453781512605042,0.025210084033613446
N Ifill,79,90,0,11,36,6.8354430379746836,0.45569620253164556,0.0
N Ihmeling,16,11,0,0,10,4.125,0.625,0.0
N Jagadish,98,84,4,8,59,5.142857142857143,0.6020408163265306,0.04081632653061224
N Joshi,8,4,0,0,6,3.0,0.75,0.0
N Kakor,26,18,1,1,20,4.153846153846154,0.7692307692307693,0.038461538461538464
N Kayani,34,26,4,1,19,4.588235294117647,0.5588235294117647,0.11764705882352941
N Khumalo,90,122,3,10,34,8.133333333333333,0.37777777777777777,0.03333333333333333
N Konchan,30,25,0,3,16,5.0,0.5333333333333333,0.0
N Krishna,187,264,13,26,61,8.470588235294118,0.32620320855614976,0.06951871657754011
N Liyanage,113,102,6,5,57,5.415929203539823,0.504424778761062,0.05309734513274336
N M'shangwe,321,307,6,33,151,5.738317757009346,0.470404984423676,0.018691588785046728
N Mabila,339,316,10,21,193,5.592920353982301,0.5693215339233039,0.029498525073746312
N Madziva,680,763,28,85,307,6.732352941176471,0.4514705882352941,0.041176470588235294
N Magagula,51,74,1,5,21,8.705882352941176,0.4117647058823529,0.0196078431372549
N Mamba,119,126,4,11,55,6.352941176470589,0.46218487394957986,0.03361344537815126
N Mapunda,7,9,1,1,2,7.7142857142857135,0.2857142857142857,0.14285714285714285
N Master,324,210,14,17,202,3.888888888888889,0.6234567901234568,0.043209876543209874
N McAndrew,1071,1019,33,120,576,5.708683473389356,0.5378151260504201,0.03081232492997199
N Miyaji,127,112,4,15,80,5.291338582677165,0.6299212598425197,0.031496062992125984
N Mlaba,4076,3673,143,407,1985,5.406771344455348,0.48699705593719333,0.03508341511285574
N Mokoena,67,79,3,8,28,7.074626865671642,0.417910447761194,0.04477611940298507
N Mugabe,12,14,0,2,4,7.0,0.3333333333333333,0.0
N Mutasa,433,375,19,50,252,5.196304849884526,0.581986143187067,0.04387990762124711
N Nankov,13,14,1,2,8,6.461538461538462,0.6153846153846154,0.07692307692307693
N Naranbaatar,125,236,2,32,39,11.328000000000001,0.312,0.016
N Navaika,649,499,45,41,334,4.613251155624037,0.514637904468413,0.06933744221879815
N Ncube,58,71,3,11,30,7.344827586206897,0.5172413793103449,0.05172413793103448
N Ndouteng,24,58,2,10,3,14.5,0.125,0.08333333333333333
N Ndzeute,61,79,4,13,26,7.770491803278689,0.4262295081967213,0.06557377049180328
N Nipiko,1629,1537,88,167,863,5.661141804788214,0.5297728667894414,0.05402087170042971
N Niranjana,642,490,24,57,385,4.579439252336448,0.5996884735202492,0.037383177570093455
N Nojic,252,172,18,12,149,4.095238095238095,0.5912698412698413,0.07142857142857142
N Nuntarach,222,251,14,26,87,6.783783783783784,0.3918918918918919,0.06306306306306306
N Ovasuru,206,162,7,16,107,4.718446601941747,0.5194174757281553,0.03398058252427184
N Pathan,89,106,4,18,49,7.146067415730337,0.550561797752809,0.0449438202247191
N Pauththuwadura,23,13,2,0,16,3.391304347826087,0.6956521739130435,0.08695652173913043
N Peter,295,406,13,43,101,8.257627118644068,0.3423728813559322,0.04406779661016949
N Pokana,1576,1386,64,145,877,5.276649746192893,0.5564720812182741,0.04060913705583756
N Pooran,178,174,6,14,69,5.865168539325842,0.38764044943820225,0.033707865168539325
N Potts,447,527,11,62,213,7.073825503355705,0.47651006711409394,0.024608501118568233
N Pradeep,2596,2769,86,338,1222,6.399845916795069,0.4707241910631741,0.03312788906009245
N Radhakrishnan,60,61,2,6,19,6.1,0.31666666666666665,0.03333333333333333
N Ramesh,50,36,2,6,30,4.319999999999999,0.6,0.04
N Rana,18,10,0,0,9,3.3333333333333335,0.5,0.0
N Rathnayake,117,67,5,7,73,3.4358974358974357,0.6239316239316239,0.042735042735042736
N Robertson-Jack,86,91,8,12,40,6.348837209302325,0.46511627906976744,0.09302325581395349
N Salekar,240,272,11,36,108,6.8,0.45,0.04583333333333333
N Sellars,49,51,0,7,26,6.244897959183674,0.5306122448979592,0.0
N Senamontree,1337,1195,89,128,677,5.362752430815258,0.506357516828721,0.06656694091249066
N Shangase,964,949,34,105,409,5.906639004149378,0.4242738589211618,0.035269709543568464
N Shree Charani,1387,1404,54,159,577,6.073540014419611,0.4160057678442682,0.03893294881038212
N Sibanda,2002,1557,66,171,1209,4.666333666333666,0.6038961038961039,0.03296703296703297
N Simelane,48,50,2,5,27,6.25,0.5625,0.041666666666666664
N Sitompul,78,44,6,2,46,3.3846153846153846,0.5897435897435898,0.07692307692307693
N Tanner,272,329,20,39,105,7.25735294117647,0.3860294117647059,0.07352941176470588
N Thailappan,18,40,0,5,1,13.333333333333334,0.05555555555555555,0.0
N Thushara,737,948,36,112,296,7.717774762550882,0.4016282225237449,0.048846675712347354
N Tokizawa,127,83,6,7,79,3.9212598425196847,0.6220472440944882,0.047244094488188976
N Toleva,122,154,1,14,68,7.5737704918032795,0.5573770491803278,0.00819672131147541
N Tomizawa,12,16,0,2,5,8.0,0.4166666666666667,0.0
N Tyagi,131,167,6,21,52,7.648854961832061,0.3969465648854962,0.04580152671755725
N Unavalu,107,92,4,8,58,5.158878504672898,0.5420560747663551,0.037383177570093455
N Vaasili,252,170,9,18,161,4.0476190476190474,0.6388888888888888,0.03571428571428571
N Vanua,3993,3789,153,410,2099,5.693463561232156,0.5256699223641372,0.03831705484598046
N Vare,12,20,1,2,2,10.0,0.16666666666666666,0.08333333333333333
N Vichara,16,21,0,1,7,7.875,0.4375,0.0
N Vimukthi,567,464,20,56,333,4.91005291005291,0.5873015873015873,0.03527336860670194
N Wagner,943,951,31,121,496,6.050901378579003,0.5259809119830329,0.032873806998939555
N White,62,65,3,5,27,6.290322580645161,0.43548387096774194,0.04838709677419355
N Zimonjic,163,284,10,37,54,10.45398773006135,0.3312883435582822,0.06134969325153374
N de Klerk,4448,4197,159,500,2270,5.661420863309353,0.510341726618705,0.03574640287769784
NA Barnwell,560,662,7,75,259,7.092857142857143,0.4625,0.0125
NA Greenwood,715,586,39,57,348,4.917482517482517,0.48671328671328673,0.05454545454545454
NA Janes,12,36,0,5,2,18.0,0.16666666666666666,0.0
NA Karnik,165,239,10,32,61,8.690909090909091,0.3696969696969697,0.06060606060606061
NA Maiolo,221,225,5,22,96,6.108597285067873,0.4343891402714932,0.02262443438914027
NA McSweeney,521,438,17,33,210,5.044145873320538,0.40307101727447214,0.03262955854126679
NA Miyaji,58,35,1,4,44,3.620689655172414,0.7586206896551724,0.017241379310344827
NA Sowter,959,894,36,79,388,5.593326381647549,0.4045881126173097,0.03753910323253389
NA Waisome,49,34,2,2,27,4.163265306122449,0.5510204081632653,0.04081632653061224
NA de Groot,81,88,3,9,31,6.518518518518518,0.38271604938271603,0.037037037037037035
NAM McLean,37,44,0,7,21,7.135135135135135,0.5675675675675675,0.0
NAT Watkins,1145,849,38,76,646,4.448908296943231,0.5641921397379913,0.03318777292576419
NB Cornwell,466,511,8,74,254,6.579399141630901,0.5450643776824035,0.017167381974248927
NB Mahwire,389,297,8,33,249,4.580976863753214,0.6401028277634961,0.02056555269922879
NC Komasaru,330,184,16,19,219,3.3454545454545452,0.6636363636363637,0.048484848484848485
NC McGarrell,156,164,5,17,70,6.3076923076923075,0.44871794871794873,0.03205128205128205
NC Monteiro,485,338,33,22,262,4.181443298969072,0.5402061855670103,0.06804123711340206
NCK Liyanage,162,129,5,19,106,4.777777777777778,0.654320987654321,0.030864197530864196
ND Dattani,1420,1350,32,163,740,5.704225352112676,0.5211267605633803,0.022535211267605635
ND Laegsgaard,1857,1299,73,128,1084,4.197092084006462,0.5837372105546581,0.039310716208939146
ND Perera,36,30,1,3,18,5.0,0.5,0.027777777777777776
NE Bolton,30,37,2,5,14,7.4,0.4666666666666667,0.06666666666666667
NE Bonner,81,74,1,3,31,5.481481481481482,0.38271604938271603,0.012345679012345678
NE Farrant,1287,1045,46,128,750,4.871794871794871,0.5827505827505828,0.035742035742035744
NG Jones,195,115,6,8,119,3.5384615384615383,0.6102564102564103,0.03076923076923077
NG Smith,535,602,19,76,264,6.751401869158878,0.4934579439252336,0.03551401869158879
NGRP Jayasuriya,134,122,0,12,66,5.462686567164179,0.4925373134328358,0.0
NH Atharagalla,306,320,15,46,158,6.2745098039215685,0.5163398692810458,0.049019607843137254
NH Berejo,205,142,14,11,112,4.15609756097561,0.5463414634146342,0.06829268292682927
NH Ekanayake,124,99,5,5,59,4.790322580645161,0.47580645161290325,0.04032258064516129
NH Naureen,18,32,3,5,8,10.666666666666666,0.4444444444444444,0.16666666666666666
NH Patel,275,161,9,12,162,3.5127272727272727,0.5890909090909091,0.03272727272727273
NJ Amongin,130,70,8,6,78,3.2307692307692304,0.6,0.06153846153846154
NJ Astle,445,397,12,32,184,5.352808988764044,0.4134831460674157,0.02696629213483146
NJ Bowley,74,80,0,9,27,6.486486486486486,0.36486486486486486,0.0
NJ Browne,426,400,14,53,224,5.633802816901408,0.5258215962441315,0.03286384976525822
NJ Carey,1327,1160,44,123,627,5.244913338357197,0.4724943481537302,0.033157498116051246
NJ Dexter,654,656,16,67,276,6.018348623853211,0.42201834862385323,0.024464831804281346
NJ Maddinson,130,136,0,14,49,6.276923076923077,0.3769230769230769,0.0
NJ McGuire,12,14,0,1,4,7.0,0.3333333333333333,0.0
NJ Pius,289,222,17,21,155,4.608996539792388,0.5363321799307958,0.058823529411764705
NJ Qaeze,14,15,2,2,7,6.428571428571428,0.5,0.14285714285714285
NJ Rimmington,326,304,9,30,156,5.595092024539877,0.4785276073619632,0.027607361963190184
NJ Shaw,171,102,4,11,108,3.5789473684210527,0.631578947368421,0.023391812865497075
NJH Kimber,237,271,6,33,113,6.860759493670886,0.4767932489451477,0.02531645569620253
NJM Salima,21,12,1,0,15,3.4285714285714284,0.7142857142857143,0.047619047619047616
NK Aneesh Kumar,525,592,22,61,223,6.765714285714286,0.4247619047619048,0.0419047619047619
NK Ariani,418,310,35,29,216,4.449760765550239,0.5167464114832536,0.08373205741626795
NK Crafton,7,2,0,0,6,1.7142857142857142,0.8571428571428571,0.0
NK Patel,2124,1726,79,155,1061,4.875706214689266,0.4995291902071563,0.0371939736346516
NK Tiwari,303,330,15,30,119,6.534653465346534,0.3927392739273927,0.04950495049504951
NK Yadav,483,510,29,56,242,6.3354037267080745,0.5010351966873706,0.060041407867494824
NKD Murtiari,101,21,7,1,86,1.2475247524752475,0.8514851485148515,0.06930693069306931
NKDP Putri,82,20,4,0,68,1.4634146341463414,0.8292682926829268,0.04878048780487805
NKF Rada Rani,69,52,1,3,34,4.521739130434782,0.4927536231884058,0.014492753623188406
NL Buck,1441,1526,43,189,667,6.353920888272033,0.4628730048577377,0.029840388619014575
NL McCullum,4707,4262,134,386,2047,5.432759719566603,0.43488421499893776,0.028468238793286596
NL Smith,82,89,3,10,42,6.51219512195122,0.5121951219512195,0.036585365853658534
NL Ujawe,55,62,3,8,22,6.763636363636364,0.4,0.05454545454545454
NLKWR Dewi,595,386,43,34,360,3.892436974789916,0.6050420168067226,0.07226890756302522
NLTC Perera,6892,7334,239,846,3011,6.38479396401625,0.4368833430063842,0.03467788740568775
NM Ambo,137,99,9,10,78,4.335766423357664,0.5693430656934306,0.06569343065693431
NM Carter,249,256,9,29,122,6.168674698795181,0.4899598393574297,0.03614457831325301
NM Cherriath,78,70,4,4,28,5.384615384615385,0.358974358974359,0.05128205128205128
NM Coulter-Nile,2272,2365,88,308,1110,6.245598591549295,0.488556338028169,0.03873239436619718
NM Hancock,319,219,14,20,196,4.1191222570532915,0.6144200626959248,0.0438871473354232
NM Hauritz,2447,1966,58,134,1153,4.820596648957908,0.4711892112791173,0.023702492848385777
NM Lyon,2124,1809,39,164,1031,5.110169491525424,0.4854048964218456,0.018361581920903956
NM Meepage,78,111,2,18,26,8.538461538461538,0.3333333333333333,0.02564102564102564
NM Mokhachane,238,256,11,17,137,6.453781512605042,0.5756302521008403,0.046218487394957986
NM Odhiambo,2017,1932,86,213,1056,5.747149231531978,0.5235498264749628,0.042637580565195836
NM Salonen,310,347,20,37,149,6.716129032258065,0.4806451612903226,0.06451612903225806
NM Sheikh,163,99,7,9,99,3.644171779141104,0.6073619631901841,0.04294478527607362
NMP Suwandewi,530,329,25,29,344,3.7245283018867927,0.6490566037735849,0.04716981132075472
NMS Param,146,126,6,12,68,5.178082191780822,0.4657534246575342,0.0410958904109589
NN Banner,181,210,13,23,69,6.961325966850828,0.3812154696132597,0.0718232044198895
NN Fernando,182,158,5,22,118,5.208791208791209,0.6483516483516484,0.027472527472527472
NN Gilchrist,1078,1183,28,150,498,6.584415584415585,0.4619666048237477,0.025974025974025976
NN Odhiambo,2723,2755,88,350,1462,6.070510466397356,0.536907822254866,0.032317297098788104
NN Saidi,701,536,44,41,374,4.587731811697575,0.5335235378031383,0.06276747503566334
NND de Silva,555,484,19,53,293,5.232432432432432,0.527927927927928,0.03423423423423423
NO Miller,1912,1644,46,131,884,5.158995815899582,0.46234309623430964,0.02405857740585774
NO Priestley,36,46,0,5,11,7.666666666666667,0.3055555555555556,0.0
NO Tindo,74,83,4,8,25,6.72972972972973,0.33783783783783783,0.05405405405405406
NP Dalgaard,330,237,16,16,170,4.3090909090909095,0.5151515151515151,0.048484848484848485
NP Kenjige,3703,2891,102,280,1973,4.6843100189035916,0.5328112341344855,0.027545233594382934
NP Rodrigo,36,24,0,1,18,4.0,0.5,0.0
NP Winter,48,63,1,7,15,7.875,0.3125,0.020833333333333332
NPF Ranhaluge,62,46,0,4,35,4.451612903225806,0.5645161290322581,0.0
NR Gunasekera,372,314,10,27,181,5.064516129032258,0.48655913978494625,0.026881720430107527
NR Johns-Wickberg,351,365,21,44,175,6.239316239316239,0.4985754985754986,0.05982905982905983
NR Kirton,206,220,8,24,83,6.407766990291262,0.4029126213592233,0.038834951456310676
NR Kumar,844,747,36,71,407,5.310426540284361,0.4822274881516588,0.04265402843601896
NR Sciver,4106,3513,146,362,2106,5.133463224549439,0.5129079396005846,0.035557720409157334
NR Sciver-Brunt,1350,1209,40,131,682,5.373333333333333,0.5051851851851852,0.02962962962962963
NRM Thain,405,469,6,59,189,6.948148148148148,0.4666666666666667,0.014814814814814815
NRP Scholtz,362,345,13,29,160,5.718232044198895,0.4419889502762431,0.03591160220994475
NRT Gubbins,612,600,14,62,259,5.882352941176471,0.42320261437908496,0.02287581699346405
NS Dhaliwal,522,468,16,54,283,5.379310344827586,0.5421455938697318,0.03065134099616858
NSK Mehta,193,205,9,22,80,6.373056994818653,0.41450777202072536,0.046632124352331605
NT Ellis,2324,2333,104,255,1052,6.023235800344234,0.45266781411359724,0.04475043029259897
NT Gamage,235,203,5,23,133,5.182978723404256,0.5659574468085107,0.02127659574468085
NT Gireesh,151,190,9,20,65,7.549668874172185,0.4304635761589404,0.059602649006622516
NT Gruny,6,12,0,2,1,12.0,0.16666666666666666,0.0
NT Nyamhuri,41,35,0,3,23,5.121951219512195,0.5609756097560976,0.0
NT Pascal,27,30,0,4,17,6.666666666666667,0.6296296296296297,0.0
NT Rajendran,190,203,13,22,73,6.410526315789474,0.38421052631578945,0.06842105263157895
NW Bracken,5487,4245,189,447,3116,4.641880809185348,0.5678877346455258,0.03444505194095134
NW Imeshan,139,119,4,13,81,5.136690647482014,0.5827338129496403,0.02877697841726619
NW Sariani,658,384,51,24,383,3.501519756838906,0.5820668693009119,0.07750759878419453
Nabaa Naseem,75,110,5,15,24,8.8,0.32,0.06666666666666667
Nadeem Ahmed,1985,1690,93,176,1032,5.10831234256927,0.5198992443324937,0.04685138539042821
Nadeem Butt,67,50,2,4,34,4.477611940298508,0.5074626865671642,0.029850746268656716
Nadeem Javed,246,205,8,23,140,5.0,0.5691056910569106,0.032520325203252036
Nadeem Khan,223,225,12,25,98,6.053811659192825,0.43946188340807174,0.053811659192825115
Nader Zahadiafzal,18,15,0,2,9,5.0,0.5,0.0
Naeem Islam,1514,1282,37,105,697,5.080581241743725,0.46036988110964333,0.02443857331571995
Nahid Rana,350,328,13,45,193,5.622857142857143,0.5514285714285714,0.037142857142857144
Nahida Akter,4353,3460,198,361,2183,4.769124741557547,0.5014932230645531,0.04548587181254307
Nahida Khan,12,12,0,0,2,6.0,0.16666666666666666,0.0
Naiem Bameri,18,14,1,2,10,4.666666666666667,0.5555555555555556,0.05555555555555555
Naila Nazir,22,20,0,0,11,5.454545454545455,0.5,0.0
Naina Saju,187,146,10,6,103,4.684491978609626,0.5508021390374331,0.053475935828877004
Najeeb Amar,138,105,4,9,66,4.565217391304348,0.4782608695652174,0.028985507246376812
Najjam Shahzad,427,463,23,50,201,6.505854800936768,0.4707259953161593,0.053864168618266976
Najwa Akram,38,59,1,9,16,9.31578947368421,0.42105263157894735,0.02631578947368421
Namgay Thinley,714,676,44,63,308,5.680672268907563,0.43137254901960786,0.06162464985994398
Nanthita Boonsukham,151,119,7,11,81,4.728476821192053,0.5364238410596026,0.046357615894039736
Nary Thapa,258,141,18,7,155,3.2790697674418605,0.6007751937984496,0.06976744186046512
Naseem Khan,56,85,2,13,23,9.107142857142856,0.4107142857142857,0.03571428571428571
Naseem Shah,2435,2545,93,305,1227,6.271047227926078,0.5039014373716633,0.038193018480492814
Naseer Jamali,73,44,4,2,41,3.616438356164384,0.5616438356164384,0.0547945205479452
Nashra Sandhu,5852,4536,203,443,3005,4.650717703349282,0.5134996582365003,0.034688995215311005
Nasir Aziz,651,630,26,61,282,5.806451612903226,0.43317972350230416,0.039938556067588324
Nasir Hossain,1436,1253,33,117,662,5.235376044568245,0.4610027855153203,0.02298050139275766
Nasir Iqbal,36,25,0,2,21,4.166666666666667,0.5833333333333334,0.0
Nasir Shafiq,608,387,11,46,386,3.8190789473684212,0.6348684210526315,0.018092105263157895
Nasir Totakhil,103,73,3,9,62,4.252427184466019,0.6019417475728155,0.02912621359223301
Nasrulla Rana,1066,1352,51,167,451,7.609756097560976,0.4230769230769231,0.04784240150093809
Nasum Ahmed,1656,1641,57,193,786,5.945652173913044,0.4746376811594203,0.034420289855072464
Natalia Pervaiz,94,129,3,19,35,8.23404255319149,0.3723404255319149,0.031914893617021274
Natalie Clarke,59,48,0,4,43,4.881355932203389,0.7288135593220338,0.0
Nathan Smith,256,182,11,19,164,4.265625,0.640625,0.04296875
Natim Hassam,81,83,3,8,36,6.148148148148148,0.4444444444444444,0.037037037037037035
Navdeep Saini,917,1019,26,137,445,6.667393675027262,0.48527808069792805,0.028353326063249727
Naved-ul-Hasan,3058,2714,106,330,1712,5.325049051667756,0.5598430346631785,0.03466317854807063
Naveed Ahmed,528,621,25,61,199,7.056818181818182,0.3768939393939394,0.04734848484848485
Naveed Fakhr,25,32,1,5,10,7.68,0.4,0.04
Naveed Shahid,87,104,3,14,37,7.172413793103448,0.42528735632183906,0.034482758620689655
Naveena Shetty,12,12,0,0,1,6.0,0.08333333333333333,0.0
Navid Abdollahpour,20,26,1,5,12,7.8,0.6,0.05
Navid Balouch,12,23,0,3,2,11.5,0.16666666666666666,0.0
Nawaf Ahmed,102,129,4,13,40,7.588235294117647,0.39215686274509803,0.0392156862745098
Nayab Razwan,33,21,5,0,18,3.8181818181818183,0.5454545454545454,0.15151515151515152
Nazakat Ali,19,17,1,2,12,5.368421052631579,0.631578947368421,0.05263157894736842
Nazmul Hossain,1168,1037,31,137,658,5.327054794520548,0.5633561643835616,0.026541095890410957
Nazmul Hossain Shanto,122,129,2,13,48,6.344262295081967,0.39344262295081966,0.01639344262295082
Nazmul Huda,49,65,3,8,18,7.959183673469388,0.3673469387755102,0.061224489795918366
Nazmul Islam,381,402,12,45,164,6.330708661417323,0.4304461942257218,0.031496062992125984
Nazril Rahman,395,391,15,45,203,5.9392405063291145,0.5139240506329114,0.0379746835443038
Nazwan Ismail,112,189,7,25,29,10.125,0.25892857142857145,0.0625
Neeraj Mishra,112,164,2,18,48,8.785714285714285,0.42857142857142855,0.017857142857142856
Nestor Dhamba,422,294,14,20,213,4.180094786729858,0.504739336492891,0.03317535545023697
Ngawang Thinley,133,165,12,18,49,7.443609022556391,0.3684210526315789,0.09022556390977443
Niaz Ali,35,47,0,7,14,8.057142857142857,0.4,0.0
Nida Dar,5601,4789,212,450,2686,5.130155329405463,0.47955722192465633,0.037850383860025
Nik Arifin,12,15,0,3,6,7.5,0.5,0.0
Nik Nur Atiela,393,321,28,24,179,4.900763358778626,0.455470737913486,0.07124681933842239
Nikhil Chaudhary,256,246,8,20,98,5.765625,0.3828125,0.03125
Nilansh Keswani,240,261,10,27,97,6.525,0.4041666666666667,0.041666666666666664
Nilusha Waruwangodage,33,18,2,0,24,3.272727272727273,0.7272727272727273,0.06060606060606061
Nimish Lathief,294,349,15,44,114,7.122448979591836,0.3877551020408163,0.05102040816326531
Nisala Abeyratne,92,102,3,13,53,6.652173913043478,0.5760869565217391,0.03260869565217391
Nisha Ali,177,110,17,7,92,3.7288135593220337,0.519774011299435,0.096045197740113
Nishat Sakib,13,24,0,3,5,11.076923076923078,0.38461538461538464,0.0
Nishita Akter Nishi,297,208,6,25,174,4.202020202020202,0.5858585858585859,0.020202020202020204
Nitesh Hooda,62,45,6,4,34,4.354838709677419,0.5483870967741935,0.0967741935483871
Nithish Kumar Reddy,146,183,3,17,41,7.52054794520548,0.2808219178082192,0.02054794520547945
Niv Nagavkar,217,242,6,27,102,6.691244239631337,0.4700460829493088,0.027649769585253458
Nizakat Khan,560,515,24,46,260,5.517857142857143,0.4642857142857143,0.04285714285714286
Noah Mead,167,243,8,27,53,8.73053892215569,0.31736526946107785,0.04790419161676647
Noman Amjad,642,775,24,99,295,7.242990654205608,0.45950155763239875,0.037383177570093455
Noman Naeem,27,47,0,6,8,10.444444444444445,0.2962962962962963,0.0
Nonoha Yasumoto,436,292,22,28,271,4.0183486238532105,0.6215596330275229,0.05045871559633028
Noor Hayati Zakaria,194,208,3,18,86,6.432989690721649,0.44329896907216493,0.015463917525773196
Noor-ul-Amin,19,14,0,2,13,4.421052631578948,0.6842105263157895,0.0
Noorkhan Ahmedi,13,13,1,1,6,6.0,0.46153846153846156,0.07692307692307693
Nooruddin Mujadady,83,135,4,21,32,9.759036144578312,0.3855421686746988,0.04819277108433735
Noorullah Sidiqi,7,20,0,4,2,17.142857142857142,0.2857142857142857,0.0
Norwira Zazmie,124,135,6,17,63,6.532258064516129,0.5080645161290323,0.04838709677419355
Nouman Sarwar,236,300,11,39,99,7.627118644067796,0.4194915254237288,0.046610169491525424
Ntombizonke MKhatshwa,193,200,12,21,103,6.217616580310882,0.533678756476684,0.06217616580310881
Nur Aishah,65,60,0,2,39,5.538461538461538,0.6,0.0
Nur Alya Batrisyia,33,34,2,2,9,6.181818181818182,0.2727272727272727,0.06060606060606061
Nur Arianna Natsya,920,769,54,67,472,5.015217391304348,0.5130434782608696,0.058695652173913045
Nur Dania Syuhada,1007,858,53,80,458,5.1122144985104265,0.4548162859980139,0.05263157894736842
Nur Izzatul Syafiqa,8,11,0,1,2,8.25,0.25,0.0
Nur Nadihirah,201,160,7,12,112,4.776119402985074,0.5572139303482587,0.03482587064676617
Nur Syazwina Hanim,83,65,2,2,41,4.698795180722891,0.4939759036144578,0.024096385542168676
Nyeing Cham Soe,240,303,17,38,104,7.575,0.43333333333333335,0.07083333333333333
O Amarjargal,201,178,7,7,95,5.313432835820896,0.472636815920398,0.03482587064676617
O Bastin,125,106,4,4,54,5.088,0.432,0.032
O Batisani,10,4,1,0,9,2.4,0.9,0.1
O Bell,967,747,45,84,541,4.634953464322647,0.5594622543950362,0.04653567735263702
O Bryan,30,24,0,3,19,4.8,0.6333333333333333,0.0
O Casasola,12,15,0,1,3,7.5,0.25,0.0
O Chare,116,91,3,8,60,4.706896551724138,0.5172413793103449,0.02586206896551724
O Davidson,200,233,3,24,81,6.989999999999999,0.405,0.015
O Davies,36,43,1,6,18,7.166666666666667,0.5,0.027777777777777776
O Duff,31,45,2,6,14,8.709677419354838,0.45161290322580644,0.06451612903225806
O Erdenebaatar,263,240,8,10,133,5.475285171102661,0.5057034220532319,0.030418250950570342
O Gholami,81,83,3,6,30,6.148148148148148,0.37037037037037035,0.037037037037037035
O Isesele,62,105,1,12,14,10.161290322580644,0.22580645161290322,0.016129032258064516
O Isiyaku,163,170,12,24,78,6.257668711656441,0.4785276073619632,0.0736196319018405
O Kamchomphu,2580,1922,154,169,1303,4.469767441860465,0.5050387596899225,0.059689922480620154
O Keitsemang,268,264,13,20,147,5.91044776119403,0.5485074626865671,0.048507462686567165
O Kgeresi,77,39,5,2,53,3.038961038961039,0.6883116883116883,0.06493506493506493
O Kirsten,200,150,7,20,125,4.5,0.625,0.035
O Lefaga,267,185,20,18,174,4.157303370786517,0.651685393258427,0.0749063670411985
O Lutbayar,208,355,6,42,56,10.240384615384617,0.2692307692307692,0.028846153846153848
O Matsolo,333,327,18,34,187,5.891891891891892,0.5615615615615616,0.05405405405405406
O Mondlane,276,174,13,5,164,3.782608695652174,0.5942028985507246,0.04710144927536232
O Muzondo,112,93,11,8,54,4.982142857142857,0.48214285714285715,0.09821428571428571
O Omonkhobio,92,76,2,10,52,4.956521739130435,0.5652173913043478,0.021739130434782608
O Onwuzulike,61,46,0,4,33,4.524590163934427,0.5409836065573771,0.0
O Patterson,38,39,1,5,21,6.157894736842105,0.5526315789473685,0.02631578947368421
O Prendergast,2990,2545,114,332,1760,5.107023411371237,0.5886287625418061,0.03812709030100334
O Ranedoumoun,318,243,17,18,176,4.584905660377358,0.5534591194968553,0.05345911949685535
O Riley,113,96,4,13,64,5.097345132743363,0.5663716814159292,0.035398230088495575
O Sam Arthur,80,90,4,9,34,6.75,0.425,0.05
O Thomas,1371,1659,52,233,661,7.260393873085339,0.48212983223924144,0.03792851932895697
O Touray,18,46,1,6,2,15.333333333333334,0.1111111111111111,0.05555555555555555
O Tuyisenge,48,111,2,18,7,13.875,0.14583333333333334,0.041666666666666664
O Williams,42,44,1,6,19,6.285714285714286,0.4523809523809524,0.023809523809523808
OA Olympio,204,129,11,13,131,3.7941176470588234,0.6421568627450981,0.05392156862745098
OA Shah,199,184,7,13,73,5.547738693467337,0.36683417085427134,0.035175879396984924
OAC Banks,110,69,4,2,60,3.7636363636363637,0.5454545454545454,0.03636363636363636
OC McCoy,948,1335,56,164,341,8.449367088607595,0.35970464135021096,0.05907172995780591
OD Hald,1087,1001,49,128,586,5.525298988040479,0.5390984360625575,0.045078196872125116
OE Newey,376,281,17,40,243,4.48404255319149,0.6462765957446809,0.04521276595744681
OE Robinson,546,525,18,65,281,5.769230769230769,0.5146520146520146,0.03296703296703297
OE Taylor,246,262,24,29,92,6.390243902439025,0.37398373983739835,0.0975609756097561
OEG Baartman,722,825,40,111,338,6.855955678670361,0.46814404432132967,0.055401662049861494
OF Rios,11,9,0,0,9,4.909090909090909,0.8181818181818182,0.0
OF Smith,798,1048,39,138,339,7.879699248120301,0.424812030075188,0.04887218045112782
OFM Sykes,146,142,8,15,58,5.835616438356165,0.3972602739726027,0.0547945205479452
OGL Bascome,107,128,8,12,35,7.177570093457945,0.32710280373831774,0.07476635514018691
OH Agbomadzie,1076,910,58,90,542,5.074349442379182,0.5037174721189591,0.05390334572490706
OH Freckingham,192,227,6,36,97,7.09375,0.5052083333333334,0.03125
OJ Barnes,199,164,6,13,94,4.944723618090452,0.4723618090452261,0.03015075376884422
OJ Bejide,73,66,1,8,41,5.424657534246576,0.5616438356164384,0.0136986301369863
OJ Gibson,428,473,13,55,210,6.630841121495328,0.49065420560747663,0.030373831775700934
OJ Hairs,13,20,1,3,4,9.230769230769232,0.3076923076923077,0.07692307692307693
OJ Hannon-Dalby,3373,3139,125,382,1720,5.583753335309813,0.5099318114438186,0.037058997924696115
OJ Herrington,28,40,1,5,12,8.571428571428571,0.42857142857142855,0.03571428571428571
OJ Peake,12,9,1,0,3,4.5,0.25,0.08333333333333333
OJ Price,647,632,14,60,259,5.860896445131376,0.40030911901081917,0.021638330757341576
OJ Webster,117,132,7,16,45,6.769230769230769,0.38461538461538464,0.05982905982905983
OJR Groves,18,41,0,6,8,13.666666666666666,0.4444444444444444,0.0
OL Pitcher,67,46,1,2,32,4.119402985074627,0.47761194029850745,0.014925373134328358
OM Baker,366,322,10,35,190,5.278688524590164,0.5191256830601093,0.0273224043715847
OMB Curtiss,12,18,0,2,2,9.0,0.16666666666666666,0.0
OP Rayner,761,622,18,52,345,4.90407358738502,0.4533508541392904,0.023653088042049936
OP Stone,1221,1133,31,141,675,5.5675675675675675,0.5528255528255528,0.025389025389025387
OR Willis,14,19,0,1,6,8.142857142857142,0.42857142857142855,0.0
ORT Sale,155,190,3,24,74,7.35483870967742,0.4774193548387097,0.01935483870967742
OS Dlamini,31,42,1,1,9,8.129032258064516,0.2903225806451613,0.03225806451612903
OSB Tilley,6,10,0,2,3,10.0,0.5,0.0
OT Wallerson,136,117,6,11,73,5.161764705882352,0.5367647058823529,0.04411764705882353
OU Ranasinghe,2204,2188,97,224,872,5.956442831215972,0.3956442831215971,0.04401088929219601
OW Sutton,85,107,2,12,31,7.552941176470589,0.36470588235294116,0.023529411764705882
Obed Yosef,220,210,4,24,121,5.7272727272727275,0.55,0.01818181818181818
Oliver Rowe,14,7,1,0,10,3.0,0.7142857142857143,0.07142857142857142
Olivia Thomas,43,57,2,10,18,7.953488372093023,0.4186046511627907,0.046511627906976744
Omar Hayat,193,190,11,18,81,5.906735751295337,0.41968911917098445,0.05699481865284974
Omar Hussain,7,11,0,2,3,9.428571428571429,0.42857142857142855,0.0
Omar Imtiaz,34,24,1,2,24,4.235294117647059,0.7058823529411765,0.029411764705882353
Omar Rassol,124,223,4,33,47,10.79032258064516,0.3790322580645161,0.03225806451612903
Omid Mailk Khel,12,11,0,1,6,5.5,0.5,0.0
Omid Shafi Rahman,168,193,5,30,91,6.892857142857143,0.5416666666666666,0.02976190476190476
Osama Mahmood,103,112,4,12,54,6.524271844660194,0.5242718446601942,0.038834951456310676
Osman Khan,6,20,0,3,0,20.0,0.0,0.0
Owais Ahmed,535,493,19,45,235,5.528971962616822,0.4392523364485981,0.03551401869158879
P Agboya,353,218,23,23,214,3.705382436260623,0.6062322946175638,0.06515580736543909
P Agrawal,265,204,15,18,136,4.618867924528302,0.5132075471698113,0.05660377358490566
P Aho,1184,1151,72,128,624,5.83277027027027,0.527027027027027,0.060810810810810814
P Alako,37,31,2,3,18,5.027027027027027,0.4864864864864865,0.05405405405405406
P Alam,41,68,2,6,11,9.951219512195122,0.2682926829268293,0.04878048780487805
P Arrighi,74,88,4,11,31,7.135135135135135,0.4189189189189189,0.05405405405405406
P Asanka,32,36,0,7,20,6.75,0.625,0.0
P Awana,36,72,0,11,9,12.0,0.25,0.0
P Baskota,84,31,1,3,65,2.2142857142857144,0.7738095238095238,0.011904761904761904
P Bhandari,197,180,8,16,124,5.482233502538071,0.6294416243654822,0.04060913705583756
P Bhart,214,201,9,12,100,5.635514018691589,0.4672897196261682,0.04205607476635514
P Buccimazza,135,125,7,11,60,5.555555555555555,0.4444444444444444,0.05185185185185185
P Burger,216,139,6,11,132,3.861111111111111,0.6111111111111112,0.027777777777777776
P Cabebula,110,116,7,12,52,6.327272727272728,0.4727272727272727,0.06363636363636363
P Chabuta,30,36,1,1,12,7.2,0.4,0.03333333333333333
P Chakraborty,12,1,1,0,10,0.5,0.8333333333333334,0.08333333333333333
P Chilongia,183,122,15,8,110,4.0,0.6010928961748634,0.08196721311475409
P Cleary,487,414,14,50,284,5.100616016427105,0.5831622176591376,0.028747433264887063
P Coughlin,1497,1345,36,151,830,5.390781563126253,0.554442217768871,0.02404809619238477
P Cuinica,462,372,19,27,294,4.8311688311688314,0.6363636363636364,0.04112554112554113
P Dakainivanua,121,113,7,9,48,5.6033057851239665,0.39669421487603307,0.05785123966942149
P Deol,24,31,0,4,8,7.75,0.3333333333333333,0.0
P Desungnoen,31,41,0,6,12,7.935483870967741,0.3870967741935484,0.0
P Fernando,9,13,0,1,3,8.666666666666666,0.3333333333333333,0.0
P Florin,125,130,13,11,44,6.24,0.352,0.104
P Francis,142,123,5,13,80,5.197183098591549,0.5633802816901409,0.035211267605633804
P Gheewala,267,345,14,41,110,7.752808988764045,0.41198501872659177,0.052434456928838954
P Ghosh,6,9,0,1,2,9.0,0.3333333333333333,0.0
P Gopalkrishnan,6,6,1,1,3,6.0,0.5,0.16666666666666666
P Gundecha,37,48,2,5,15,7.783783783783783,0.40540540540540543,0.05405405405405406
P Hatzoglou,129,149,0,19,56,6.930232558139535,0.43410852713178294,0.0
P Hingorani,29,40,1,5,7,8.275862068965518,0.2413793103448276,0.034482758620689655
P Jayawickrama,859,637,28,56,456,4.449359720605355,0.5308498253783469,0.03259604190919674
P Jayeshbhai Patel,51,49,1,5,26,5.764705882352941,0.5098039215686274,0.0196078431372549
P Kaveao,78,72,3,5,34,5.538461538461538,0.4358974358974359,0.038461538461538464
P Kerai,207,261,13,35,88,7.565217391304348,0.4251207729468599,0.06280193236714976
P Khadka,2517,1812,70,194,1506,4.31942789034565,0.5983313468414779,0.027810885975367503
P Koech,668,745,36,101,331,6.6916167664670665,0.49550898203592814,0.05389221556886228
P Kotoisuva,65,80,3,6,30,7.384615384615384,0.46153846153846156,0.046153846153846156
P Kumar,3478,3047,92,360,1940,5.25646923519264,0.5577918343875791,0.02645198389879241
P Kumbhare,374,285,24,34,209,4.572192513368984,0.5588235294117647,0.06417112299465241
P Kurup,17,10,2,0,7,3.5294117647058822,0.4117647058823529,0.11764705882352941
P Madhukar,43,48,2,4,18,6.697674418604651,0.4186046511627907,0.046511627906976744
P Malav,446,562,29,58,141,7.560538116591928,0.31614349775784756,0.06502242152466367
P Malemikia,257,176,12,16,157,4.108949416342412,0.6108949416342413,0.04669260700389105
P Maneesha,12,14,0,2,6,7.0,0.5,0.0
P Manning,108,130,5,13,39,7.222222222222222,0.3611111111111111,0.046296296296296294
P Mapotsane,325,283,22,25,186,5.224615384615385,0.5723076923076923,0.06769230769230769
P Marange,2385,1596,81,134,1425,4.0150943396226415,0.5974842767295597,0.033962264150943396
P Masih,44,27,2,1,24,3.681818181818182,0.5454545454545454,0.045454545454545456
P Maya,1366,1199,75,153,754,5.266471449487555,0.5519765739385066,0.05490483162518302
P Maziya,247,223,15,17,118,5.417004048582997,0.4777327935222672,0.06072874493927125
P Mishra,945,1089,42,99,389,6.914285714285715,0.41164021164021164,0.044444444444444446
P Modimo,53,58,3,4,34,6.566037735849056,0.6415094339622641,0.05660377358490566
P Molkenboer,254,185,14,12,124,4.37007874015748,0.4881889763779528,0.05511811023622047
P Mujaji,15,6,0,0,12,2.4,0.8,0.0
P Munorwei,44,49,2,8,22,6.681818181818182,0.5,0.045454545454545456
P Murungi,67,76,3,8,26,6.8059701492537314,0.3880597014925373,0.04477611940298507
P Nair,115,80,4,8,62,4.173913043478261,0.5391304347826087,0.034782608695652174
P Nedeljkovic,146,155,5,18,68,6.36986301369863,0.4657534246575342,0.03424657534246575
P Negi,18,16,2,1,6,5.333333333333333,0.3333333333333333,0.1111111111111111
P Neighbour,35,45,0,3,19,7.714285714285714,0.5428571428571428,0.0
P Ochan,344,285,10,33,210,4.970930232558139,0.6104651162790697,0.029069767441860465
P Pathiraja,13,19,2,2,7,8.76923076923077,0.5384615384615384,0.15384615384615385
P Pathum,64,45,1,2,36,4.21875,0.5625,0.015625
P Pirabakaran,40,48,4,6,17,7.199999999999999,0.425,0.1
P Pratt,82,69,6,8,47,5.048780487804878,0.573170731707317,0.07317073170731707
P Pushparajan,118,145,8,18,45,7.372881355932203,0.3813559322033898,0.06779661016949153
P Pustoslemsek,80,95,5,9,30,7.125,0.375,0.0625
P Raghunath,37,30,1,1,24,4.864864864864865,0.6486486486486487,0.02702702702702703
P Raho,93,120,7,11,28,7.741935483870968,0.3010752688172043,0.07526881720430108
P Rathnayake,18,23,2,2,3,7.666666666666667,0.16666666666666666,0.1111111111111111
P Rossouw,19,17,0,1,9,5.368421052631579,0.47368421052631576,0.0
P Roy,76,79,4,10,33,6.236842105263158,0.4342105263157895,0.05263157894736842
P Sabu,242,195,20,12,141,4.8347107438016526,0.5826446280991735,0.08264462809917356
P Sapesa,30,36,0,5,14,7.2,0.4666666666666667,0.0
P Sarraf,416,345,9,31,212,4.975961538461539,0.5096153846153846,0.021634615384615384
P Senjug,172,136,5,6,107,4.7441860465116275,0.622093023255814,0.029069767441860465
P Sharma,276,286,11,27,118,6.217391304347826,0.427536231884058,0.03985507246376811
P Shetty,521,481,17,44,296,5.539347408829175,0.5681381957773513,0.03262955854126679
P Siaka,1093,666,63,50,611,3.6559926806953342,0.5590118938700823,0.05763952424519671
P Silas,13,34,0,5,3,15.692307692307693,0.23076923076923078,0.0
P Sisodiya,373,340,8,31,160,5.46916890080429,0.4289544235924933,0.021447721179624665
P Stroud,73,93,6,11,25,7.6438356164383565,0.3424657534246575,0.0821917808219178
P Subrayen,162,155,3,12,63,5.7407407407407405,0.3888888888888889,0.018518518518518517
P Sungnard,99,117,7,12,33,7.090909090909091,0.3333333333333333,0.0707070707070707
P Taylor,85,115,7,11,19,8.117647058823529,0.2235294117647059,0.08235294117647059
P Thongsa,170,189,13,21,63,6.670588235294118,0.37058823529411766,0.07647058823529412
P Timong,66,35,10,1,38,3.1818181818181817,0.5757575757575758,0.15151515151515152
P Useni,897,938,55,123,421,6.274247491638796,0.4693422519509476,0.06131549609810479
P Ushettige,318,218,16,23,180,4.113207547169812,0.5660377358490566,0.050314465408805034
P Utseya,6868,5608,127,442,3299,4.899242865463017,0.48034362259755387,0.018491555037856728
P Vastrakar,2373,2321,94,312,1201,5.868520859671302,0.506110408765276,0.03961230509903076
P Vekaria,133,160,5,22,59,7.2180451127819545,0.44360902255639095,0.03759398496240601
P Wangdi,188,225,1,29,79,7.180851063829787,0.42021276595744683,0.005319148936170213
PA Chatterji,1719,1493,63,150,909,5.211169284467714,0.5287958115183246,0.03664921465968586
PA Dahiwal,177,115,3,16,124,3.8983050847457625,0.7005649717514124,0.01694915254237288
PA Desai,395,316,16,33,218,4.800000000000001,0.5518987341772152,0.04050632911392405
PA Eakin,39,37,0,4,19,5.6923076923076925,0.48717948717948717,0.0
PA Franklin,1474,1162,40,126,850,4.729986431478969,0.576662143826323,0.027137042062415198
PA Hitchcock,323,301,9,35,184,5.591331269349845,0.5696594427244582,0.02786377708978328
PA Petricola,163,143,7,18,88,5.263803680981595,0.5398773006134969,0.04294478527607362
PA Wadenpohl,40,58,1,6,14,8.7,0.35,0.025
PA de Silva,572,487,14,36,261,5.108391608391608,0.4562937062937063,0.024475524475524476
PA van Meekeren,5386,5319,220,577,2702,5.9253620497586335,0.5016709988860008,0.04084663943557371
PAC Cowdrill,90,74,3,6,36,4.933333333333334,0.4,0.03333333333333333
PADLR Sandakan,2463,2450,70,228,1033,5.9683313032886725,0.4194072269589931,0.028420625253755584
PARP Perera,224,165,6,13,116,4.419642857142857,0.5178571428571429,0.026785714285714284
PBDU Madusanka,278,163,9,10,159,3.5179856115107913,0.5719424460431655,0.03237410071942446
PC Connell,262,274,13,37,133,6.2748091603053435,0.5076335877862596,0.04961832061068702
PC Graham,1450,1085,24,129,926,4.489655172413793,0.6386206896551724,0.016551724137931035
PC McGeown,92,71,3,2,49,4.630434782608695,0.532608695652174,0.03260869565217391
PC de Silva,831,593,32,53,449,4.281588447653429,0.5403128760529483,0.03850782190132371
PD Blignaut,107,114,5,11,37,6.392523364485982,0.34579439252336447,0.04672897196261682
PD Collingwood,5845,4827,145,369,2764,4.955004277159966,0.47288280581693753,0.02480752780153978
PD Hennessy,49,61,3,9,21,7.469387755102042,0.42857142857142855,0.061224489795918366
PD Trego,1232,1064,35,112,601,5.181818181818182,0.4878246753246753,0.028409090909090908
PDRL Perera,602,583,12,78,345,5.810631229235881,0.5730897009966778,0.019933554817275746
PE Kruger,127,181,9,17,32,8.551181102362204,0.25196850393700787,0.07086614173228346
PE Kulume,378,315,21,31,203,5.0,0.5370370370370371,0.05555555555555555
PE Mendonca,733,559,38,44,371,4.5757162346521145,0.5061391541609823,0.05184174624829468
PE Turner,1424,1173,53,136,781,4.942415730337078,0.5484550561797753,0.037219101123595506
PF Gallagher,386,387,26,29,141,6.015544041450777,0.36528497409326427,0.06735751295336788
PG Dooley,442,434,11,43,174,5.891402714932126,0.3936651583710407,0.024886877828054297
PG Raut,18,17,0,1,5,5.666666666666667,0.2777777777777778,0.0
PG Tulloch,34,31,0,2,17,5.470588235294118,0.5,0.0
PHKD Mendis,586,642,19,69,223,6.573378839590443,0.38054607508532423,0.032423208191126277
PHT Kaushal,234,163,3,15,150,4.17948717948718,0.6410256410256411,0.01282051282051282
PI Walter,299,359,9,44,122,7.2040133779264215,0.4080267558528428,0.030100334448160536
PJ Brett,156,140,5,13,77,5.384615384615385,0.4935897435897436,0.03205128205128205
PJ Cummins,6269,5827,225,683,3263,5.576966023289201,0.5204976870314245,0.03589089168926463
PJ Horton,13,8,1,0,5,3.6923076923076925,0.38461538461538464,0.07692307692307693
PJ Malan,103,110,1,10,38,6.407766990291262,0.36893203883495146,0.009708737864077669
PJ Ongondo,1429,1111,37,140,922,4.6648005598320506,0.6452064380685795,0.02589223233030091
PJ Scholfield,1168,852,35,85,656,4.376712328767123,0.5616438356164384,0.029965753424657533
PJ te Beest,21,23,0,2,8,6.571428571428571,0.38095238095238093,0.0
PJC Hoffmann,196,177,1,27,123,5.418367346938776,0.6275510204081632,0.00510204081632653
PJK Mooney,54,57,0,5,22,6.333333333333333,0.4074074074074074,0.0
PK Ananya,36,18,0,0,28,3.0,0.7777777777777778,0.0
PK Dimitri,55,89,1,9,19,9.709090909090909,0.34545454545454546,0.01818181818181818
PK Matautaava,1748,1201,85,124,1091,4.1224256292906185,0.6241418764302059,0.04862700228832952
PK Mohanarangam,137,82,14,6,70,3.591240875912409,0.5109489051094891,0.10218978102189781
PK Thangavadivel,50,38,1,2,27,4.56,0.54,0.02
PKD Chase,1845,1874,57,260,1013,6.094308943089431,0.5490514905149051,0.030894308943089432
PKM Mahawattage,187,170,7,15,90,5.454545454545454,0.48128342245989303,0.0374331550802139
PL Harris,183,89,3,2,116,2.918032786885246,0.6338797814207651,0.01639344262295082
PL Mommsen,115,89,3,9,67,4.643478260869565,0.5826086956521739,0.02608695652173913
PLS Gamage,513,467,14,58,292,5.461988304093567,0.5692007797270955,0.02729044834307992
PM Liyanagamage,678,771,23,92,316,6.823008849557522,0.46607669616519176,0.03392330383480826
PM Pushpakumara,114,105,1,11,50,5.526315789473684,0.43859649122807015,0.008771929824561403
PM Ryan,111,95,6,15,70,5.135135135135135,0.6306306306306306,0.05405405405405406
PM Seelaar,2703,2487,86,235,1217,5.520532741398446,0.45024047354790975,0.031816500184979654
PM Siddle,2342,1981,73,230,1301,5.075149444918873,0.5555081127241673,0.03116994022203245
PN Gamage,12,15,1,1,3,7.5,0.25,0.08333333333333333
PO Millington,49,32,2,3,33,3.918367346938776,0.673469387755102,0.04081632653061224
PP Chawla,1468,1285,37,124,725,5.252043596730245,0.4938692098092643,0.025204359673024524
PP Ojha,1009,795,32,57,486,4.727452923686819,0.48166501486620417,0.031714568880079286
PPS Win,34,28,2,3,21,4.941176470588235,0.6176470588235294,0.058823529411764705
PR Adams,62,30,1,2,42,2.9032258064516125,0.6774193548387096,0.016129032258064516
PR Brown,925,1029,35,119,393,6.674594594594595,0.42486486486486486,0.03783783783783784
PR Stirling,2777,2538,73,208,1174,5.483615412315449,0.4227583723442564,0.02628736046092906
PR Surve,184,248,8,30,60,8.08695652173913,0.32608695652173914,0.043478260869565216
PRCS Kumarihami,512,382,9,37,281,4.4765625,0.548828125,0.017578125
PRP Boissevain,273,390,7,47,92,8.571428571428571,0.336996336996337,0.02564102564102564
PRPM Guruge,117,118,12,14,55,6.051282051282051,0.4700854700854701,0.10256410256410256
PS Airee,38,42,0,5,15,6.631578947368421,0.39473684210526316,0.0
PS Eaglestone,61,56,0,8,35,5.508196721311475,0.5737704918032787,0.0
PS Etienne,68,36,4,4,47,3.176470588235294,0.6911764705882353,0.058823529411764705
PS Masvaure,19,19,0,1,5,6.0,0.2631578947368421,0.0
PS Roberts,62,66,1,8,38,6.387096774193548,0.6129032258064516,0.016129032258064516
PSRK Sudarshan,569,565,21,76,302,5.957820738137083,0.5307557117750439,0.03690685413005272
PSU Fernando,20,16,1,1,10,4.8,0.5,0.05
PT Collins,442,354,12,36,250,4.8054298642533935,0.5656108597285068,0.027149321266968326
PTM Dabare,785,514,30,31,412,3.928662420382165,0.5248407643312102,0.03821656050955414
PUKK Arachchige,6,9,0,1,2,9.0,0.3333333333333333,0.0
PV Naringrekar,13,17,0,1,5,7.846153846153847,0.38461538461538464,0.0
PV Vuniwaqa,176,188,11,21,80,6.409090909090909,0.45454545454545453,0.0625
PVD Chameera,4122,4424,162,535,1990,6.439592430858807,0.48277535177098496,0.039301310043668124
PVSS Raja,30,13,3,1,18,2.6,0.6,0.1
PW Borren,1344,1305,32,115,564,5.825892857142857,0.41964285714285715,0.023809523809523808
PW Gough,91,80,0,6,47,5.274725274725275,0.5164835164835165,0.0
PW Gunaratne,286,288,7,38,148,6.0419580419580425,0.5174825174825175,0.024475524475524476
PWA Mulder,2103,2024,67,225,1066,5.774607703281027,0.5068949120304327,0.03185924869234427
PWDM Badalge,37,47,0,4,14,7.621621621621621,0.3783783783783784,0.0
PWH de Silva,4904,4894,253,494,2013,5.987765089722675,0.41048123980424145,0.051590538336052205
PWS Dulshan,441,338,12,34,248,4.598639455782313,0.562358276643991,0.027210884353741496
PY Lavine,24,32,0,5,11,8.0,0.4583333333333333,0.0
PZ Kamunya,1080,712,76,72,612,3.9555555555555557,0.5666666666666667,0.07037037037037037
Paing Danu,363,401,18,44,179,6.628099173553719,0.4931129476584022,0.049586776859504134
Pan Ei Phyu,145,124,7,10,70,5.13103448275862,0.4827586206896552,0.04827586206896552
Pankaj Singh,44,45,0,6,23,6.136363636363637,0.5227272727272727,0.0
Panna Ghosh,967,758,42,87,554,4.703205791106515,0.5729058945191313,0.04343329886246122
Paras Singh,45,67,3,12,18,8.933333333333334,0.4,0.06666666666666667
Pargat Singh,302,257,12,22,154,5.105960264900662,0.5099337748344371,0.039735099337748346
Park Keunyeol,99,98,8,8,33,5.9393939393939394,0.3333333333333333,0.08080808080808081
Parveen Kumar,533,417,16,47,302,4.694183864915573,0.5666041275797373,0.0300187617260788
Parvez Rasool,85,92,3,10,29,6.4941176470588236,0.3411764705882353,0.03529411764705882
Parvindar Kumar,86,118,3,14,28,8.232558139534884,0.32558139534883723,0.03488372093023256
Pavandeep Singh,3561,2804,152,288,2017,4.724515585509688,0.5664139286717215,0.04268463914630722
Pech Pisa,15,17,0,2,9,6.8,0.6,0.0
Pen Samon,12,19,0,2,5,9.5,0.4166666666666667,0.0
Phoup Srey Pheak,145,114,6,8,98,4.7172413793103445,0.6758620689655173,0.041379310344827586
Pooja Kumari,51,27,5,2,31,3.176470588235294,0.6078431372549019,0.09803921568627451
Poonam Yadav,4038,3042,155,275,1982,4.5200594353640415,0.4908370480435859,0.03838533927686974
Poorvaja Jagdeesha,46,59,1,6,20,7.695652173913043,0.43478260869565216,0.021739130434782608
Prachi Kumari,190,184,9,16,79,5.810526315789473,0.41578947368421054,0.04736842105263158
Prajna Jagdeesha,36,36,1,4,21,6.0,0.5833333333333334,0.027777777777777776
Prasad Anish,31,53,0,7,8,10.258064516129032,0.25806451612903225,0.0
Prashant Shukla,89,59,10,5,50,3.9775280898876404,0.5617977528089888,0.11235955056179775
Pratik Singh Bais,509,446,30,49,264,5.2573673870333995,0.518664047151277,0.05893909626719057
Pratika Rawal,212,191,6,22,98,5.40566037735849,0.46226415094339623,0.02830188679245283
Pratis GC,304,343,10,40,126,6.769736842105264,0.4144736842105263,0.03289473684210526
Praveen Santhanakrishnan,9,5,0,0,8,3.3333333333333335,0.8888888888888888,0.0
Preeti Bose,24,20,1,1,9,5.0,0.375,0.041666666666666664
Priya Mishra,412,402,16,56,198,5.854368932038835,0.48058252427184467,0.038834951456310676
Priyada Murali,606,566,30,42,271,5.603960396039604,0.4471947194719472,0.04950495049504951
Pu Xianliang,16,13,1,1,10,4.875,0.625,0.0625
Puja Mahato,687,589,33,59,367,5.14410480349345,0.5342066957787481,0.048034934497816595
Pulina Tharanga,230,194,6,15,116,5.060869565217391,0.5043478260869565,0.02608695652173913
Pulindu Perera,36,26,0,2,18,4.333333333333333,0.5,0.0
Purvi Kumari,16,27,0,3,6,10.125,0.375,0.0
Pyae Phyo Wai,420,457,23,48,187,6.5285714285714285,0.4452380952380952,0.05476190476190476
Q Abel,953,745,77,74,489,4.690451206715634,0.5131164742917104,0.080797481636936
Q Joseph,765,630,26,57,376,4.9411764705882355,0.4915032679738562,0.03398692810457516
QS Tan,9,16,0,2,2,10.666666666666666,0.2222222222222222,0.0
Qadeer Ahmed,604,647,17,81,307,6.427152317880794,0.5082781456953642,0.028145695364238412
Qaiser Ali,89,55,1,4,58,3.7078651685393256,0.651685393258427,0.011235955056179775
Qamar Mushtaque,650,719,53,69,275,6.636923076923077,0.4230769230769231,0.08153846153846153
Qanita Jalil,698,494,17,54,437,4.2464183381088825,0.6260744985673352,0.024355300859598854
Qasim Akram,11,6,2,1,7,3.272727272727273,0.6363636363636364,0.18181818181818182
Qasim Anwar,67,63,3,6,39,5.64179104477612,0.582089552238806,0.04477611940298507
Qudratullah Mir Afzail,101,100,4,11,54,5.940594059405941,0.5346534653465347,0.039603960396039604
R Abdulkareem,767,807,60,73,308,6.3129074315514995,0.4015645371577575,0.07822685788787484
R Abdulrasak,130,85,7,8,78,3.923076923076923,0.6,0.05384615384615385
R Adotei,46,62,0,7,23,8.08695652173913,0.5,0.0
R Agamiire,37,15,1,0,28,2.4324324324324325,0.7567567567567568,0.02702702702702703
R Airee,103,95,8,6,31,5.533980582524271,0.30097087378640774,0.07766990291262135
R Allen,332,297,12,30,151,5.367469879518072,0.45481927710843373,0.03614457831325301
R Altaff Hussein,48,51,0,7,28,6.375,0.5833333333333334,0.0
R Anders,50,37,0,5,34,4.4399999999999995,0.68,0.0
R Andrew,586,460,32,33,343,4.709897610921502,0.5853242320819113,0.05460750853242321
R Ankad,207,163,14,14,108,4.72463768115942,0.5217391304347826,0.06763285024154589
R Ashwin,7790,6862,238,595,3616,5.285237483953787,0.46418485237483953,0.03055198973042362
R Athapaththu,159,199,12,20,58,7.509433962264151,0.36477987421383645,0.07547169811320754
R Aurora,12,8,0,0,5,4.0,0.4166666666666667,0.0
R Avdylaj,66,92,1,10,12,8.363636363636363,0.18181818181818182,0.015151515151515152
R Avery,161,185,9,16,57,6.894409937888199,0.35403726708074534,0.055900621118012424
R Baaleri,219,263,18,34,77,7.205479452054795,0.3515981735159817,0.0821917808219178
R Bakum,224,273,18,32,93,7.312499999999999,0.41517857142857145,0.08035714285714286
R Baruah,66,90,4,11,24,8.181818181818182,0.36363636363636365,0.06060606060606061
R Belgrove,66,82,2,8,29,7.454545454545454,0.4393939393939394,0.030303030303030304
R Bowers-Fleming,9,13,1,1,5,8.666666666666666,0.5555555555555556,0.1111111111111111
R Brar,26,45,0,5,7,10.384615384615385,0.2692307692307692,0.0
R Castillo,169,180,11,17,77,6.390532544378698,0.4556213017751479,0.0650887573964497
R Chanda,56,84,1,5,17,9.0,0.30357142857142855,0.017857142857142856
R Chaudhary,244,184,6,12,122,4.524590163934427,0.5,0.02459016393442623
R Choden,317,259,21,28,160,4.902208201892744,0.5047318611987381,0.06624605678233439
R Clarke,2962,2443,66,282,1646,4.948683322079676,0.5557056043214045,0.02228224172856178
R Coker,577,550,27,49,262,5.719237435008665,0.4540727902946274,0.04679376083188908
R Cunningham,31,62,2,8,7,12.0,0.22580645161290322,0.06451612903225806
R Dhakal,314,370,9,43,140,7.070063694267516,0.445859872611465,0.028662420382165606
R Dhami,8,10,0,1,3,7.5,0.375,0.0
R Dhar,193,177,6,24,109,5.5025906735751295,0.5647668393782384,0.031088082901554404
R Dhawan,180,203,2,20,72,6.766666666666667,0.4,0.011111111111111112
R Dhiman,74,86,4,8,33,6.972972972972973,0.44594594594594594,0.05405405405405406
R Dianish,18,23,1,1,2,7.666666666666667,0.1111111111111111,0.05555555555555555
R Drake,179,279,6,35,82,9.35195530726257,0.4581005586592179,0.0335195530726257
R Edwards,212,199,16,15,83,5.632075471698113,0.3915094339622642,0.07547169811320754
R Ehsan,12,25,0,4,5,12.5,0.4166666666666667,0.0
R Endo,97,102,5,10,45,6.309278350515464,0.4639175257731959,0.05154639175257732
R Francis,101,119,5,17,48,7.069306930693069,0.4752475247524752,0.04950495049504951
R Frylinck,61,63,5,9,23,6.19672131147541,0.3770491803278688,0.08196721311475409
R Galgalikar,18,9,3,0,7,3.0,0.3888888888888889,0.16666666666666666
R Gnanaraj,19,32,1,5,7,10.105263157894738,0.3684210526315789,0.05263157894736842
R Goodwin,14,21,0,4,7,9.0,0.5,0.0
R Gunasekera,85,71,3,4,35,5.011764705882353,0.4117647058823529,0.03529411764705882
R Hadley,362,339,12,38,193,5.6187845303867405,0.5331491712707183,0.03314917127071823
R Haiong,168,124,5,7,111,4.428571428571429,0.6607142857142857,0.02976190476190476
R Hashu,210,263,24,33,80,7.514285714285714,0.38095238095238093,0.11428571428571428
R Hekure,1239,1085,40,102,595,5.254237288135593,0.480225988700565,0.03228410008071025
R Hirushan,283,246,9,22,124,5.215547703180213,0.4381625441696113,0.03180212014134275
R Hubbard,44,51,1,5,23,6.954545454545455,0.5227272727272727,0.022727272727272728
R Immadi,438,404,16,27,247,5.534246575342466,0.5639269406392694,0.0365296803652968
R Johnson,21,34,2,5,8,9.714285714285714,0.38095238095238093,0.09523809523809523
R Jones,12,19,0,3,6,9.5,0.5,0.0
R Joyce,22,9,0,0,18,2.4545454545454546,0.8181818181818182,0.0
R Kalimuthu,428,501,26,66,193,7.0233644859813085,0.45093457943925236,0.06074766355140187
R Kanai,60,50,2,4,29,5.0,0.48333333333333334,0.03333333333333333
R Kanoh,212,130,4,11,140,3.6792452830188678,0.660377358490566,0.018867924528301886
R Kanojiya,25,31,0,3,6,7.4399999999999995,0.24,0.0
R Kassim,31,26,1,1,15,5.032258064516129,0.4838709677419355,0.03225806451612903
R Khasana,50,68,2,8,23,8.16,0.46,0.04
R Khullar,89,87,4,8,51,5.865168539325842,0.5730337078651685,0.0449438202247191
R Klein,639,541,13,61,347,5.07981220657277,0.543035993740219,0.02034428794992175
R Koshitha,346,247,12,23,191,4.283236994219654,0.5520231213872833,0.03468208092485549
R Kumar,156,244,3,33,60,9.384615384615385,0.38461538461538464,0.019230769230769232
R Liburd,114,62,3,5,83,3.263157894736842,0.7280701754385965,0.02631578947368421
R Limbu,60,63,3,4,16,6.3,0.26666666666666666,0.05
R Limema,305,339,14,30,146,6.668852459016393,0.4786885245901639,0.04590163934426229
R Lord,681,658,23,81,348,5.797356828193832,0.5110132158590308,0.033773861967694566
R MacBeth,752,626,24,77,463,4.99468085106383,0.6156914893617021,0.031914893617021274
R MacDonald-Gay,1722,1402,65,152,1011,4.885017421602788,0.5871080139372822,0.03774680603948897
R MacMillan,245,262,4,23,94,6.416326530612245,0.3836734693877551,0.0163265306122449
R Mahajan,244,243,14,17,106,5.975409836065574,0.4344262295081967,0.05737704918032787
R Malhotra,159,154,7,15,67,5.811320754716981,0.42138364779874216,0.0440251572327044
R Mangal,259,342,19,38,83,7.922779922779923,0.3204633204633205,0.07335907335907337
R Matsumura,182,168,14,17,90,5.538461538461538,0.4945054945054945,0.07692307692307693
R Mazumder,7,6,0,0,4,5.142857142857142,0.5714285714285714,0.0
R McBey,137,88,5,9,94,3.854014598540146,0.6861313868613139,0.0364963503649635
R McLaren,3195,2887,117,331,1659,5.421596244131456,0.5192488262910798,0.036619718309859155
R Misra,48,26,2,1,31,3.25,0.6458333333333334,0.041666666666666664
R Mondol,43,61,4,10,22,8.511627906976743,0.5116279069767442,0.09302325581395349
R Muriyalo,118,71,6,3,72,3.6101694915254234,0.6101694915254238,0.05084745762711865
R Musamali,653,562,31,51,331,5.163859111791731,0.5068912710566615,0.04747320061255743
R Nehonde,534,492,26,45,261,5.52808988764045,0.4887640449438202,0.04868913857677903
R Ngarava,4050,4156,176,528,2082,6.157037037037037,0.5140740740740741,0.04345679012345679
R Nil,49,60,1,5,11,7.346938775510204,0.22448979591836735,0.02040816326530612
R Nimantha,30,24,0,1,14,4.8,0.4666666666666667,0.0
R Ntozakhe,1129,829,26,73,655,4.405668733392383,0.5801594331266607,0.023029229406554472
R Oa,762,526,46,56,437,4.141732283464567,0.573490813648294,0.06036745406824147
R Olipa,7,8,0,1,5,6.857142857142857,0.7142857142857143,0.0
R Otim,24,30,1,3,5,7.5,0.20833333333333334,0.041666666666666664
R Ova,291,179,21,12,171,3.6907216494845363,0.5876288659793815,0.07216494845360824
R Padunglerd,588,497,32,54,311,5.071428571428571,0.5289115646258503,0.05442176870748299
R Panchal,192,164,5,18,114,5.125,0.59375,0.026041666666666668
R Parag,130,137,8,13,46,6.323076923076923,0.35384615384615387,0.06153846153846154
R Parkin,77,94,3,10,41,7.324675324675324,0.5324675324675324,0.03896103896103896
R Pasipanodya,41,41,1,4,21,6.0,0.5121951219512195,0.024390243902439025
R Pathan,12,24,0,3,2,12.0,0.16666666666666666,0.0
R Patten,19,34,0,4,5,10.736842105263158,0.2631578947368421,0.0
R Pavlickova,199,172,1,10,131,5.185929648241206,0.6582914572864321,0.005025125628140704
R Pillai,30,43,1,3,9,8.6,0.3,0.03333333333333333
R Powell,375,462,7,50,112,7.392,0.2986666666666667,0.018666666666666668
R Pretorius,954,776,24,92,570,4.880503144654088,0.5974842767295597,0.025157232704402517
R Punchihewa,191,148,4,19,114,4.649214659685864,0.5968586387434555,0.020942408376963352
R Rampaul,5845,5438,196,609,3034,5.582207014542344,0.5190761334473909,0.033532934131736525
R Rasantha,9,19,0,2,3,12.666666666666666,0.3333333333333333,0.0
R Ravindra,1351,1367,46,138,549,6.071058475203553,0.4063656550703183,0.034048852701702444
R Rawal,8,8,0,0,3,6.0,0.375,0.0
R Rijke,796,629,44,60,435,4.741206030150754,0.5464824120603015,0.05527638190954774
R Rohan,244,228,7,22,132,5.606557377049181,0.5409836065573771,0.028688524590163935
R Rohmalia,43,9,7,0,33,1.255813953488372,0.7674418604651163,0.16279069767441862
R Sai Kishore,50,38,4,3,28,4.56,0.56,0.08
R Sakurano-Thomas,505,561,32,70,236,6.665346534653465,0.46732673267326735,0.06336633663366337
R Samson,474,398,32,32,243,5.037974683544304,0.5126582278481012,0.06751054852320675
R Sandaruwan,24,41,0,5,5,10.25,0.20833333333333334,0.0
R Sandeep,183,163,6,17,95,5.344262295081967,0.5191256830601093,0.03278688524590164
R Sangsoma,173,149,4,13,78,5.167630057803469,0.4508670520231214,0.023121387283236993
R Sanjaya,284,189,11,15,164,3.992957746478873,0.5774647887323944,0.03873239436619718
R Satheesan,233,319,8,33,92,8.214592274678111,0.3948497854077253,0.034334763948497854
R Schachat,135,138,5,9,53,6.133333333333334,0.3925925925925926,0.037037037037037035
R Sewwandi,42,71,2,10,15,10.142857142857142,0.35714285714285715,0.047619047619047616
R Sharma,285,297,11,27,118,6.252631578947368,0.41403508771929826,0.03859649122807018
R Shepherd,2925,3608,124,456,1217,7.401025641025641,0.41606837606837604,0.0423931623931624
R Sheshadri,18,20,1,3,8,6.666666666666667,0.4444444444444444,0.05555555555555555
R Shimwamana,525,289,28,21,332,3.302857142857143,0.6323809523809524,0.05333333333333334
R Siriwardena,142,213,15,25,44,9.0,0.30985915492957744,0.1056338028169014
R Siwa,15,13,1,0,6,5.2,0.4,0.06666666666666667
R Slater,1484,1293,56,148,870,5.227762803234501,0.5862533692722371,0.03773584905660377
R Smith,115,137,7,12,40,7.147826086956521,0.34782608695652173,0.06086956521739131
R Sutton,10,6,1,0,7,3.5999999999999996,0.7,0.1
R Talkar,67,50,1,5,39,4.477611940298508,0.582089552238806,0.014925373134328358
R Tari,84,71,1,4,36,5.071428571428571,0.42857142857142855,0.011904761904761904
R Telemachus,288,296,9,33,147,6.166666666666667,0.5104166666666666,0.03125
R Thakur,31,14,1,1,23,2.7096774193548385,0.7419354838709677,0.03225806451612903
R Thapliyal,68,97,4,12,22,8.558823529411764,0.3235294117647059,0.058823529411764705
R Tommy,60,70,5,5,16,7.0,0.26666666666666666,0.08333333333333333
R Trumpelmann,3216,2940,123,348,1779,5.485074626865671,0.5531716417910447,0.03824626865671642
R Tyson,813,659,19,62,400,4.863468634686347,0.4920049200492005,0.023370233702337023
R Ugarkar,121,85,7,11,80,4.214876033057851,0.6611570247933884,0.05785123966942149
R Vinay Kumar,1653,1700,57,220,837,6.170598911070781,0.5063520871143375,0.034482758620689655
R Wilson,449,374,22,41,261,4.997772828507795,0.5812917594654788,0.04899777282850779
R Withey,120,104,4,12,70,5.2,0.5833333333333334,0.03333333333333333
R de Silva,302,277,9,27,154,5.503311258278146,0.5099337748344371,0.029801324503311258
R van Schoor,74,57,3,5,39,4.621621621621621,0.527027027027027,0.04054054054054054
RA Abolarin,164,144,9,13,94,5.2682926829268295,0.573170731707317,0.054878048780487805
RA Fackrell,812,722,24,69,383,5.334975369458128,0.47167487684729065,0.029556650246305417
RA Jadeja,11657,10054,300,904,5468,5.174916359269109,0.4690743759114695,0.025735609505018443
RA Jones,223,258,4,31,89,6.94170403587444,0.3991031390134529,0.017937219730941704
RA Lewis,121,109,8,11,47,5.40495867768595,0.3884297520661157,0.06611570247933884
RA Mair,2097,1987,65,238,1070,5.6852646638054365,0.5102527420123987,0.030996661897949453
RA Maringanti,251,168,2,17,148,4.01593625498008,0.5896414342629482,0.00796812749003984
RA Reifer,198,210,7,19,73,6.363636363636363,0.3686868686868687,0.03535353535353535
RA Stevenson,123,144,2,15,55,7.024390243902439,0.44715447154471544,0.016260162601626018
RA Tappin,16,19,0,1,7,7.125,0.4375,0.0
RA Weatherall,194,225,6,30,94,6.958762886597937,0.4845360824742268,0.030927835051546393
RA Whiteley,253,288,5,33,112,6.8300395256917,0.4426877470355731,0.019762845849802372
RAH Pitchers,14,17,0,2,6,7.285714285714286,0.42857142857142855,0.0
RAJ Smith,452,531,7,74,218,7.048672566371682,0.4823008849557522,0.015486725663716814
RAKA Ranasinghe,7,6,1,0,2,5.142857142857142,0.2857142857142857,0.14285714285714285
RAP Nissanka,411,305,11,35,284,4.452554744525547,0.6909975669099757,0.0267639902676399
RAS Lakmal,4337,4116,125,513,2298,5.694258704173391,0.5298593497809546,0.028821766197832603
RB Albert,137,134,2,11,56,5.868613138686132,0.40875912408759124,0.014598540145985401
RB Javed,605,460,18,52,381,4.56198347107438,0.6297520661157024,0.02975206611570248
RC Belbashi,1355,973,65,73,693,4.3084870848708485,0.5114391143911439,0.04797047970479705
RC Irani,475,370,9,32,250,4.673684210526315,0.5263157894736842,0.018947368421052633
RCM Franco,289,297,6,34,120,6.166089965397924,0.41522491349480967,0.020761245674740483
RD Atangana,101,84,5,6,52,4.99009900990099,0.5148514851485149,0.04950495049504951
RD Berrington,1458,1361,46,126,663,5.600823045267489,0.4547325102880658,0.03155006858710562
RD Bovell,229,213,6,21,123,5.580786026200873,0.537117903930131,0.026200873362445413
RD Chahar,199,231,10,25,75,6.964824120603016,0.3768844221105528,0.05025125628140704
RD Gudhka,93,44,2,4,68,2.838709677419355,0.7311827956989247,0.021505376344086023
RD Pangestuti,103,75,2,6,64,4.368932038834951,0.6213592233009708,0.019417475728155338
RD Penalba,14,11,1,0,5,4.714285714285714,0.35714285714285715,0.07142857142857142
RD Pringle,761,728,12,66,311,5.739816031537451,0.40867279894875164,0.01576872536136662
RD Steede,84,54,1,4,57,3.857142857142857,0.6785714285714286,0.011904761904761904
RD de Sousa,229,142,11,15,152,3.720524017467249,0.6637554585152838,0.048034934497816595
RDB Ahir,257,294,15,28,101,6.863813229571984,0.39299610894941633,0.058365758754863814
RDM Leverock,631,470,13,39,352,4.469096671949287,0.5578446909667195,0.020602218700475437
RE Francis,32,30,0,3,19,5.625,0.59375,0.0
RE van der Merwe,5460,4859,195,401,2320,5.339560439560439,0.4249084249084249,0.03571428571428571
RF Higgins,1330,1155,35,107,651,5.210526315789474,0.48947368421052634,0.02631578947368421
RG Aga,458,428,22,45,213,5.606986899563319,0.4650655021834061,0.048034934497816595
RG Corns,73,52,2,2,32,4.273972602739726,0.4383561643835616,0.0273972602739726
RG Mukasa,767,645,36,62,400,5.045632333767927,0.5215123859191656,0.0469361147327249
RG Okia,39,24,0,2,25,3.6923076923076925,0.6410256410256411,0.0
RG Sharma,677,644,12,43,241,5.7075332348596755,0.3559822747415066,0.01772525849335303
RG Somashekhar,37,31,1,1,21,5.027027027027027,0.5675675675675675,0.02702702702702703
RGA Amah,14,19,0,2,6,8.142857142857142,0.42857142857142855,0.0
RH Candy,228,189,6,23,130,4.973684210526316,0.5701754385964912,0.02631578947368421
RH Patel,1047,840,26,66,475,4.813753581661891,0.45367717287488063,0.024832855778414518
RI Keogh,1773,1597,39,137,761,5.404399323181049,0.42921601804850534,0.021996615905245348
RI Millar,85,104,5,14,31,7.341176470588236,0.36470588235294116,0.058823529411764705
RI Walker,786,811,19,93,360,6.190839694656488,0.4580152671755725,0.024173027989821884
RJ Ainsworth,7,14,0,2,4,12.0,0.5714285714285714,0.0
RJ Burns,18,19,0,3,10,6.333333333333333,0.5555555555555556,0.0
RJ Campbell,37,42,1,4,16,6.8108108108108105,0.43243243243243246,0.02702702702702703
RJ Gleeson,668,703,27,92,341,6.31437125748503,0.5104790419161677,0.040419161676646706
RJ Harris,1123,948,50,118,614,5.065004452359751,0.5467497773820125,0.04452359750667854
RJ Hatchman,254,462,6,57,83,10.913385826771654,0.32677165354330706,0.023622047244094488
RJ Kirtley,187,154,5,18,107,4.9411764705882355,0.5721925133689839,0.026737967914438502
RJ Nicol,476,501,16,51,202,6.315126050420169,0.42436974789915966,0.03361344537815126
RJ Peterson,3222,2784,104,241,1510,5.184357541899441,0.4686530105524519,0.03227808814400993
RJ Pierre,76,116,2,15,26,9.157894736842106,0.34210526315789475,0.02631578947368421
RJ Ranpura,852,647,36,79,527,4.556338028169014,0.6185446009389671,0.04225352112676056
RJ Robinson,342,301,12,24,155,5.280701754385965,0.45321637426900585,0.03508771929824561
RJ Sayer,678,631,12,62,307,5.584070796460177,0.4528023598820059,0.017699115044247787
RJ Sidebottom,1564,1435,51,156,846,5.505115089514066,0.540920716112532,0.03260869565217391
RJ Trott,777,657,41,55,366,5.073359073359073,0.47104247104247104,0.05276705276705277
RJ van Vuuren,307,306,8,39,162,5.980456026058632,0.5276872964169381,0.026058631921824105
RJG Palmer,380,378,9,31,162,5.968421052631578,0.4263157894736842,0.02368421052631579
RJKTD Ranatunga,217,248,3,30,101,6.857142857142858,0.46543778801843316,0.013824884792626729
RJW Topley,3328,3309,126,396,1656,5.9657451923076925,0.49759615384615385,0.03786057692307692
RK Induwara,50,52,0,5,28,6.239999999999999,0.56,0.0
RK Kanoujiya,55,30,6,3,38,3.272727272727273,0.6909090909090909,0.10909090909090909
RK Kiseto,624,627,21,81,325,6.028846153846154,0.5208333333333334,0.03365384615384615
RK Kleinveldt,1585,1426,40,174,906,5.398107255520505,0.571608832807571,0.025236593059936908
RK Parwin,94,72,4,5,52,4.595744680851064,0.5531914893617021,0.0425531914893617
RK Patel,126,133,6,17,55,6.333333333333333,0.4365079365079365,0.047619047619047616
RK Paudel,601,519,25,51,280,5.181364392678868,0.46589018302828616,0.04159733777038269
RK Raval,10,9,0,0,7,5.3999999999999995,0.7,0.0
RK Singh,22,21,4,3,9,5.7272727272727275,0.4090909090909091,0.18181818181818182
RK Vishwakarma,263,136,8,13,179,3.102661596958175,0.6806083650190115,0.030418250950570342
RK Whelan,95,105,2,13,53,6.631578947368421,0.5578947368421052,0.021052631578947368
RK Willis,12,15,0,2,4,7.5,0.3333333333333333,0.0
RL Bhudia,182,150,7,21,114,4.945054945054945,0.6263736263736264,0.038461538461538464
RL Blake,54,67,1,6,28,7.444444444444445,0.5185185185185185,0.018518518518518517
RL Chase,3194,3037,82,275,1370,5.705072010018784,0.4289292423293676,0.02567313713212273
RL D'Souza,110,116,0,12,53,6.327272727272728,0.4818181818181818,0.0
RL Evitts,36,25,0,1,21,4.166666666666667,0.5833333333333334,0.0
RL Grundy,400,358,13,36,192,5.369999999999999,0.48,0.0325
RL Haynes,48,78,2,13,11,9.75,0.22916666666666666,0.041666666666666664
RL Johnson,367,206,10,23,254,3.3678474114441417,0.6920980926430518,0.027247956403269755
RL Powell,189,183,4,15,81,5.809523809523809,0.42857142857142855,0.021164021164021163
RL Toole,121,98,3,12,69,4.859504132231405,0.5702479338842975,0.024793388429752067
RLB Rambukwella,64,71,2,5,22,6.65625,0.34375,0.03125
RM D'Souza,8,15,0,2,3,11.25,0.375,0.0
RM Dorji,310,418,16,46,99,8.09032258064516,0.3193548387096774,0.05161290322580645
RM Farrell,1275,1076,53,106,624,5.063529411764706,0.4894117647058824,0.04156862745098039
RM Haq,1394,1161,55,100,663,4.9971305595408895,0.47560975609756095,0.03945480631276901
RM Hill,13,9,2,0,4,4.153846153846154,0.3076923076923077,0.15384615384615385
RM Hira,262,339,10,37,82,7.763358778625955,0.31297709923664124,0.03816793893129771
RM Koda,1359,1460,69,176,631,6.445916114790287,0.46431199411331864,0.05077262693156733
RM Magare,102,116,2,9,37,6.823529411764706,0.3627450980392157,0.0196078431372549
RM Pyrah,510,414,16,46,265,4.870588235294117,0.5196078431372549,0.03137254901960784
RM West,232,212,4,15,111,5.482758620689656,0.47844827586206895,0.017241379310344827
RM Wijesiri,140,92,6,7,78,3.942857142857143,0.5571428571428572,0.04285714285714286
RM Yates,782,733,11,69,354,5.624040920716112,0.45268542199488493,0.014066496163682864
RMAM Avery,191,153,20,13,95,4.806282722513089,0.4973821989528796,0.10471204188481675
RML Taylor,1022,1013,33,111,480,5.947162426614481,0.46966731898238745,0.03228962818003914
RMMP Rathnayake,431,303,12,30,268,4.218097447795824,0.6218097447795824,0.027842227378190254
RMRDG Rathnayake,252,197,9,19,140,4.690476190476191,0.5555555555555556,0.03571428571428571
RMS Eranga,772,759,25,101,411,5.898963730569949,0.5323834196891192,0.03238341968911917
RN Bhatia,348,337,3,32,177,5.810344827586207,0.5086206896551724,0.008620689655172414
RN Lewis,394,344,8,21,172,5.238578680203045,0.4365482233502538,0.02030456852791878
RN Patel,50,53,7,4,16,6.359999999999999,0.32,0.14
RN Roach,85,74,3,9,41,5.223529411764706,0.4823529411764706,0.03529411764705882
RN Sidebottom,101,104,2,15,53,6.178217821782178,0.5247524752475248,0.019801980198019802
RN ten Doeschate,1872,1825,67,183,843,5.8493589743589745,0.45032051282051283,0.03579059829059829
RO Gordon,440,414,14,45,220,5.6454545454545455,0.5,0.031818181818181815
RO Hinds,68,37,0,1,40,3.264705882352941,0.5882352941176471,0.0
RO Hurley,186,130,3,10,102,4.193548387096774,0.5483870967741935,0.016129032258064516
RO Mazumba,185,132,13,7,120,4.281081081081081,0.6486486486486487,0.07027027027027027
ROC Dunka,468,598,21,72,205,7.666666666666667,0.43803418803418803,0.04487179487179487
ROL Haydon,232,200,6,25,129,5.172413793103448,0.5560344827586207,0.02586206896551724
RP Arnold,388,367,9,24,152,5.675257731958762,0.3917525773195876,0.023195876288659795
RP Burl,1571,1814,67,194,594,6.928071292170593,0.3781031190324634,0.0426479949077021
RP Jones,130,122,2,12,59,5.63076923076923,0.45384615384615384,0.015384615384615385
RP Kellepotha,141,125,5,11,62,5.319148936170213,0.4397163120567376,0.03546099290780142
RP Lefebvre,199,126,4,10,122,3.7989949748743723,0.6130653266331658,0.020100502512562814
RP Mepani,48,31,0,3,30,3.875,0.625,0.0
RP Meredith,1248,1161,44,152,700,5.581730769230769,0.5608974358974359,0.035256410256410256
RP Mitchell,104,148,3,18,41,8.538461538461538,0.3942307692307692,0.028846153846153848
RP Singh,3605,3221,132,390,1993,5.360887656033286,0.5528432732316227,0.03661581137309293
RP Thattil,67,55,1,5,32,4.925373134328359,0.47761194029850745,0.014925373134328358
RP Varsani,19,16,0,3,13,5.052631578947369,0.6842105263157895,0.0
RP Yadav,2468,2633,133,299,953,6.401134521880065,0.38614262560777957,0.053889789303079416
RPN Priyadarshana,317,208,8,18,188,3.9369085173501577,0.5930599369085173,0.025236593059936908
RR Beaton,107,102,1,8,51,5.719626168224299,0.4766355140186916,0.009345794392523364
RR Behera,6,5,0,0,1,5.0,0.16666666666666666,0.0
RR Emrit,188,269,5,31,69,8.585106382978724,0.3670212765957447,0.026595744680851064
RR Hendricks,72,113,1,12,23,9.416666666666666,0.3194444444444444,0.013888888888888888
RR Joshi,203,261,7,34,80,7.7142857142857135,0.39408866995073893,0.034482758620689655
RR Naik,20,31,1,6,10,9.299999999999999,0.5,0.05
RR Patel,1865,1572,65,136,887,5.057372654155496,0.47560321715817694,0.03485254691689008
RR Powar,1441,1135,33,87,753,4.72588480222068,0.5225537820957669,0.022900763358778626
RR Raina,95,89,5,11,59,5.621052631578947,0.6210526315789474,0.05263157894736842
RR Rossouw,46,44,1,3,15,5.739130434782608,0.32608695652173914,0.021739130434782608
RR Sarwan,395,403,18,30,139,6.121518987341773,0.3518987341772152,0.04556962025316456
RR Saun,13,18,0,1,3,8.307692307692308,0.23076923076923078,0.0
RR Seth,328,275,15,23,190,5.030487804878049,0.5792682926829268,0.04573170731707317
RR Sharan,225,263,9,31,88,7.013333333333334,0.39111111111111113,0.04
RR Simmonds,32,40,4,4,10,7.5,0.3125,0.125
RR Watson,169,147,6,12,81,5.218934911242603,0.47928994082840237,0.03550295857988166
RS Abeywickrama,22,23,1,3,9,6.272727272727273,0.4090909090909091,0.045454545454545456
RS Bopara,4059,3694,107,332,1822,5.460458240946046,0.4488790342448879,0.026361172702636118
RS Fernando,423,346,15,31,221,4.907801418439717,0.5224586288416075,0.03546099290780142
RS Gavaskar,73,74,1,5,21,6.082191780821918,0.2876712328767123,0.0136986301369863
RS Gayakwad,3597,2706,142,276,1946,4.513761467889908,0.5410063942174034,0.03947734222963581
RS Glen,49,69,1,9,13,8.448979591836736,0.2653061224489796,0.02040816326530612
RS Higgins,158,128,4,8,67,4.860759493670886,0.4240506329113924,0.02531645569620253
RS Morton,6,2,0,0,4,2.0,0.6666666666666666,0.0
RS Patel,469,459,10,52,214,5.872068230277185,0.4562899786780384,0.021321961620469083
RS Quyn,337,299,8,30,170,5.3234421364985165,0.5044510385756676,0.02373887240356083
RS Sayer,82,62,3,6,44,4.536585365853659,0.5365853658536586,0.036585365853658534
RS Williams,13,18,1,2,3,8.307692307692308,0.23076923076923078,0.07692307692307693
RSK Samson,42,52,4,8,15,7.428571428571429,0.35714285714285715,0.09523809523809523
RSM Lili'i,216,129,16,11,126,3.5833333333333335,0.5833333333333334,0.07407407407407407
RT Lyons,86,69,3,6,38,4.813953488372093,0.4418604651162791,0.03488372093023256
RT Rubbi,113,72,1,5,70,3.8230088495575223,0.6194690265486725,0.008849557522123894
RTM Mendis,742,488,24,33,410,3.9460916442048517,0.5525606469002695,0.03234501347708895
RV Auora,131,125,3,16,78,5.7251908396946565,0.5954198473282443,0.022900763358778626
RV Hawkins,227,156,9,6,114,4.1233480176211454,0.5022026431718062,0.039647577092511016
RV Nascimento,88,86,6,8,39,5.863636363636364,0.4431818181818182,0.06818181818181818
RV Scholes,459,283,14,25,302,3.6993464052287583,0.6579520697167756,0.030501089324618737
RV Uthappa,2,0,0,0,2,0.0,1.0,0.0
RV Viraj,31,64,2,9,6,12.387096774193548,0.1935483870967742,0.06451612903225806
RW Price,4467,3191,96,252,2454,4.28609805238415,0.5493619879113499,0.021490933512424447
RW Sims,18,21,0,2,8,7.0,0.4444444444444444,0.0
RW Staple,61,78,2,8,22,7.672131147540984,0.36065573770491804,0.03278688524590164
Raag Kapur,74,90,4,10,23,7.297297297297297,0.3108108108108108,0.05405405405405406
Raaz Mohammad,399,459,25,46,142,6.902255639097745,0.3558897243107769,0.06265664160401002
Rabbjyot Rajput,131,103,7,10,70,4.7175572519083975,0.5343511450381679,0.05343511450381679
Rabeya Khan,2369,1772,91,146,1149,4.487969607429295,0.4850147741663149,0.038412832418742084
Rabia Iqbal,14,17,1,1,5,7.285714285714286,0.35714285714285715,0.07142857142857142
Rabia Mushtaq,66,74,5,6,30,6.7272727272727275,0.45454545454545453,0.07575757575757576
Rabia Sahan,33,24,2,1,20,4.363636363636363,0.6060606060606061,0.06060606060606061
Rachel Delaney,640,502,18,50,348,4.70625,0.54375,0.028125
Rafaqat Ali,9,25,0,3,2,16.666666666666668,0.2222222222222222,0.0
Rafiulah Alokozai,110,163,3,21,54,8.89090909090909,0.4909090909090909,0.02727272727272727
Rafiullah,293,419,12,51,113,8.580204778156997,0.3856655290102389,0.040955631399317405
Raghav Dhawan,14,26,1,5,5,11.142857142857142,0.35714285714285715,0.07142857142857142
Ragne Hallik,194,181,9,16,111,5.597938144329897,0.5721649484536082,0.04639175257731959
Rahat Ali,825,803,26,100,429,5.84,0.52,0.03151515151515152
Rahat Kazi,68,101,1,11,29,8.911764705882353,0.4264705882352941,0.014705882352941176
Rahel Khan,48,50,1,4,18,6.25,0.375,0.020833333333333332
Rahim Khan,30,32,0,1,6,6.4,0.2,0.0
Rahima Yahaya,16,12,1,0,8,4.5,0.5,0.0625
Rahimgul Naseri,48,77,1,11,17,9.625,0.3541666666666667,0.020833333333333332
Rahman Ademi,64,82,1,11,28,7.6875,0.4375,0.015625
Rahmatullah Mangal,445,487,33,58,203,6.5662921348314605,0.45617977528089887,0.07415730337078652
Raihan Hossain,53,67,1,7,18,7.584905660377358,0.33962264150943394,0.018867924528301886
Raja Adeel,595,575,44,65,301,5.798319327731092,0.5058823529411764,0.07394957983193277
Rajin Saleh,290,252,10,15,129,5.213793103448276,0.44482758620689655,0.034482758620689655
Rakibul Hasan,479,359,28,32,241,4.49686847599165,0.5031315240083507,0.05845511482254697
Ram Krishan,6,16,0,3,1,16.0,0.16666666666666666,0.0
Ramandeep Singh,23,42,1,5,6,10.956521739130434,0.2608695652173913,0.043478260869565216
Ramanjot Singh,18,31,0,3,3,10.333333333333334,0.16666666666666666,0.0
Rameen Shamim,969,819,24,83,469,5.071207430340557,0.4840041279669763,0.02476780185758514
Rameesha Shahid,256,293,9,36,126,6.8671875,0.4921875,0.03515625
Rameez Khan,122,144,8,17,46,7.081967213114755,0.3770491803278688,0.06557377049180328
Rameez Shahzad,34,34,0,1,17,6.0,0.5,0.0
Ramiru Perera,114,111,3,11,50,5.842105263157895,0.43859649122807015,0.02631578947368421
Rana Singh,81,56,1,6,50,4.148148148148148,0.6172839506172839,0.012345679012345678
Ranuka Malaviarachchi,238,228,8,27,125,5.7478991596638656,0.5252100840336135,0.03361344537815126
Ranul Gunarathna,91,105,3,12,42,6.923076923076923,0.46153846153846156,0.03296703296703297
Rashid Ahad,73,55,5,4,33,4.52054794520548,0.4520547945205479,0.0684931506849315
Rashid Hussain,41,21,1,1,36,3.073170731707317,0.8780487804878049,0.024390243902439025
Rashid Khan,74,116,3,14,30,9.405405405405405,0.40540540540540543,0.04054054054054054
Rashid Zia,59,75,0,9,29,7.627118644067796,0.4915254237288136,0.0
Rashidatu Salia,33,46,0,4,13,8.363636363636363,0.3939393939393939,0.0
Raunaq Kapur,12,24,1,3,1,12.0,0.08333333333333333,0.08333333333333333
Ravi Bishnoi,1015,1225,65,140,402,7.241379310344828,0.3960591133004926,0.06403940886699508
Ravinder Gill,12,19,0,4,6,9.5,0.5,0.0
Ravinderpal Singh,26,29,2,4,11,6.6923076923076925,0.4230769230769231,0.07692307692307693
Ravishan de Silva,30,31,0,4,13,6.2,0.43333333333333335,0.0
Raza Hasan,295,293,13,33,138,5.959322033898306,0.46779661016949153,0.04406779661016949
Raza Iqbal,663,550,35,37,304,4.97737556561086,0.45852187028657615,0.05279034690799397
Raza-ur-Rehman,209,220,3,22,91,6.31578947368421,0.4354066985645933,0.014354066985645933
Razmal Shigiwal,18,22,1,1,6,7.333333333333333,0.3333333333333333,0.05555555555555555
Reehana Khan,117,83,9,7,68,4.256410256410256,0.5811965811965812,0.07692307692307693
Regina Khan,154,143,8,14,76,5.571428571428571,0.4935064935064935,0.05194805194805195
Rehan Ahmed,961,1045,35,118,374,6.524453694068679,0.3891779396462019,0.036420395421436005
Renuka Singh,2833,2641,118,329,1501,5.593363925167666,0.5298270384751147,0.04165195905400635
Reon King,63,61,1,5,27,5.809523809523809,0.42857142857142855,0.015873015873015872
Rewina Mohammad,30,23,0,0,22,4.6,0.7333333333333333,0.0
Reyhan Faiz,80,57,2,7,53,4.2749999999999995,0.6625,0.025
Rhyda Ofori,14,13,0,0,4,5.571428571428571,0.2857142857142857,0.0
Rhys Burinaga,49,58,6,7,15,7.102040816326531,0.30612244897959184,0.12244897959183673
Riaz Afridi,70,97,5,10,26,8.314285714285715,0.37142857142857144,0.07142857142857142
Riaz Suleman,51,76,1,6,15,8.941176470588236,0.29411764705882354,0.0196078431372549
Riazat Ali Shah,1577,1570,90,177,796,5.973367152821814,0.5047558655675333,0.05707038681039949
Rida Syeda,68,120,0,14,24,10.588235294117647,0.35294117647058826,0.0
Ridha Aulia,99,81,4,8,58,4.909090909090909,0.5858585858585859,0.04040404040404041
Rinitha Rajith,15,7,1,1,13,2.8,0.8666666666666667,0.06666666666666667
Rishad Hossain,1683,1991,87,227,650,7.098039215686274,0.38621509209744503,0.05169340463458111
Rishitha Rajith,9,8,0,0,6,5.333333333333333,0.6666666666666666,0.0
Rithika Rajith,31,27,0,1,18,5.225806451612903,0.5806451612903226,0.0
Rithika Sriram,32,34,0,2,14,6.375,0.4375,0.0
Ritik Tomar,201,272,7,31,74,8.119402985074627,0.3681592039800995,0.03482587064676617
Ritu Moni,1552,1286,58,121,734,4.971649484536082,0.4729381443298969,0.037371134020618556
Riya Pradhan,91,85,5,9,41,5.604395604395605,0.45054945054945056,0.054945054945054944
Riya Sharma,358,343,9,31,155,5.748603351955308,0.4329608938547486,0.025139664804469275
Riyaa Bhasin,83,63,8,8,50,4.554216867469879,0.6024096385542169,0.0963855421686747
Riyad Khan,204,186,5,20,108,5.470588235294118,0.5294117647058824,0.024509803921568627
Riyas Bazirhak,38,45,2,3,13,7.105263157894737,0.34210526315789475,0.05263157894736842
Riyaz Kajalwala,3,14,0,3,0,28.0,0.0,0.0
Rizpha Bano,13,13,0,1,5,6.0,0.38461538461538464,0.0
Rizwan Ahmed,26,26,0,2,9,6.0,0.34615384615384615,0.0
Rizwan Butt,2381,2533,153,301,1088,6.383032339353213,0.45695086098278037,0.06425871482570349
Rizwan Cheema,1089,1008,27,98,513,5.553719008264463,0.47107438016528924,0.024793388429752067
Rizwan Haider,798,867,51,93,352,6.518796992481203,0.44110275689223055,0.06390977443609022
Robert Raina,153,146,17,15,64,5.7254901960784315,0.41830065359477125,0.1111111111111111
Robiul Islam,146,136,2,16,81,5.589041095890411,0.5547945205479452,0.0136986301369863
Robiul Khan,20,26,1,3,9,7.8,0.45,0.05
Rohan Bhavesh Patel,67,83,4,6,20,7.432835820895523,0.29850746268656714,0.05970149253731343
Rohan Mustafa,5520,4394,197,348,2671,4.776086956521739,0.48387681159420287,0.03568840579710145
Roheed Akhtar,230,234,8,25,95,6.104347826086956,0.41304347826086957,0.034782608695652174
Roheel Shamus,48,30,3,0,22,3.75,0.4583333333333333,0.0625
Rommel Shahzad,28,12,4,1,21,2.571428571428571,0.75,0.14285714285714285
Ronald Ebanks,296,276,16,21,145,5.594594594594595,0.48986486486486486,0.05405405405405406
Ronitkumar Ahir,73,30,12,0,36,2.4657534246575343,0.4931506849315068,0.1643835616438356
Roopa Nagraj,81,68,2,4,47,5.037037037037037,0.5802469135802469,0.024691358024691357
Rosine Irera,987,598,66,52,574,3.635258358662614,0.5815602836879432,0.0668693009118541
Rubel Hossain,4971,5069,158,584,2366,6.1182860591430295,0.47596057131361896,0.03178434922550795
Ruchitha Venkatesh,817,667,31,58,429,4.898408812729499,0.5250917992656059,0.037943696450428395
Rudolph Fox,85,99,4,8,32,6.988235294117647,0.3764705882352941,0.047058823529411764
Rumaisa Jawad Nasir,38,56,2,6,9,8.842105263157896,0.23684210526315788,0.05263157894736842
Rumana Ahmed,2368,1827,122,160,1135,4.629222972972973,0.47930743243243246,0.05152027027027027
Rumeysa Alp,18,32,0,6,7,10.666666666666666,0.3888888888888889,0.0
Rumman Raees,654,690,23,81,297,6.330275229357798,0.4541284403669725,0.035168195718654434
Rupesh Singh,65,100,2,13,25,9.23076923076923,0.38461538461538464,0.03076923076923077
Ruvishan Perera,67,64,1,7,39,5.73134328358209,0.582089552238806,0.014925373134328358
S Akiteng,1261,952,72,77,662,4.529738302934179,0.5249801744647106,0.057097541633624106
S Appusamy,239,172,7,22,156,4.317991631799163,0.6527196652719666,0.029288702928870293
S Arachchige,24,26,2,2,7,6.5,0.2916666666666667,0.08333333333333333
S Aravind,22,44,1,6,3,12.0,0.13636363636363635,0.045454545454545456
S Asha,247,221,14,22,100,5.36842105263158,0.4048582995951417,0.05668016194331984
S Austin,86,82,7,9,38,5.720930232558139,0.4418604651162791,0.08139534883720931
S Badree,1071,1131,55,142,458,6.336134453781512,0.4276377217553688,0.051353874883286646
S Baker,547,616,20,83,260,6.756855575868372,0.4753199268738574,0.03656307129798903
S Banamali,100,153,4,21,36,9.18,0.36,0.04
S Basharat,28,22,1,1,15,4.714285714285714,0.5357142857142857,0.03571428571428571
S Bau,1570,1349,41,142,801,5.155414012738853,0.5101910828025478,0.026114649681528664
S Bevin,10,15,0,0,6,9.0,0.6,0.0
S Bhanushali,50,57,4,8,18,6.84,0.36,0.08
S Bhardwaj,129,90,8,4,83,4.186046511627907,0.6434108527131783,0.06201550387596899
S Bhari,578,449,24,42,311,4.660899653979239,0.5380622837370242,0.04152249134948097
S Biko,36,33,1,3,13,5.5,0.3611111111111111,0.027777777777777776
S Bist,206,168,6,16,121,4.893203883495145,0.587378640776699,0.02912621359223301
S Bodha,569,777,39,91,205,8.193321616871705,0.3602811950790861,0.06854130052724078
S Borakambi,62,45,4,2,29,4.354838709677419,0.46774193548387094,0.06451612903225806
S Bruning,50,52,2,0,17,6.239999999999999,0.34,0.04
S Brunsgaard,21,26,0,3,15,7.428571428571429,0.7142857142857143,0.0
S Budhathoki,57,36,5,0,27,3.789473684210526,0.47368421052631576,0.08771929824561403
S Burdekin,177,213,15,22,63,7.220338983050848,0.3559322033898305,0.0847457627118644
S Butler,134,127,2,13,67,5.686567164179105,0.5,0.014925373134328358
S Campbell,111,87,2,10,70,4.702702702702703,0.6306306306306306,0.018018018018018018
S Chanderpaul,26,20,0,1,11,4.615384615384616,0.4230769230769231,0.0
S Chandnani,6,9,0,1,2,9.0,0.3333333333333333,0.0
S Channa,154,136,7,11,88,5.298701298701299,0.5714285714285714,0.045454545454545456
S Chattergoon,42,30,0,1,18,4.285714285714286,0.42857142857142855,0.0
S Chaturongrattana,979,754,64,75,486,4.621041879468846,0.4964249233912155,0.06537282941777324
S Chaudhary,152,190,7,29,82,7.5,0.5394736842105263,0.046052631578947366
S Chinawa,67,53,3,2,41,4.746268656716418,0.6119402985074627,0.04477611940298507
S Choden,238,236,12,22,99,5.949579831932773,0.41596638655462187,0.05042016806722689
S Cholasseri,73,90,2,13,35,7.397260273972603,0.4794520547945205,0.0273972602739726
S Clarke,7,15,0,1,3,12.857142857142856,0.42857142857142855,0.0
S Conners,1295,1267,33,167,689,5.87027027027027,0.532046332046332,0.025482625482625483
S Conteh,425,393,30,32,203,5.548235294117648,0.4776470588235294,0.07058823529411765
S Cotter,43,37,2,4,23,5.162790697674418,0.5348837209302325,0.046511627906976744
S Crowie,177,179,12,21,81,6.067796610169491,0.4576271186440678,0.06779661016949153
S Dabholkatr,223,141,9,2,155,3.7937219730941707,0.695067264573991,0.04035874439461883
S Dangamuwa,72,44,0,2,37,3.6666666666666665,0.5138888888888888,0.0
S Davizi,117,152,6,17,40,7.794871794871795,0.3418803418803419,0.05128205128205128
S Desungnoen,344,395,14,33,105,6.88953488372093,0.30523255813953487,0.040697674418604654
S Devasia,19,15,3,1,9,4.736842105263158,0.47368421052631576,0.15789473684210525
S Devata,12,9,2,0,7,4.5,0.5833333333333334,0.16666666666666666
S Dhadwal,345,304,18,21,177,5.28695652173913,0.5130434782608696,0.05217391304347826
S Dhakal,351,311,7,31,163,5.316239316239316,0.46438746438746437,0.019943019943019943
S Dhaniram,655,494,26,42,343,4.525190839694656,0.5236641221374045,0.03969465648854962
S Dharnidharka,1418,1075,71,105,881,4.548660084626234,0.6212976022566996,0.05007052186177715
S Dill,76,74,4,8,43,5.842105263157895,0.5657894736842105,0.05263157894736842
S Disanayaka,338,326,14,40,189,5.78698224852071,0.5591715976331361,0.04142011834319527
S Dokosobau,23,12,2,1,15,3.1304347826086953,0.6521739130434783,0.08695652173913043
S Draunivudi,32,52,0,8,13,9.75,0.40625,0.0
S Dube,615,894,31,112,200,8.721951219512196,0.3252032520325203,0.05040650406504065
S Dunukedeniya,312,187,26,4,207,3.5961538461538463,0.6634615384615384,0.08333333333333333
S Dzimau,9,12,0,1,5,8.0,0.5555555555555556,0.0
S Ecclestone,7142,5221,308,566,4053,4.386166339960796,0.5674880985718286,0.04312517502100252
S Elayaperumal,6,11,0,2,1,11.0,0.16666666666666666,0.0
S Elmsjoo,76,63,6,3,34,4.973684210526316,0.4473684210526316,0.07894736842105263
S Farooq,178,133,3,12,116,4.48314606741573,0.651685393258427,0.016853932584269662
S Fernando,165,148,3,14,78,5.381818181818182,0.4727272727272727,0.01818181818181818
S Forbes,15,17,0,1,6,6.8,0.4,0.0
S Foster,36,61,0,9,11,10.166666666666666,0.3055555555555556,0.0
S Fouché,346,323,14,29,150,5.601156069364162,0.43352601156069365,0.04046242774566474
S Franklin,31,37,0,2,11,7.161290322580645,0.3548387096774194,0.0
S Gajnabi,267,288,8,33,105,6.47191011235955,0.39325842696629215,0.0299625468164794
S Galabova,55,74,0,6,30,8.072727272727274,0.5454545454545454,0.0
S Gasteratos,62,55,7,6,33,5.32258064516129,0.532258064516129,0.11290322580645161
S Gawas,82,74,2,8,50,5.414634146341464,0.6097560975609756,0.024390243902439025
S Georgota,522,449,30,32,255,5.160919540229885,0.4885057471264368,0.05747126436781609
S Gill,568,537,17,67,313,5.672535211267605,0.551056338028169,0.02992957746478873
S Gimhani,113,127,7,19,49,6.743362831858407,0.4336283185840708,0.061946902654867256
S Glenn,3215,2677,151,263,1523,4.995956454121306,0.47371695178849144,0.04696734059097978
S Godara,355,377,23,49,194,6.371830985915493,0.5464788732394367,0.0647887323943662
S Gokhale,169,147,8,16,89,5.218934911242603,0.5266272189349113,0.047337278106508875
S Gooch,309,368,23,41,126,7.145631067961165,0.4077669902912621,0.0744336569579288
S Groenewald,6,8,0,0,1,8.0,0.16666666666666666,0.0
S Gulecha,35,26,3,4,21,4.457142857142857,0.6,0.08571428571428572
S Gunasekera,6,5,0,0,3,5.0,0.5,0.0
S Gunathilaka,170,109,8,9,105,3.847058823529412,0.6176470588235294,0.047058823529411764
S Haggo,209,177,9,14,103,5.08133971291866,0.49282296650717705,0.0430622009569378
S Hanson,82,56,5,2,46,4.097560975609756,0.5609756097560976,0.06097560975609756
S Hector,219,181,3,23,145,4.958904109589041,0.6621004566210046,0.0136986301369863
S Hongsi,20,35,1,4,6,10.5,0.3,0.05
S Horley,263,222,15,26,136,5.064638783269961,0.5171102661596958,0.057034220532319393
S Htet Wai,26,51,1,8,9,11.76923076923077,0.34615384615384615,0.038461538461538464
S Hunter,42,40,0,3,19,5.714285714285714,0.4523809523809524,0.0
S Hussein,74,69,2,8,44,5.594594594594595,0.5945945945945946,0.02702702702702703
S Hutchins,221,157,6,19,133,4.262443438914027,0.6018099547511312,0.027149321266968326
S Immadi,784,579,18,55,425,4.431122448979592,0.5420918367346939,0.02295918367346939
S Ingabire,142,122,10,9,58,5.154929577464788,0.4084507042253521,0.07042253521126761
S Ishaque,98,129,5,18,31,7.89795918367347,0.3163265306122449,0.05102040816326531
S Ismail,6274,4728,251,588,3746,4.521517373286579,0.5970672617150143,0.04000637551801084
S Ivetic,8,5,0,0,6,3.75,0.75,0.0
S Jamil,54,84,2,11,18,9.333333333333334,0.3333333333333333,0.037037037037037035
S Jayasinghe,111,111,6,12,55,6.0,0.4954954954954955,0.05405405405405406
S Jayathilake,426,302,18,28,230,4.253521126760563,0.539906103286385,0.04225352112676056
S Jeelany,38,27,4,1,19,4.2631578947368425,0.5,0.10526315789473684
S Jegannathan,136,132,9,14,66,5.823529411764706,0.4852941176470588,0.0661764705882353
S Jimmy,1329,931,73,98,769,4.203160270880361,0.5786305492851769,0.05492851768246802
S Joseph,696,917,30,121,295,7.905172413793103,0.4238505747126437,0.04310344827586207
S Jyoti,15,17,0,2,4,6.8,0.26666666666666666,0.0
S Kailath,72,98,1,10,26,8.166666666666666,0.3611111111111111,0.013888888888888888
S Kakai,19,10,2,1,12,3.1578947368421053,0.631578947368421,0.10526315789473684
S Kamate,68,95,3,10,27,8.382352941176471,0.39705882352941174,0.04411764705882353
S Kananji,429,337,22,24,282,4.713286713286713,0.6573426573426573,0.05128205128205128
S Kanankege,323,273,12,25,165,5.071207430340557,0.5108359133126935,0.03715170278637771
S Kaneria,112,92,3,5,68,4.928571428571428,0.6071428571428571,0.026785714285714284
S Kato,461,370,17,33,254,4.815618221258135,0.5509761388286334,0.0368763557483731
S Kaul,168,211,6,26,66,7.535714285714286,0.39285714285714285,0.03571428571428571
S Kavinda,182,140,4,10,84,4.615384615384616,0.46153846153846156,0.02197802197802198
S Kavishka,161,88,10,5,93,3.279503105590062,0.577639751552795,0.062111801242236024
S Khadka,126,86,5,7,82,4.095238095238095,0.6507936507936508,0.03968253968253968
S Khalifa,63,22,1,1,51,2.0952380952380953,0.8095238095238095,0.015873015873015872
S Kharvi,38,62,5,10,13,9.789473684210527,0.34210526315789475,0.13157894736842105
S Khatiwada,12,1,1,0,10,0.5,0.8333333333333334,0.08333333333333333
S Khatri,42,58,0,7,22,8.285714285714286,0.5238095238095238,0.0
S Khurana,17,10,1,0,13,3.5294117647058822,0.7647058823529411,0.058823529411764705
S Kijiana,72,66,3,7,37,5.5,0.5138888888888888,0.041666666666666664
S Kizito,322,251,11,26,172,4.6770186335403725,0.5341614906832298,0.034161490683229816
S Kolcharam,133,149,5,17,65,6.7218045112781954,0.48872180451127817,0.03759398496240601
S Kolcunova,355,349,8,20,202,5.898591549295775,0.5690140845070423,0.022535211267605635
S Kollery,12,15,0,2,4,7.5,0.3333333333333333,0.0
S Koppolu,181,276,6,33,67,9.14917127071823,0.3701657458563536,0.03314917127071823
S Kotte,1013,613,52,54,612,3.630799605133267,0.6041461006910168,0.05133267522211254
S Krisheta,65,54,5,3,30,4.984615384615385,0.46153846153846156,0.07692307692307693
S Krishnashriram,167,141,4,16,85,5.065868263473054,0.5089820359281437,0.023952095808383235
S Kruger,24,27,0,1,7,6.75,0.2916666666666667,0.0
S Kubheka,36,52,0,7,13,8.666666666666666,0.3611111111111111,0.0
S Kubota,63,62,2,5,37,5.904761904761905,0.5873015873015873,0.031746031746031744
S Kucuksucu,79,62,3,3,49,4.708860759493671,0.620253164556962,0.0379746835443038
S Kushretha,256,274,19,30,108,6.421875,0.421875,0.07421875
S Lackay,24,59,2,9,2,14.75,0.08333333333333333,0.08333333333333333
S Lakshan,46,51,0,5,24,6.652173913043478,0.5217391304347826,0.0
S Lamichhane,6174,5028,324,518,3252,4.886297376093294,0.5267249757045676,0.052478134110787174
S Laomi,2674,1928,140,163,1375,4.326103216155572,0.5142109199700823,0.05235602094240838
S Lateh,153,139,5,13,90,5.450980392156863,0.5882352941176471,0.032679738562091505
S Linden,15,23,0,3,6,9.2,0.4,0.0
S Liyanage,5,6,0,0,2,7.199999999999999,0.4,0.0
S Lohani,18,21,0,3,7,7.0,0.3888888888888889,0.0
S Lord,13,20,0,3,4,9.230769230769232,0.3076923076923077,0.0
S Loubser,906,643,26,53,489,4.258278145695364,0.5397350993377483,0.02869757174392936
S Lundell,28,33,2,3,14,7.071428571428571,0.5,0.07142857142857142
S Luus,4421,3778,147,357,2033,5.127346754128025,0.45985071250848225,0.03325039583804569
S Mabuza,136,178,3,15,65,7.852941176470588,0.47794117647058826,0.022058823529411766
S MacMahon,687,583,20,59,357,5.091703056768559,0.519650655021834,0.02911208151382824
S Maduranga,241,300,16,32,99,7.468879668049793,0.4107883817427386,0.06639004149377593
S Magar,205,146,12,9,99,4.273170731707317,0.48292682926829267,0.05853658536585366
S Mahmood,2123,2146,84,269,1066,6.065002355157796,0.5021196420160151,0.039566650965614694
S Malla,18,35,1,6,4,11.666666666666666,0.2222222222222222,0.05555555555555555
S Malwatta,26,25,3,2,11,5.76923076923077,0.4230769230769231,0.11538461538461539
S Mandhana,37,48,1,6,12,7.783783783783783,0.32432432432432434,0.02702702702702703
S Manuranga,125,125,4,12,58,6.0,0.464,0.032
S Marasinghe,95,98,5,8,39,6.189473684210526,0.4105263157894737,0.05263157894736842
S Matijevic,162,127,12,6,83,4.703703703703703,0.5123456790123457,0.07407407407407407
S Matsikenyeri,697,576,15,34,291,4.958393113342898,0.41750358680057387,0.021520803443328552
S McNicholl,40,20,1,2,33,3.0,0.825,0.025
S Mehta,51,40,0,4,33,4.705882352941177,0.6470588235294118,0.0
S Meyenborg,48,39,5,3,24,4.875,0.5,0.10416666666666667
S Mihira,233,181,8,18,132,4.660944206008583,0.5665236051502146,0.034334763948497854
S Mills,95,107,3,4,32,6.757894736842105,0.3368421052631579,0.031578947368421054
S Miyaji,402,291,13,25,211,4.343283582089552,0.5248756218905473,0.03233830845771144
S Molineux,1718,1425,79,146,844,4.976717112922002,0.4912689173457509,0.0459837019790454
S Morris,692,493,19,44,371,4.27456647398844,0.5361271676300579,0.02745664739884393
S Mostary,106,128,1,16,43,7.245283018867924,0.4056603773584906,0.009433962264150943
S Mosweu,400,349,21,38,221,5.234999999999999,0.5525,0.0525
S Mtae,87,75,9,7,40,5.172413793103448,0.45977011494252873,0.10344827586206896
S Muhammad,49,34,1,3,28,4.163265306122449,0.5714285714285714,0.02040816326530612
S Mukuddem,272,241,11,24,150,5.316176470588235,0.5514705882352942,0.04044117647058824
S Muniandy,1132,1418,57,157,417,7.5159010600706715,0.36837455830388693,0.05035335689045936
S Munro,1491,1161,46,123,880,4.6720321931589535,0.5902079141515761,0.03085177733065057
S Murari,123,123,5,13,59,6.0,0.4796747967479675,0.04065040650406504
S Muthusamy,331,361,11,38,136,6.54380664652568,0.4108761329305136,0.03323262839879154
S Nadigotla,66,71,4,6,28,6.454545454545454,0.42424242424242425,0.06060606060606061
S Naidu,132,152,3,18,56,6.909090909090909,0.42424242424242425,0.022727272727272728
S Nair,140,122,6,7,66,5.228571428571429,0.4714285714285714,0.04285714285714286
S Nakano,122,56,4,5,91,2.7540983606557377,0.7459016393442623,0.03278688524590164
S Nampiina,502,409,39,38,262,4.888446215139442,0.5219123505976095,0.07768924302788845
S Namusha,126,48,4,2,92,2.2857142857142856,0.7301587301587301,0.031746031746031744
S Nanayakkare,88,66,3,6,42,4.5,0.4772727272727273,0.03409090909090909
S Navaratnam,585,443,14,52,359,4.543589743589743,0.6136752136752137,0.023931623931623933
S Newport,18,17,1,3,10,5.666666666666667,0.5555555555555556,0.05555555555555555
S Nirmal,85,32,2,0,54,2.2588235294117647,0.6352941176470588,0.023529411764705882
S Nisansala,571,503,20,44,248,5.285464098073555,0.4343257443082312,0.03502626970227671
S Nitschke,214,174,6,10,108,4.878504672897197,0.5046728971962616,0.028037383177570093
S Norman,7,9,0,1,2,7.7142857142857135,0.2857142857142857,0.0
S Nsubuga,257,297,17,36,101,6.93385214007782,0.39299610894941633,0.06614785992217899
S Nunna,92,106,2,6,29,6.913043478260869,0.31521739130434784,0.021739130434782608
S Ogundipe,37,25,1,0,17,4.0540540540540535,0.4594594594594595,0.02702702702702703
S Ostergaard,181,165,13,11,98,5.469613259668508,0.5414364640883977,0.0718232044198895
S Ozkunduz,121,102,5,2,77,5.0578512396694215,0.6363636363636364,0.04132231404958678
S Pai,25,26,1,3,9,6.239999999999999,0.36,0.04
S Pakhrin,32,10,1,0,23,1.875,0.71875,0.03125
S Pandey,2827,2274,101,284,1631,4.826317651220375,0.5769366819950478,0.03572691899540149
S Pattenden,48,48,0,2,28,6.0,0.5833333333333334,0.0
S Perera,40,35,1,2,23,5.25,0.575,0.025
S Pillai,244,238,7,23,132,5.852459016393443,0.5409836065573771,0.028688524590163935
S Pitabeddara,18,34,0,3,2,11.333333333333334,0.1111111111111111,0.0
S Pradhan,683,723,34,84,319,6.351390922401172,0.4670571010248902,0.04978038067349927
S Prasanna,2570,2333,51,193,1137,5.446692607003891,0.4424124513618677,0.019844357976653695
S Priyadharshana,60,68,1,8,29,6.8,0.48333333333333334,0.016666666666666666
S Ramakrishnan,28,46,0,6,10,9.857142857142856,0.35714285714285715,0.0
S Ramataboe,75,102,6,13,25,8.16,0.3333333333333333,0.08
S Ramautar,115,104,4,8,58,5.426086956521739,0.5043478260869565,0.034782608695652174
S Rana,2531,2219,91,224,1180,5.2603713947056505,0.46621888581588306,0.035954168312919796
S Ranade,58,42,5,2,27,4.344827586206897,0.46551724137931033,0.08620689655172414
S Randiv,1575,1379,46,105,686,5.253333333333333,0.43555555555555553,0.029206349206349208
S Rathnasuriya,18,12,0,1,9,4.0,0.5,0.0
S Raveendrakumar,15,18,0,1,7,7.2,0.4666666666666667,0.0
S Ravichandran,773,630,55,54,360,4.8900388098318235,0.46571798188874514,0.07115135834411385
S Ravikumar,227,228,9,21,105,6.026431718061674,0.46255506607929514,0.039647577092511016
S Ravoka,148,183,9,20,56,7.418918918918918,0.3783783783783784,0.060810810810810814
S Regmi,326,225,12,21,208,4.141104294478527,0.6380368098159509,0.03680981595092025
S Rengarajan,19,29,1,4,8,9.157894736842106,0.42105263157894735,0.05263157894736842
S Rokuad,26,33,0,3,11,7.615384615384616,0.4230769230769231,0.0
S Rossi,94,115,3,12,37,7.340425531914894,0.39361702127659576,0.031914893617021274
S Rukmal,250,284,6,38,128,6.816000000000001,0.512,0.024
S Sadarangani,197,190,6,10,97,5.786802030456852,0.49238578680203043,0.030456852791878174
S Saeed,161,107,6,12,102,3.987577639751553,0.6335403726708074,0.037267080745341616
S Saenya,10,2,2,0,6,1.2,0.6,0.2
S Sajana,59,80,1,13,23,8.135593220338983,0.3898305084745763,0.01694915254237288
S Samuels,147,162,2,22,88,6.612244897959184,0.5986394557823129,0.013605442176870748
S Sandeep Warrier,19,23,0,2,9,7.2631578947368425,0.47368421052631576,0.0
S Sandeepani,6,11,0,2,1,11.0,0.16666666666666666,0.0
S Sarandeva,256,270,11,25,128,6.328125,0.5,0.04296875
S Sarthak,172,172,14,19,65,6.0,0.37790697674418605,0.08139534883720931
S Selvaraj,270,237,8,25,152,5.266666666666667,0.562962962962963,0.02962962962962963
S Sengupta,105,160,4,17,41,9.142857142857142,0.3904761904761905,0.0380952380952381
S Seth,66,90,0,10,18,8.181818181818182,0.2727272727272727,0.0
S Sharma,334,271,15,29,194,4.868263473053893,0.5808383233532934,0.04491017964071856
S Sheridan,19,24,0,1,11,7.578947368421053,0.5789473684210527,0.0
S Shrivastava,925,917,45,97,434,5.948108108108109,0.46918918918918917,0.04864864864864865
S Siegers,1774,1641,76,165,844,5.550169109357384,0.47576099210823,0.04284103720405862
S Sigaiwasa,191,157,9,10,93,4.9319371727748695,0.4869109947643979,0.04712041884816754
S Simic,73,52,2,1,45,4.273972602739726,0.6164383561643836,0.0273972602739726
S Simpson,51,47,6,6,21,5.529411764705882,0.4117647058823529,0.11764705882352941
S Singh,6,8,0,1,2,8.0,0.3333333333333333,0.0
S Smith,26,40,2,4,4,9.230769230769232,0.15384615384615385,0.07692307692307693
S Snater,1883,1871,64,225,966,5.961763143919278,0.5130111524163569,0.033988316516197555
S Sohal,12,9,1,1,7,4.5,0.5833333333333334,0.08333333333333333
S Sola,226,286,10,27,80,7.592920353982302,0.35398230088495575,0.04424778761061947
S Solman,504,427,22,48,295,5.083333333333333,0.5853174603174603,0.04365079365079365
S Soogrim,12,14,0,1,2,7.0,0.16666666666666666,0.0
S Sreesanth,2700,2682,90,361,1479,5.96,0.5477777777777778,0.03333333333333333
S Sriram,56,43,3,4,28,4.607142857142857,0.5,0.05357142857142857
S Stanikzay,202,224,6,24,90,6.653465346534654,0.44554455445544555,0.0297029702970297
S Steel,152,147,3,16,68,5.802631578947369,0.4473684210526316,0.019736842105263157
S Suarez,19,28,0,4,7,8.842105263157896,0.3684210526315789,0.0
S Subhash,81,49,1,3,50,3.6296296296296298,0.6172839506172839,0.012345679012345678
S Sugaya-Slater,162,199,7,22,65,7.37037037037037,0.4012345679012346,0.043209876543209874
S Sunday,18,14,2,0,7,4.666666666666667,0.3888888888888889,0.1111111111111111
S Tabuisulu,122,151,4,18,51,7.426229508196721,0.4180327868852459,0.03278688524590164
S Talamarla,48,44,3,2,26,5.5,0.5416666666666666,0.0625
S Tarawally,119,118,2,12,59,5.949579831932773,0.4957983193277311,0.01680672268907563
S Thakor,1184,1041,70,92,579,5.275337837837838,0.4890202702702703,0.05912162162162162
S Thakur,75,108,3,13,27,8.64,0.36,0.04
S Thanikaithasan,221,219,6,25,108,5.945701357466063,0.48868778280542985,0.027149321266968326
S Thapa,211,190,16,21,107,5.402843601895735,0.5071090047393365,0.07582938388625593
S Thuraisingam,191,162,6,21,115,5.0890052356020945,0.6020942408376964,0.031413612565445025
S Tino,177,125,10,8,91,4.237288135593221,0.5141242937853108,0.05649717514124294
S Tippoch,1564,959,75,76,894,3.679028132992327,0.571611253196931,0.0479539641943734
S Tobgay,229,271,2,34,109,7.100436681222708,0.4759825327510917,0.008733624454148471
S Toffoletto,2,2,0,0,1,6.0,0.5,0.0
S Tosic,146,260,8,37,45,10.684931506849315,0.3082191780821918,0.0547945205479452
S Tuhadeleni,665,571,47,59,334,5.151879699248121,0.5022556390977444,0.07067669172932331
S Turner,743,710,19,66,384,5.733512786002692,0.5168236877523553,0.02557200538358008
S Tyagi,182,167,4,25,108,5.5054945054945055,0.5934065934065934,0.02197802197802198
S Udugalage,12,12,1,0,1,6.0,0.08333333333333333,0.08333333333333333
S Vaia,121,97,3,8,67,4.8099173553719,0.5537190082644629,0.024793388429752067
S Vashisht,475,491,28,62,242,6.202105263157894,0.5094736842105263,0.05894736842105263
S Vasilakis,64,76,3,10,29,7.125,0.453125,0.046875
S Vats,111,173,3,21,41,9.35135135135135,0.36936936936936937,0.02702702702702703
S Vaz,102,110,9,12,42,6.470588235294118,0.4117647058823529,0.08823529411764706
S Veerapathiran,716,955,44,115,250,8.002793296089386,0.34916201117318435,0.061452513966480445
S Venkataraman,388,245,30,13,219,3.788659793814433,0.5644329896907216,0.07731958762886598
S Vesawkar,367,284,12,22,188,4.643051771117166,0.5122615803814714,0.0326975476839237
S Vig,24,18,0,2,13,4.5,0.5416666666666666,0.0
S Vijay Unni,1371,1389,72,143,569,6.078774617067833,0.4150255288110868,0.0525164113785558
S Vijayakumar,729,624,34,73,380,5.135802469135802,0.5212620027434842,0.04663923182441701
S Vithayathil,18,8,2,1,11,2.6666666666666665,0.6111111111111112,0.1111111111111111
S Walaza,471,406,20,43,250,5.171974522292993,0.5307855626326964,0.04246284501061571
S Wankhade,31,55,0,5,16,10.64516129032258,0.5161290322580645,0.0
S Waqas Ahmed,260,224,19,19,121,5.169230769230769,0.4653846153846154,0.07307692307692308
S Waskar,12,15,0,3,6,7.5,0.5,0.0
S Weerakoon,61,49,1,0,19,4.8196721311475414,0.3114754098360656,0.01639344262295082
S Weleilakeba,20,33,0,4,6,9.9,0.3,0.0
S Wetoto,318,256,25,16,127,4.830188679245283,0.39937106918238996,0.07861635220125786
S Wickramasekara,367,434,22,47,144,7.0953678474114446,0.3923705722070845,0.05994550408719346
S Willemse,25,30,1,5,18,7.199999999999999,0.72,0.04
S Willett,31,46,0,6,14,8.903225806451612,0.45161290322580644,0.0
S Williams,347,395,12,40,144,6.829971181556195,0.414985590778098,0.0345821325648415
S Yamada,42,21,1,2,30,3.0,0.7142857142857143,0.023809523809523808
S Yenamandra,76,76,2,4,43,6.0,0.5657894736842105,0.02631578947368421
S Yeshi,737,683,37,65,334,5.560379918588874,0.4531886024423338,0.050203527815468114
S Yildirim,42,23,5,1,23,3.2857142857142856,0.5476190476190477,0.11904761904761904
S di Bartolomeo,155,142,14,18,69,5.496774193548387,0.44516129032258067,0.09032258064516129
S van Zyl,133,119,1,11,58,5.368421052631579,0.43609022556390975,0.007518796992481203
SA Abbott,2538,2630,99,318,1253,6.217494089834515,0.4936958234830575,0.03900709219858156
SA Ahmad,2036,1671,92,159,1044,4.924361493123772,0.5127701375245579,0.04518664047151277
SA Akenji,152,141,10,10,82,5.565789473684211,0.5394736842105263,0.06578947368421052
SA Britton,226,173,7,20,138,4.592920353982302,0.6106194690265486,0.030973451327433628
SA Campbelle,518,435,18,28,254,5.038610038610039,0.49034749034749037,0.03474903474903475
SA Chipolina,13,19,2,2,2,8.76923076923077,0.15384615384615385,0.15384615384615385
SA Dias,7,14,0,2,3,12.0,0.42857142857142855,0.0
SA Drepaul,219,170,3,9,112,4.657534246575342,0.5114155251141552,0.0136986301369863
SA Engelbrecht,61,88,5,11,13,8.655737704918034,0.21311475409836064,0.08196721311475409
SA Fernando,200,126,3,10,132,3.78,0.66,0.015
SA Fritz,125,38,5,1,98,1.824,0.784,0.04
SA Jumbe,1039,1320,63,166,406,7.622714148219442,0.39076034648700675,0.06063522617901829
SA Millanta,153,164,3,23,79,6.431372549019608,0.5163398692810458,0.0196078431372549
SA Mohamed,149,109,1,7,88,4.3892617449664435,0.5906040268456376,0.006711409395973154
SA Mohandas,554,685,28,85,255,7.418772563176896,0.4602888086642599,0.05054151624548736
SA Okpe,1330,1252,76,113,553,5.64812030075188,0.41578947368421054,0.05714285714285714
SA Panayan,387,433,18,49,154,6.713178294573644,0.3979328165374677,0.046511627906976744
SA Patterson,1862,1617,58,156,914,5.210526315789474,0.4908700322234157,0.031149301825993556
SA Piolet,355,287,7,16,159,4.850704225352112,0.447887323943662,0.01971830985915493
SA Pradhan,37,56,1,8,18,9.08108108108108,0.4864864864864865,0.02702702702702703
SA Sathiya,220,167,10,10,104,4.554545454545455,0.4727272727272727,0.045454545454545456
SA Wittmann,950,755,45,72,556,4.768421052631578,0.5852631578947368,0.04736842105263158
SA Yadav,18,22,2,2,6,7.333333333333333,0.3333333333333333,0.1111111111111111
SA Zaib,991,853,25,76,449,5.164480322906155,0.4530776992936428,0.025227043390514632
SA van Breda,18,23,0,4,8,7.666666666666667,0.4444444444444444,0.0
SACA King,521,446,12,48,291,5.136276391554703,0.5585412667946257,0.023032629558541268
SAN Anjum,33,25,0,5,26,4.545454545454546,0.7878787878787878,0.0
SAN Maypriani,452,265,24,20,282,3.517699115044248,0.6238938053097345,0.05309734513274336
SB Bangar,68,60,0,3,31,5.294117647058823,0.45588235294117646,0.0
SB Chamundaiah,57,54,2,3,22,5.684210526315789,0.38596491228070173,0.03508771929824561
SB Martinez,81,48,5,2,58,3.5555555555555554,0.7160493827160493,0.06172839506172839
SB Odedra,79,80,2,10,37,6.075949367088608,0.46835443037974683,0.02531645569620253
SB Styris,3713,2999,98,269,1853,4.846215997845408,0.4990573660113116,0.02639375168327498
SB Wood,126,126,2,14,61,6.0,0.48412698412698413,0.015873015873015872
SC Ganguly,1051,895,23,76,511,5.1094196003805905,0.4862036156041865,0.021883920076117985
SC Getkate,1232,1183,49,135,588,5.761363636363636,0.4772727272727273,0.03977272727272727
SC Kerrigan,704,648,18,49,292,5.522727272727273,0.4147727272727273,0.02556818181818182
SC Kuggeleijn,422,541,21,72,179,7.691943127962086,0.42417061611374407,0.04976303317535545
SC Kumari,107,63,8,8,72,3.532710280373832,0.6728971962616822,0.07476635514018691
SC Meaker,1313,1413,39,177,644,6.456968773800456,0.49047981721249045,0.0297029702970297
SC Mucyo,20,31,0,4,6,9.299999999999999,0.3,0.0
SC Samarasinghe,61,34,2,3,41,3.3442622950819674,0.6721311475409836,0.03278688524590164
SC Selman,2692,2117,81,216,1472,4.718424962852898,0.5468053491827637,0.030089153046062408
SC Williams,5358,4836,125,402,2379,5.41545352743561,0.44400895856662936,0.023329600597237776
SC van Schalkwyk,929,1077,47,126,380,6.955866523143165,0.40904198062432723,0.05059203444564048
SCJ Broad,7859,7398,274,897,4103,5.64804682529584,0.5220766000763456,0.034864486575900244
SD Bahadur,116,145,1,19,49,7.500000000000001,0.4224137931034483,0.008620689655172414
SD Outerbridge,6,11,1,1,0,11.0,0.0,0.16666666666666666
SD Parry,1777,1549,53,128,779,5.230163196398424,0.43837929093978617,0.029825548677546426
SD Ranawaka,114,114,5,8,50,6.0,0.43859649122807015,0.043859649122807015
SD Robson,327,359,10,38,117,6.587155963302752,0.3577981651376147,0.03058103975535168
SD Udal,42,29,1,1,18,4.142857142857143,0.42857142857142855,0.023809523809523808
SD Valjalo,93,134,6,19,39,8.64516129032258,0.41935483870967744,0.06451612903225806
SDJJ Dima,118,185,5,18,34,9.406779661016948,0.288135593220339,0.0423728813559322
SE Aley,89,68,2,6,55,4.584269662921348,0.6179775280898876,0.02247191011235955
SE Bond,3901,2928,140,345,2414,4.503460651115099,0.6188156882850551,0.035888233786208666
SE Rutherford,154,225,6,26,53,8.766233766233766,0.34415584415584416,0.03896103896103896
SEA Ruck,542,407,19,56,341,4.5055350553505535,0.6291512915129152,0.03505535055350553
SF Burger,1596,1238,46,101,840,4.654135338345864,0.5263157894736842,0.02882205513784461
SF Daley,954,835,41,93,476,5.251572327044025,0.4989517819706499,0.0429769392033543
SF Hunt,617,603,14,79,331,5.863857374392221,0.5364667747163695,0.022690437601296597
SF Jerome,573,395,32,29,295,4.136125654450262,0.5148342059336823,0.055846422338568937
SF Mire,483,538,12,62,210,6.683229813664596,0.43478260869565216,0.024844720496894408
SF Nhavotso,33,42,1,3,11,7.636363636363637,0.3333333333333333,0.030303030303030304
SF Tiai,487,588,30,57,156,7.2443531827515395,0.3203285420944558,0.061601642710472276
SFM Devine,4273,3907,154,465,2235,5.486075356892114,0.5230517201029722,0.03604025274982448
SFS Cheema,208,268,18,27,86,7.730769230769232,0.41346153846153844,0.08653846153846154
SG Borthwick,2195,2279,46,226,862,6.229612756264237,0.3927107061503417,0.020956719817767654
SG Budinger,40,53,0,6,12,7.949999999999999,0.3,0.0
SG Diaby,74,71,2,6,46,5.756756756756756,0.6216216216216216,0.02702702702702703
SG Satghare,148,112,4,15,98,4.54054054054054,0.6621621621621622,0.02702702702702703
SG Whittingham,354,306,13,37,202,5.186440677966102,0.5706214689265536,0.03672316384180791
SH Ahmad,18,17,4,2,9,5.666666666666667,0.5,0.2222222222222222
SH Choudhry,149,115,1,8,73,4.630872483221477,0.4899328859060403,0.006711409395973154
SH Johnson,725,752,25,96,388,6.2234482758620695,0.5351724137931034,0.034482758620689655
SH Lawlor,37,46,2,4,14,7.459459459459459,0.3783783783783784,0.05405405405405406
SH Lewis,62,67,4,8,25,6.483870967741935,0.4032258064516129,0.06451612903225806
SH Obed,744,553,30,45,388,4.459677419354839,0.521505376344086,0.04032258064516129
SH Stuart-Reckling,49,53,1,9,26,6.4897959183673475,0.5306122448979592,0.02040816326530612
SHA Rance,274,358,14,43,101,7.839416058394161,0.3686131386861314,0.051094890510948905
SHB Morgan,185,172,7,19,88,5.578378378378378,0.4756756756756757,0.03783783783783784
SHT Kandamby,177,175,2,13,68,5.932203389830509,0.384180790960452,0.011299435028248588
SI Bara,149,41,11,0,118,1.651006711409396,0.7919463087248322,0.0738255033557047
SI Kamea,1356,1280,49,143,758,5.663716814159292,0.5589970501474927,0.036135693215339236
SI Mahmood,1331,1300,41,157,734,5.860255447032307,0.5514650638617581,0.030803906836964687
SIP Fernando,1411,1138,59,116,726,4.839121190644933,0.5145287030474841,0.041814316087880936
SIR Dunkley,176,122,7,12,97,4.159090909090909,0.5511363636363636,0.03977272727272727
SJ Ally,265,148,7,8,186,3.3509433962264152,0.7018867924528301,0.026415094339622643
SJ Andrews,64,58,1,10,41,5.4375,0.640625,0.015625
SJ Baard,158,147,3,12,68,5.582278481012659,0.43037974683544306,0.0189873417721519
SJ Benn,2791,2497,57,221,1302,5.367968470082408,0.46649946255822283,0.02042278753135077
SJ Bruce,179,166,5,21,114,5.5642458100558665,0.6368715083798883,0.027932960893854747
SJ Cameron,114,123,3,14,52,6.473684210526316,0.45614035087719296,0.02631578947368421
SJ Cook,588,482,12,48,324,4.918367346938775,0.5510204081632653,0.02040816326530612
SJ Coyte,1091,873,47,89,551,4.801099908340971,0.5050412465627865,0.04307974335472044
SJ Croft,1032,967,19,77,411,5.622093023255814,0.39825581395348836,0.018410852713178296
SJ Harbinson,163,137,3,19,105,5.042944785276074,0.6441717791411042,0.018404907975460124
SJ Harmison,2489,2082,67,242,1505,5.018883085576537,0.6046605062274005,0.02691844114102049
SJ Hughes-Pinan,167,111,8,10,98,3.9880239520958085,0.5868263473053892,0.04790419161676647
SJ MacBeth,510,486,25,53,243,5.7176470588235295,0.4764705882352941,0.049019607843137254
SJ Magoffin,91,77,1,10,55,5.0769230769230775,0.6043956043956044,0.01098901098901099
SJ Massiah,322,280,9,23,167,5.217391304347826,0.5186335403726708,0.027950310559006212
SJ Modani,18,8,1,0,10,2.6666666666666665,0.5555555555555556,0.05555555555555555
SJ Mullaney,1862,1737,39,172,812,5.597207303974222,0.43609022556390975,0.020945220193340493
SJ Myburgh,28,33,0,3,8,7.071428571428571,0.2857142857142857,0.0
SJ Patel,94,110,6,10,34,7.021276595744681,0.3617021276595745,0.06382978723404255
SJ Reingold,166,163,5,17,64,5.8915662650602405,0.3855421686746988,0.030120481927710843
SJ Thakor,1157,1024,49,102,542,5.31028522039758,0.46845289541918755,0.04235090751944685
SJ Tsukigawa,48,20,2,2,32,2.5,0.6666666666666666,0.041666666666666664
SJC McAlindon,343,340,8,39,176,5.947521865889213,0.5131195335276968,0.023323615160349854
SK Atai,141,146,3,13,52,6.212765957446808,0.36879432624113473,0.02127659574468085
SK Awiah,332,336,25,28,136,6.072289156626506,0.40963855421686746,0.07530120481927711
SK Burke,25,13,0,2,19,3.1199999999999997,0.76,0.0
SK Dolawatte,151,117,7,8,65,4.6490066225165565,0.4304635761589404,0.046357615894039736
SK Gedara,51,68,3,9,22,8.0,0.43137254901960786,0.058823529411764705
SK Lahiri,56,64,8,8,23,6.857142857142857,0.4107142857142857,0.14285714285714285
SK Naidu,69,65,2,5,28,5.6521739130434785,0.4057971014492754,0.028985507246376812
SK Raina,2509,2282,56,182,1050,5.457154244719011,0.4184934236747708,0.022319649262654444
SK Rana,7,5,0,0,4,4.285714285714286,0.5714285714285714,0.0
SK Ravuri,166,142,10,13,78,5.132530120481928,0.46987951807228917,0.060240963855421686
SK Reddy,95,61,5,4,60,3.8526315789473684,0.631578947368421,0.05263157894736842
SK Shetty,7,3,1,0,4,2.571428571428571,0.5714285714285714,0.14285714285714285
SK Sonpethkar,29,33,1,2,12,6.8275862068965525,0.41379310344827586,0.034482758620689655
SK Springer,183,226,8,28,74,7.409836065573771,0.40437158469945356,0.04371584699453552
SK Warne,125,88,3,6,70,4.224,0.56,0.024
SK Yadav,84,54,1,10,61,3.857142857142857,0.7261904761904762,0.011904761904761904
SKC Randunu,206,115,1,8,134,3.349514563106796,0.6504854368932039,0.0048543689320388345
SKDT Madusanka,111,172,8,23,37,9.297297297297296,0.3333333333333333,0.07207207207207207
SKG Krishnan,37,21,4,1,16,3.4054054054054053,0.43243243243243246,0.10810810810810811
SKPD Ayu,12,3,2,0,7,1.5,0.5833333333333334,0.16666666666666666
SKR Mallidi,20,35,1,6,9,10.5,0.45,0.05
SKS Gill,223,280,9,25,78,7.533632286995516,0.34977578475336324,0.04035874439461883
SKW Kelly,96,86,2,8,55,5.375,0.5729166666666666,0.020833333333333332
SKW Wood,78,83,1,9,29,6.384615384615385,0.3717948717948718,0.01282051282051282
SL Clephane,17,30,0,3,7,10.588235294117647,0.4117647058823529,0.0
SL Elstone,24,26,0,4,10,6.5,0.4166666666666667,0.0
SL Gomez,79,90,1,5,36,6.8354430379746836,0.45569620253164556,0.012658227848101266
SL Kalis,186,151,7,6,88,4.870967741935484,0.4731182795698925,0.03763440860215054
SL Kerber,163,214,1,25,50,7.877300613496932,0.3067484662576687,0.006134969325153374
SL Malinga,12714,11822,467,1267,6539,5.579046720151014,0.5143149284253579,0.03673116249803366
SL Munroe,334,281,7,29,192,5.047904191616767,0.5748502994011976,0.020958083832335328
SL Pujare,122,46,6,3,87,2.2622950819672134,0.7131147540983607,0.04918032786885246
SL Quintyne,697,577,33,48,301,4.967001434720229,0.43185078909612623,0.047345767575322814
SL Rainbird,360,371,9,43,167,6.183333333333334,0.4638888888888889,0.025
SM Ariyasinghage,8,16,0,2,2,12.0,0.25,0.0
SM Benade,207,120,8,12,148,3.4782608695652173,0.714975845410628,0.03864734299516908
SM Boland,1477,1375,33,161,786,5.585646580907245,0.5321597833446174,0.02234258632362898
SM Bunting,95,64,1,9,67,4.042105263157895,0.7052631578947368,0.010526315789473684
SM Curran,4527,4943,159,570,2029,6.551358515573227,0.44819969074442234,0.03512259774685222
SM Dhakal,37,44,1,4,14,7.135135135135135,0.3783783783783784,0.02702702702702703
SM Dhanusri,91,70,3,7,54,4.615384615384616,0.5934065934065934,0.03296703296703297
SM Elliott,1012,1015,35,136,522,6.017786561264822,0.5158102766798419,0.03458498023715415
SM Ervine,1069,984,30,87,503,5.522918615528532,0.470533208606174,0.02806361085126286
SM Harwood,137,174,6,21,48,7.62043795620438,0.35036496350364965,0.043795620437956206
SM Kavanagh,135,144,4,17,65,6.4,0.48148148148148145,0.02962962962962963
SM Mayers,236,193,11,19,121,4.906779661016949,0.5127118644067796,0.046610169491525424
SM Nash,324,408,19,52,136,7.555555555555555,0.41975308641975306,0.05864197530864197
SM Pollock,5290,3192,135,317,3473,3.6204158790170133,0.6565217391304348,0.02551984877126654
SM Sharif,5660,5354,231,609,2858,5.6756183745583035,0.504946996466431,0.04081272084805654
SM Sharma,461,479,14,57,223,6.234273318872018,0.4837310195227766,0.03036876355748373
SM Solia,112,112,10,13,57,6.0,0.5089285714285714,0.08928571428571429
SM Tupou,127,135,10,10,48,6.377952755905511,0.3779527559055118,0.07874015748031496
SM Warnakulasuriya,150,188,10,23,78,7.52,0.52,0.06666666666666667
SMA Priyanjan,475,365,9,29,242,4.610526315789474,0.5094736842105263,0.018947368421052633
SMD Silva,48,42,0,4,25,5.25,0.5208333333333334,0.0
SMHH Aung,7,17,1,3,1,14.571428571428571,0.14285714285714285,0.14285714285714285
SMK Waththage,311,360,16,38,147,6.945337620578778,0.47266881028938906,0.05144694533762058
SMKS Senarathne,318,211,15,18,182,3.981132075471698,0.5723270440251572,0.04716981132075472
SMLD Samarakoon,291,255,6,29,172,5.257731958762887,0.5910652920962199,0.020618556701030927
SMR Ruelas,36,22,1,0,26,3.6666666666666665,0.7222222222222222,0.027777777777777776
SMSM Senanayake,2877,2454,87,222,1407,5.117831074035454,0.48905109489051096,0.03023983315954119
SN Gunasinghe,186,141,13,11,89,4.548387096774194,0.478494623655914,0.06989247311827956
SN Luff,39,43,1,4,16,6.615384615384615,0.41025641025641024,0.02564102564102564
SN Netravalkar,4705,3598,166,385,2685,4.588310308182784,0.5706695005313497,0.03528161530286929
SN Pradhan,24,30,3,4,7,7.5,0.2916666666666667,0.125
SN Shihepo,805,646,50,65,463,4.814906832298137,0.5751552795031056,0.062111801242236024
SN Swamy,91,111,9,14,29,7.318681318681319,0.31868131868131866,0.0989010989010989
SN Thakur,2499,2766,103,362,1182,6.641056422569028,0.4729891956782713,0.041216486594637856
SNJ O'Keefe,116,151,6,17,36,7.810344827586207,0.3103448275862069,0.05172413793103448
SO Akolade,152,118,6,12,94,4.657894736842105,0.618421052631579,0.039473684210526314
SO Ngoche,4297,3617,187,364,2187,5.050500349080754,0.508959739353037,0.043518734000465444
SO Tikolo,1222,1085,40,96,590,5.327332242225859,0.4828150572831424,0.03273322422258593
SP Crook,750,746,18,79,334,5.968,0.44533333333333336,0.024
SP Gauchan,1940,1182,64,103,1177,3.655670103092784,0.606701030927835,0.032989690721649485
SP Jones,222,177,5,25,140,4.783783783783784,0.6306306306306306,0.02252252252252252
SP Krishnamurthi,130,100,6,6,56,4.615384615384615,0.4307692307692308,0.046153846153846156
SP Narine,4610,3502,150,307,2489,4.557917570498915,0.5399132321041215,0.03253796095444685
SP Sharma,75,55,6,4,42,4.4,0.56,0.08
SP de Alwis,110,93,1,11,61,5.072727272727273,0.5545454545454546,0.00909090909090909
SP van der Merwe,100,100,2,14,49,6.0,0.49,0.02
SPD Smith,1388,1380,47,118,525,5.965417867435158,0.37824207492795386,0.03386167146974063
SPS Shikongo,74,78,4,8,29,6.324324324324324,0.3918918918918919,0.05405405405405406
SPY Baron,11,11,0,0,5,6.0,0.45454545454545453,0.0
SR Bhudia,399,339,14,28,201,5.097744360902255,0.5037593984962406,0.03508771929824561
SR Clark,1979,1657,65,172,1077,5.023749368367863,0.5442142496210207,0.032844871147043965
SR Dickson,12,20,0,3,2,10.0,0.16666666666666666,0.0
SR Gurung,67,82,4,9,35,7.343283582089553,0.5223880597014925,0.05970149253731343
SR Harmer,2166,1741,59,154,1066,4.822714681440443,0.492151431209603,0.02723915050784857
SR Magar,1144,867,68,61,543,4.5472027972027975,0.47465034965034963,0.05944055944055944
SR McAnanama-Brereton,184,190,11,15,103,6.195652173913043,0.5597826086956522,0.059782608695652176
SR Patel,4143,3996,97,359,1659,5.787110789283128,0.4004344677769732,0.023412985759111753
SR Patil,570,584,30,71,252,6.147368421052631,0.4421052631578947,0.05263157894736842
SR Rocket,192,246,9,29,68,7.6875,0.3541666666666667,0.046875
SR Santhanam,6,23,0,4,0,23.0,0.0,0.0
SR Taylor,5515,4360,177,386,2830,4.743427017225748,0.5131459655485041,0.032094288304623755
SR Tendulkar,1560,1433,33,118,682,5.5115384615384615,0.4371794871794872,0.021153846153846155
SR Thadani,271,251,12,30,141,5.55719557195572,0.5202952029520295,0.04428044280442804
SR Thompson,1381,1403,52,160,701,6.095582910934106,0.5076031860970311,0.03765387400434468
SR Watson,6653,6010,217,620,3267,5.420111228017436,0.4910566661656396,0.032616864572373366
SRM Arachichige,32,20,5,2,17,3.75,0.53125,0.15625
SRMJJ Arachchilage,81,93,0,8,45,6.888888888888889,0.5555555555555556,0.0
SRT Silva,72,45,3,4,39,3.75,0.5416666666666666,0.041666666666666664
SS Connell,3277,2957,97,364,1783,5.414098260604211,0.5440952090326518,0.029600244125724748
SS Cottrell,2573,2813,106,341,1261,6.5596579867858535,0.49008938981733385,0.04119704624951419
SS Dhindsa,622,578,25,72,338,5.57556270096463,0.5434083601286174,0.04019292604501608
SS Grimmond,449,419,18,37,196,5.599109131403118,0.4365256124721604,0.0400890868596882
SS Iyer,41,41,0,4,21,6.0,0.5121951219512195,0.0
SS Kang,630,532,30,42,279,5.066666666666666,0.44285714285714284,0.047619047619047616
SS Pathirana,874,843,21,77,365,5.787185354691076,0.41762013729977115,0.02402745995423341
SS Shukla,114,97,8,8,43,5.105263157894737,0.37719298245614036,0.07017543859649122
SS Upadhyay,54,59,0,5,17,6.555555555555555,0.3148148148148148,0.0
SS Weerakkody,1551,1175,45,134,912,4.545454545454546,0.5880077369439072,0.029013539651837523
SSB Magala,495,614,22,74,208,7.442424242424242,0.4202020202020202,0.044444444444444446
SSD Arachchige,499,306,21,21,286,3.6793587174348694,0.5731462925851704,0.04208416833667335
SSJ Dewhurst,46,42,0,4,19,5.478260869565217,0.41304347826086957,0.0
SSL Vithanage,20,11,0,1,14,3.3,0.7,0.0
SSM Stanislaus,19,30,1,3,6,9.473684210526317,0.3157894736842105,0.05263157894736842
ST Eyyunni,90,80,3,6,35,5.333333333333333,0.3888888888888889,0.03333333333333333
ST Finn,5007,4416,163,552,2796,5.291791491911324,0.5584182144997004,0.03255442380667066
ST Frohnmayer,283,259,9,14,149,5.491166077738516,0.5265017667844523,0.03180212014134275
ST Gabriel,1149,1177,33,140,570,6.14621409921671,0.4960835509138381,0.028720626631853787
ST Jayasuriya,4418,3676,125,228,1934,4.992304210049796,0.43775464010864645,0.028293345405160705
ST Mendis,164,168,4,19,82,6.146341463414634,0.5,0.024390243902439025
ST Yalimaiwai,62,62,4,7,25,6.0,0.4032258064516129,0.06451612903225806
ST de Silva,6,10,0,2,2,10.0,0.3333333333333333,0.0
STR Binny,534,495,23,58,266,5.561797752808989,0.49812734082397003,0.04307116104868914
STRA de Silva,85,128,2,16,29,9.035294117647059,0.3411764705882353,0.023529411764705882
SU Falo,76,68,2,8,39,5.368421052631579,0.5131578947368421,0.02631578947368421
SU Ishak,276,232,13,20,155,5.043478260869565,0.5615942028985508,0.04710144927536232
SV Bahutule,19,24,0,2,6,7.578947368421053,0.3157894736842105,0.0
SV Lazars,156,122,6,8,74,4.6923076923076925,0.47435897435897434,0.038461538461538464
SV Wiig,32,45,2,6,10,8.4375,0.3125,0.0625
SVE Bharathi,713,598,46,47,340,5.032258064516129,0.47685834502103785,0.06451612903225806
SW Bates,2205,1999,63,200,1042,5.439455782312925,0.472562358276644,0.02857142857142857
SW Currie,1212,1135,49,126,637,5.618811881188119,0.5255775577557755,0.040429042904290426
SW Kinyua,31,21,4,0,14,4.064516129032258,0.45161290322580644,0.12903225806451613
SW Masakadza,778,960,29,122,336,7.403598971722365,0.4318766066838046,0.037275064267352186
SW Tait,2368,2162,96,232,1386,5.47804054054054,0.5853040540540541,0.04054054054054054
SY Win,269,194,22,10,125,4.327137546468402,0.4646840148698885,0.08178438661710037
SYD Chan,121,97,4,6,71,4.8099173553719,0.5867768595041323,0.03305785123966942
SZ Thakor,511,475,11,61,281,5.577299412915851,0.5499021526418787,0.021526418786692758
SZ Vayani,624,711,33,81,265,6.836538461538462,0.42467948717948717,0.052884615384615384
Saad Bin Zafar,4210,3253,166,300,2234,4.636104513064133,0.5306413301662708,0.039429928741092635
Saad Janjua,468,372,22,39,269,4.769230769230769,0.5747863247863247,0.04700854700854701
Saad Khalid,155,109,6,13,101,4.219354838709678,0.6516129032258065,0.03870967741935484
Saad Masood,51,58,0,4,19,6.823529411764706,0.37254901960784315,0.0
Saad Nasim,43,58,0,8,14,8.093023255813954,0.32558139534883723,0.0
Sabah Nawab,26,24,1,2,11,5.538461538461539,0.4230769230769231,0.038461538461538464
Sabahat Rasheed,91,68,1,6,48,4.483516483516484,0.5274725274725275,0.01098901098901099
Sabbir Rahman,358,415,9,48,116,6.955307262569833,0.3240223463687151,0.025139664804469275
Saber Zakhil,308,377,16,44,121,7.344155844155844,0.39285714285714285,0.05194805194805195
Sabikun Nahar Jesmin,50,45,3,5,23,5.3999999999999995,0.46,0.06
Sabir Ali,161,167,6,24,93,6.22360248447205,0.577639751552795,0.037267080745341616
Sabir Zahoor,50,50,3,7,23,6.0,0.46,0.06
Sabnam Rai,293,241,13,32,170,4.935153583617748,0.5802047781569966,0.04436860068259386
Sabreen Zaki,35,44,0,5,18,7.542857142857144,0.5142857142857142,0.0
Sachin Ganpat Shinde,13,24,0,4,6,11.076923076923078,0.46153846153846156,0.0
Sachin Kumar,258,295,16,32,100,6.8604651162790695,0.3875968992248062,0.06201550387596899
Sadaf Shamas,7,11,0,2,3,9.428571428571429,0.42857142857142855,0.0
Sadamali Bhakshala,367,400,8,35,175,6.539509536784742,0.4768392370572207,0.021798365122615803
Sadat Said,19,17,2,1,5,5.368421052631579,0.2631578947368421,0.10526315789473684
Sadia Iqbal,3110,2415,127,255,1671,4.659163987138263,0.537299035369775,0.04083601286173633
Sadia Yousuf,2021,1663,80,143,969,4.937159821870361,0.47946561108362196,0.03958436417615042
Saee Parkhi,58,65,0,9,30,6.724137931034483,0.5172413793103449,0.0
Saeed Ahmed,63,100,4,13,15,9.523809523809524,0.23809523809523808,0.06349206349206349
Saeed Ajmal,7721,6056,283,528,3981,4.706126149462505,0.5156067866856625,0.03665328325346458
Saeed Anwar,24,15,1,1,12,3.75,0.5,0.041666666666666664
Saeed Waqar Ali,153,260,6,35,59,10.196078431372548,0.38562091503267976,0.0392156862745098
Safir Hayat,76,70,0,8,50,5.526315789473684,0.6578947368421053,0.0
Sagar Pun,1046,771,35,61,543,4.422562141491396,0.5191204588910134,0.033460803059273424
Saghir Khan,134,179,10,17,34,8.014925373134329,0.2537313432835821,0.07462686567164178
Sahel Zadran,755,894,42,106,322,7.104635761589404,0.42649006622516555,0.05562913907284768
Sahil Chauhan,78,86,6,6,26,6.615384615384615,0.3333333333333333,0.07692307692307693
Sahir Naqash,496,597,41,61,189,7.221774193548387,0.3810483870967742,0.08266129032258064
Sai Hla Htwe,59,61,3,5,27,6.203389830508474,0.4576271186440678,0.05084745762711865
Saif Hassan,131,120,3,8,61,5.4961832061068705,0.46564885496183206,0.022900763358778626
Saim Ayub,947,977,40,105,398,6.190073917634635,0.42027455121436114,0.042238648363252376
Sajad Ahmadzai,212,250,10,30,93,7.075471698113207,0.4386792452830189,0.04716981132075472
Sajedul Islam,7,15,0,2,1,12.857142857142856,0.14285714285714285,0.0
Sajid Khan,53,78,1,7,16,8.830188679245282,0.3018867924528302,0.018867924528301886
Sajid Khan Afridi,45,79,1,10,14,10.533333333333333,0.3111111111111111,0.022222222222222223
Sajid Liaqat,522,616,30,78,238,7.080459770114943,0.4559386973180077,0.05747126436781609
Sajid Manzil,117,112,7,10,57,5.743589743589744,0.48717948717948717,0.05982905982905983
Sajid Patel,1,1,0,0,1,6.0,1.0,0.0
Sajid Safi,6,15,0,3,1,15.0,0.16666666666666666,0.0
Sajjida Shah,178,88,8,8,117,2.9662921348314604,0.6573033707865169,0.0449438202247191
Salma Khatun,2685,1945,111,179,1492,4.346368715083799,0.5556797020484171,0.041340782122905026
Salman Butt,72,90,0,8,27,7.5,0.375,0.0
Salman Faris,30,22,1,3,16,4.4,0.5333333333333333,0.03333333333333333
Salman Mirza,362,379,24,50,174,6.281767955801104,0.48066298342541436,0.06629834254143646
Salman Nazar,296,232,21,26,169,4.702702702702703,0.5709459459459459,0.07094594594594594
Salman Patel,47,78,2,8,15,9.957446808510639,0.3191489361702128,0.0425531914893617
Salvin Stanly,74,103,2,10,27,8.35135135135135,0.36486486486486486,0.02702702702702703
Samader Shadab,55,86,3,11,23,9.381818181818183,0.41818181818181815,0.05454545454545454
Samantha Singham,58,60,1,4,32,6.206896551724138,0.5517241379310345,0.017241379310344827
Samarth Shetty,30,36,3,2,6,7.2,0.2,0.1
Sameer Minhas,62,39,0,3,37,3.7741935483870965,0.5967741935483871,0.0
Sameera Khan,395,369,19,37,192,5.605063291139241,0.4860759493670886,0.04810126582278481
Sami Faridi,37,27,0,3,23,4.378378378378378,0.6216216216216216,0.0
Sami Sohail,748,833,48,88,290,6.681818181818182,0.3877005347593583,0.06417112299465241
Sami Ullah,160,194,12,18,74,7.2749999999999995,0.4625,0.075
Samiullah Khan,123,115,0,14,64,5.609756097560975,0.5203252032520326,0.0
Samiullah Rahmani,200,229,17,26,64,6.869999999999999,0.32,0.085
Sammu Ashan,645,475,13,33,326,4.4186046511627906,0.5054263565891473,0.020155038759689922
San Nyo Htwe,7,5,0,1,6,4.285714285714286,0.8571428571428571,0.0
Sana Mir,3920,3113,138,292,2019,4.764795918367347,0.5150510204081633,0.03520408163265306
Sana Ullah,55,69,2,8,23,7.527272727272727,0.41818181818181815,0.03636363636363636
Sandeep Goud,390,442,11,43,160,6.8,0.41025641025641024,0.028205128205128206
Sandeep Nair,55,70,2,11,28,7.636363636363637,0.509090909090909,0.03636363636363636
Sandeep Sharma,47,75,1,10,19,9.574468085106384,0.40425531914893614,0.02127659574468085
Sangay Yangzom,32,48,0,5,9,9.0,0.28125,0.0
Sangita Rai,278,228,20,17,109,4.920863309352518,0.3920863309352518,0.07194244604316546
Sani E Zehra,49,69,1,5,12,8.448979591836736,0.24489795918367346,0.02040816326530612
Sania Khan,375,348,20,38,180,5.568,0.48,0.05333333333333334
Saniyah Zia,217,163,10,13,134,4.506912442396314,0.6175115207373272,0.04608294930875576
Sanjay Kumar Ahir,80,82,3,9,41,6.1499999999999995,0.5125,0.0375
Sanjida Akter Meghla,534,440,28,44,251,4.943820224719101,0.4700374531835206,0.052434456928838954
Sanjida Islam,8,12,0,2,4,9.0,0.5,0.0
Santiago Duggan,130,102,6,9,71,4.707692307692308,0.5461538461538461,0.046153846153846156
Sanwar Hossain,196,157,5,14,95,4.806122448979592,0.4846938775510204,0.025510204081632654
Sapan Mehta,6,9,0,1,3,9.0,0.5,0.0
Saqib Ali,111,89,4,4,48,4.8108108108108105,0.43243243243243246,0.036036036036036036
Saqib Anwar,77,89,4,13,37,6.9350649350649345,0.4805194805194805,0.05194805194805195
Saqib Naveed,38,85,0,9,10,13.421052631578949,0.2631578947368421,0.0
Saqib Zulfiqar,362,387,12,40,150,6.414364640883978,0.4143646408839779,0.03314917127071823
Saqlain Arshad,187,200,10,20,71,6.4171122994652405,0.37967914438502676,0.053475935828877004
Saqlain Mushtaq,166,132,4,12,93,4.771084337349397,0.5602409638554217,0.024096385542168676
Saqlain Sajib,22,40,0,6,6,10.90909090909091,0.2727272727272727,0.0
Sara,24,39,0,5,10,9.75,0.4166666666666667,0.0
Sara Vivek,66,69,1,5,43,6.2727272727272725,0.6515151515151515,0.015151515151515152
Saran Aslam,44,48,2,6,22,6.545454545454546,0.5,0.045454545454545456
Saran Maliwan,25,27,1,3,13,6.4799999999999995,0.52,0.04
Saranya Kotha,108,59,9,3,80,3.2777777777777777,0.7407407407407407,0.08333333333333333
Sarawut Maliwan,644,700,38,63,224,6.521739130434783,0.34782608695652173,0.059006211180124224
Sareer Shah,134,197,4,26,52,8.82089552238806,0.3880597014925373,0.029850746268656716
Sarfaraj Mulla,6,11,0,1,1,11.0,0.16666666666666666,0.0
Sarfaraj Patel,158,174,11,23,74,6.607594936708861,0.46835443037974683,0.06962025316455696
Sarfaraz Ali,689,821,38,85,236,7.149492017416546,0.34252539912917274,0.055152394775036286
Sarfraz Ahmed,12,15,0,1,4,7.5,0.3333333333333333,0.0
Sasha Azmi,596,437,33,33,313,4.399328859060403,0.5251677852348994,0.05536912751677853
Saud Islam,6,13,0,2,2,13.0,0.3333333333333333,0.0
Saud Munir,757,727,33,63,329,5.76221928665786,0.4346103038309115,0.043593130779392336
Saud Shakeel,47,37,1,1,17,4.723404255319149,0.3617021276595745,0.02127659574468085
Saurabh Kumar,42,82,1,12,6,11.714285714285714,0.14285714285714285,0.023809523809523808
Sayed Monib,938,1175,64,144,398,7.515991471215352,0.42430703624733473,0.06823027718550106
Sazib Bhuiyan,477,649,42,70,132,8.163522012578616,0.27672955974842767,0.0880503144654088
Sazzad Hosen,12,22,0,3,2,11.0,0.16666666666666666,0.0
Sedik Sahak,49,69,2,6,11,8.448979591836736,0.22448979591836735,0.04081632653061224
Sefu Athumani,1,6,0,1,0,36.0,0.0,0.0
Sejal Vinod,53,27,5,1,37,3.0566037735849054,0.6981132075471698,0.09433962264150944
Senal de Silva,229,245,10,35,112,6.419213973799127,0.4890829694323144,0.043668122270742356
Senash Fernando,19,13,0,1,11,4.105263157894737,0.5789473684210527,0.0
Senitha Halambage,247,183,8,19,137,4.445344129554656,0.5546558704453441,0.032388663967611336
Serdar Burak Emir,60,123,1,19,17,12.3,0.2833333333333333,0.016666666666666666
Seri Chang,117,92,2,3,72,4.717948717948718,0.6153846153846154,0.017094017094017096
Seungmin Song,142,89,6,3,98,3.76056338028169,0.6901408450704225,0.04225352112676056
Shabbir Ahmed,801,586,18,56,523,4.389513108614232,0.6529338327091136,0.02247191011235955
Shadab Khan,5531,5709,215,555,2166,6.193093473151329,0.3916109202675827,0.03887181341529561
Shadnan Khan,67,77,4,7,31,6.895522388059702,0.4626865671641791,0.05970149253731343
Shafali Verma,368,339,19,27,141,5.527173913043478,0.38315217391304346,0.051630434782608696
Shafat Ali Syed,96,113,6,12,44,7.0625,0.4583333333333333,0.0625
Shafia Hassan,72,67,3,6,40,5.583333333333333,0.5555555555555556,0.041666666666666664
Shafina Mahesh,649,619,29,63,349,5.722650231124807,0.5377503852080123,0.04468412942989214
Shafiq Jan,36,58,2,9,11,9.666666666666666,0.3055555555555556,0.05555555555555555
Shafiul Islam,2955,3048,95,396,1522,6.188832487309645,0.5150592216582064,0.032148900169204735
Shafiullah Zakhel,78,122,4,17,30,9.384615384615385,0.38461538461538464,0.05128205128205128
Shagharai Sefat,103,115,9,13,35,6.699029126213592,0.33980582524271846,0.08737864077669903
Shah Abrar Hussain,453,564,22,60,153,7.470198675496689,0.33774834437086093,0.04856512141280353
Shah Faisal,353,422,16,58,177,7.172804532577904,0.5014164305949008,0.0453257790368272
Shahab Alam,121,194,5,24,39,9.6198347107438,0.32231404958677684,0.04132231404958678
Shahadat Hossain,1692,1779,30,221,926,6.308510638297872,0.5472813238770685,0.01773049645390071
Shahbaz Ahmed,169,142,4,14,78,5.041420118343195,0.46153846153846156,0.023668639053254437
Shahbaz Rasheed,106,100,5,14,58,5.660377358490566,0.5471698113207547,0.04716981132075472
Shaheen Shah Afridi,5749,6245,272,820,2830,6.517655244390329,0.4922595233953731,0.047312576100191336
Shaheryar Butt,20,30,0,4,9,9.0,0.45,0.0
Shahid Afridi,12765,10738,371,847,5863,5.0472385428907165,0.45930278104191147,0.029063846455150803
Shahid Ahmadzai,321,213,6,19,198,3.9813084112149535,0.616822429906542,0.018691588785046728
Shahid Arshad,6,17,0,3,1,17.0,0.16666666666666666,0.0
Shahid Mahmood,263,381,11,50,106,8.692015209125476,0.40304182509505704,0.04182509505703422
Shahil Momin,441,423,16,36,195,5.755102040816326,0.4421768707482993,0.036281179138321996
Shahnawaz Dhani,321,399,9,57,150,7.457943925233645,0.4672897196261682,0.028037383177570093
Shahreeennawab,318,358,14,40,129,6.754716981132075,0.4056603773584906,0.0440251572327044
Shahrukh Quddus,254,350,13,43,109,8.26771653543307,0.42913385826771655,0.051181102362204724
Shahrulnizam Yusof,897,672,33,63,483,4.494983277591973,0.5384615384615384,0.03678929765886288
Shahzad Mahmood,46,49,1,5,21,6.391304347826087,0.45652173913043476,0.021739130434782608
Shahzad Umran,32,25,2,3,23,4.6875,0.71875,0.0625
Shahzaib,97,78,6,8,56,4.824742268041237,0.5773195876288659,0.061855670103092786
Shahzeb Choudhry,45,34,2,2,26,4.533333333333333,0.5777777777777777,0.044444444444444446
Shahzeb Mohammed,55,68,1,6,23,7.418181818181819,0.41818181818181815,0.01818181818181818
Shaik Basha,95,154,9,17,26,9.726315789473684,0.2736842105263158,0.09473684210526316
Shaila Sharmin,234,188,8,10,113,4.82051282051282,0.4829059829059829,0.03418803418803419
Shaiman Anwar,158,169,5,22,71,6.417721518987342,0.44936708860759494,0.03164556962025317
Shakeel Ahmed,1888,1554,88,168,1011,4.938559322033898,0.5354872881355932,0.046610169491525424
Shakeel Zeb,164,184,9,21,68,6.731707317073171,0.4146341463414634,0.054878048780487805
Shakerullah Safi,18,26,0,3,7,8.666666666666666,0.3888888888888889,0.0
Shakib Al Hasan,13195,11091,419,971,6376,5.043273967411899,0.4832133383857522,0.031754452444107614
Shamim Hossain,181,179,5,15,65,5.933701657458563,0.35911602209944754,0.027624309392265192
Shamma Ali,108,144,5,16,44,8.0,0.4074074074074074,0.046296296296296294
Shamsullah Ehsan,46,67,3,8,15,8.739130434782608,0.32608695652173914,0.06521739130434782
Shamsur Rahman,6,13,0,2,1,13.0,0.16666666666666666,0.0
Shan Siddiqui,28,32,0,3,13,6.857142857142857,0.4642857142857143,0.0
Shantanu Kaveri,193,171,11,15,88,5.316062176165803,0.45595854922279794,0.05699481865284974
Shanzeen Shahzad,6,6,1,1,3,6.0,0.5,0.16666666666666666
Sharif Asadullah,19,21,2,3,7,6.631578947368421,0.3684210526315789,0.10526315789473684
Shariq Munir,126,190,5,29,46,9.047619047619047,0.36507936507936506,0.03968253968253968
Shariz Ahmad,766,823,27,91,310,6.446475195822454,0.4046997389033943,0.03524804177545692
Shashikant Laxman,309,279,21,25,149,5.41747572815534,0.48220064724919093,0.06796116504854369
Shathira Jakir,19,22,0,4,10,6.947368421052632,0.5263157894736842,0.0
Shayan Khan,13,21,1,2,3,9.692307692307693,0.23076923076923078,0.07692307692307693
Shehraz Khalid,56,36,0,2,38,3.8571428571428568,0.6785714285714286,0.0
Sheikh Rasik,203,205,9,18,85,6.05911330049261,0.4187192118226601,0.04433497536945813
Shenjian Zheng,7,32,0,5,1,27.428571428571427,0.14285714285714285,0.0
Sher Sahak,223,247,18,25,96,6.645739910313901,0.4304932735426009,0.08071748878923767
Sheraz Sheikh,337,375,21,41,132,6.676557863501484,0.3916913946587537,0.06231454005934718
Sheraz Sirwari,101,127,4,18,42,7.544554455445545,0.4158415841584158,0.039603960396039604
Shiraz Khan,1246,1275,58,122,530,6.139646869983949,0.42536115569823435,0.04654895666131621
Shivam Mavi,90,124,7,17,31,8.266666666666667,0.34444444444444444,0.07777777777777778
Shivam Sharma,459,404,25,37,217,5.281045751633987,0.47276688453159044,0.054466230936819175
Shivani Sati,13,14,1,0,4,6.461538461538462,0.3076923076923077,0.07692307692307693
Shoaib Akhtar,3918,3382,123,390,2305,5.179173047473201,0.5883103624298112,0.03139356814701378
Shoaib Ali,184,190,22,20,81,6.195652173913043,0.44021739130434784,0.11956521739130435
Shoaib Bashir,322,346,4,35,121,6.447204968944099,0.37577639751552794,0.012422360248447204
Shoaib Khan,147,135,2,14,68,5.510204081632653,0.46258503401360546,0.013605442176870748
Shoaib Malik,6284,5171,159,379,3028,4.937301082113304,0.4818586887332909,0.025302355187778486
Shoaib Qureshi,87,89,4,8,35,6.137931034482759,0.40229885057471265,0.04597701149425287
Shoaib Rafiq,361,274,24,33,211,4.554016620498615,0.5844875346260388,0.0664819944598338
Shoaib Sarwar,118,58,6,4,80,2.949152542372881,0.6779661016949152,0.05084745762711865
Shohely Akhter,133,113,8,7,50,5.097744360902255,0.37593984962406013,0.06015037593984962
Shohidul Islam,25,34,1,3,9,8.16,0.36,0.04
Shorifa Khatun,166,214,3,29,67,7.734939759036144,0.4036144578313253,0.018072289156626505
Shoriful Islam,2542,2846,109,380,1213,6.717545239968528,0.47718332022029897,0.04287962234461054
Shorna Akter,797,778,37,84,322,5.856963613550815,0.40401505646173147,0.04642409033877039
Shruti Yadav,110,127,4,14,44,6.927272727272728,0.4,0.03636363636363636
Shubham Ranjane,202,172,7,12,103,5.108910891089109,0.5099009900990099,0.034653465346534656
Shubman Gill,18,25,0,3,4,8.333333333333334,0.2222222222222222,0.0
Shujaat Rasool,18,15,1,2,9,5.0,0.5,0.05555555555555555
Shukhtara Rahman,24,18,1,0,11,4.5,0.4583333333333333,0.041666666666666664
Shunan Ali,169,189,10,21,67,6.710059171597633,0.39644970414201186,0.05917159763313609
Shuvagata Hom,84,94,3,9,30,6.714285714285714,0.35714285714285715,0.03571428571428571
Sibtain Raza,71,83,8,8,27,7.014084507042253,0.38028169014084506,0.11267605633802817
Sidhant Singh,380,382,12,36,180,6.031578947368421,0.47368421052631576,0.031578947368421054
Sikandar Raza,6264,5758,187,487,2700,5.515325670498084,0.43103448275862066,0.029853128991060025
Sikander Zulfiqar,42,56,2,7,12,8.0,0.2857142857142857,0.047619047619047616
Sikder Billah,104,139,8,15,29,8.01923076923077,0.27884615384615385,0.07692307692307693
Simi Singh,3140,2614,109,245,1560,4.994904458598726,0.4968152866242038,0.03471337579617834
Simrah Mirza,58,85,1,7,22,8.793103448275863,0.3793103448275862,0.017241379310344827
Sinan Khan,47,69,3,11,19,8.808510638297873,0.40425531914893614,0.06382978723404255
Siow Tzin Yee,113,74,11,5,58,3.929203539823009,0.5132743362831859,0.09734513274336283
Sirajullah Khadim,552,545,40,52,237,5.923913043478261,0.42934782608695654,0.07246376811594203
Sithum Vihanga,97,87,3,8,47,5.381443298969072,0.4845360824742268,0.030927835051546393
Skhawat Ali,49,71,0,7,12,8.693877551020408,0.24489795918367346,0.0
Smriti Anand,19,21,0,2,7,6.631578947368421,0.3684210526315789,0.0
Smruthi Radhakrishnan,148,167,5,20,66,6.77027027027027,0.44594594594594594,0.033783783783783786
Sneha Shankar,4,7,0,1,1,10.5,0.25,0.0
Snigdha Paul,83,91,2,10,39,6.578313253012048,0.46987951807228917,0.024096385542168676
Sobu George,6,19,0,4,1,19.0,0.16666666666666666,0.0
Sofia Mardones,50,77,2,8,22,9.24,0.44,0.04
Sohag Gazi,1154,1039,28,110,589,5.40207972270364,0.5103986135181976,0.024263431542461005
Sohaib Maqsood,62,54,1,4,29,5.225806451612903,0.46774193548387094,0.016129032258064516
Sohail Ahmad,73,140,3,19,26,11.506849315068493,0.3561643835616438,0.0410958904109589
Sohail Ahmed,286,258,11,26,139,5.4125874125874125,0.486013986013986,0.038461538461538464
Sohail Akhtar,70,79,0,9,39,6.771428571428571,0.5571428571428572,0.0
Sohail Khan,779,733,24,88,425,5.645699614890885,0.5455712451861361,0.03080872913992298
Sohail Tanvir,4327,4075,134,447,2329,5.650566212156229,0.5382482089207303,0.03096833834065172
Sohel Patel,94,89,6,6,42,5.680851063829787,0.44680851063829785,0.06382978723404255
Sok Srey Maov,139,122,5,10,89,5.266187050359712,0.6402877697841727,0.03597122302158273
Sompal Kami,6179,5776,251,718,3382,5.60867454280628,0.5473377569185952,0.04062145978313643
Sonali Patel,427,390,18,41,239,5.480093676814988,0.5597189695550351,0.04215456674473068
Sonam,553,488,25,45,324,5.2947558770343575,0.5858951175406871,0.045207956600361664
Song Yang Yang,6,17,0,2,0,17.0,0.0,0.0
Song Yangyang,20,29,0,4,8,8.7,0.4,0.0
Song Yulin,45,46,1,8,30,6.133333333333334,0.6666666666666666,0.022222222222222223
Soniya Dabir,99,67,6,7,57,4.0606060606060606,0.5757575757575758,0.06060606060606061
Sophia Smale,2075,1681,35,184,1118,4.860722891566265,0.5387951807228916,0.016867469879518072
Soumya Sarkar,830,961,32,102,289,6.946987951807229,0.3481927710843373,0.03855421686746988
Soung Seav,9,13,1,1,3,8.666666666666666,0.3333333333333333,0.1111111111111111
Soyeb Pendi,209,207,16,20,101,5.9425837320574155,0.48325358851674644,0.07655502392344497
Steven Ryan Taylor,21,23,0,2,6,6.571428571428571,0.2857142857142857,0.0
Suabika Manivannan,156,179,5,29,83,6.884615384615385,0.532051282051282,0.03205128205128205
Subashis Roy,61,49,1,7,38,4.8196721311475414,0.6229508196721312,0.01639344262295082
Sufiyan Muqeem,529,500,33,52,234,5.671077504725898,0.44234404536862004,0.062381852551984876
Sufyan Mehmood,804,818,35,85,359,6.104477611940299,0.4465174129353234,0.043532338308457715
Suhail Sattar,92,128,4,13,31,8.347826086956522,0.33695652173913043,0.043478260869565216
Suharril Fetri,1016,714,31,69,612,4.216535433070866,0.6023622047244095,0.03051181102362205
Suhrawadi Shuvo,779,586,17,47,410,4.513478818998716,0.5263157894736842,0.021822849807445442
Sukhjinder Singh,78,71,3,6,35,5.461538461538462,0.44871794871794873,0.038461538461538464
Sukhkaran Sahi,34,54,1,6,6,9.529411764705882,0.17647058823529413,0.029411764705882353
Sukhwinder Singh,73,67,1,8,38,5.506849315068494,0.5205479452054794,0.0136986301369863
Sulaiman Ali,124,185,6,24,47,8.951612903225806,0.3790322580645161,0.04838709677419355
Sulaimon Runsewe,61,60,3,5,27,5.901639344262295,0.4426229508196721,0.04918032786885246
Suleman,35,20,0,2,26,3.428571428571429,0.7428571428571429,0.0
Sultan Ahmed,505,461,21,45,248,5.477227722772277,0.4910891089108911,0.041584158415841586
Sultana Khatun,1094,894,33,99,583,4.903107861060329,0.5329067641681902,0.03016453382084095
Sumaiya Siddiqi,508,351,17,40,303,4.145669291338582,0.5964566929133859,0.03346456692913386
Suman Ghimire,51,72,2,9,16,8.470588235294118,0.3137254901960784,0.0392156862745098
Suman Pradhan,7,26,0,4,2,22.285714285714285,0.2857142857142857,0.0
Sumayya Abdul,73,110,0,8,17,9.04109589041096,0.2328767123287671,0.0
Sumit Singh,12,18,1,3,6,9.0,0.5,0.08333333333333333
Sumon Khan,12,20,0,2,3,10.0,0.25,0.0
Sunzamul Islam,153,79,5,4,90,3.0980392156862746,0.5882352941176471,0.032679738562091505
Supun Kumara,25,30,1,3,9,7.199999999999999,0.36,0.04
Suraiya Azmin,118,94,8,15,75,4.779661016949152,0.635593220338983,0.06779661016949153
Surinder Singh,238,271,18,23,94,6.831932773109244,0.3949579831932773,0.07563025210084033
Surya Anand,1050,914,34,104,589,5.222857142857142,0.560952380952381,0.03238095238095238
Surya Tamang,93,78,1,10,57,5.032258064516129,0.6129032258064516,0.010752688172043012
Suzan Turan,80,59,6,3,40,4.425,0.5,0.075
Sweeta Corda,18,25,1,1,12,8.333333333333334,0.6666666666666666,0.05555555555555555
Syazrul Idrus,609,673,47,82,259,6.630541871921182,0.42528735632183906,0.07717569786535304
Syed Ali Gillani,58,81,3,9,20,8.379310344827587,0.3448275862068966,0.05172413793103448
Syed Amanullah,8,9,1,1,5,6.75,0.625,0.125
Syed Aqeel Israr,163,156,8,11,70,5.742331288343558,0.4294478527607362,0.049079754601226995
Syed Aziz,1848,1994,89,227,882,6.474025974025974,0.4772727272727273,0.04816017316017316
Syed Faizan Tahir,6,8,1,1,2,8.0,0.3333333333333333,0.16666666666666666
Syed Hussain,38,40,3,1,10,6.315789473684211,0.2631578947368421,0.07894736842105263
Syed Jawad Haider,20,30,1,4,8,9.0,0.4,0.05
Syed Maisam Ali,150,145,16,12,59,5.8,0.3933333333333333,0.10666666666666667
Syed Rasel,2273,1841,58,218,1364,4.859656841179059,0.6000879894412671,0.025516937967443906
Syeda Aroob Shah,406,417,13,50,164,6.16256157635468,0.4039408866995074,0.03201970443349754
Sylvia Usabyimana,184,153,9,15,97,4.989130434782608,0.5271739130434783,0.04891304347826087
T Abdulquadri,151,124,9,13,88,4.927152317880794,0.5827814569536424,0.059602649006622516
T Alatasi,169,142,6,16,107,5.041420118343195,0.6331360946745562,0.03550295857988166
T Amarmend,202,282,8,28,71,8.376237623762377,0.35148514851485146,0.039603960396039604
T Araliya,177,180,9,13,82,6.101694915254237,0.4632768361581921,0.05084745762711865
T Ariuntsetseg,191,162,5,6,103,5.0890052356020945,0.5392670157068062,0.02617801047120419
T Ashel,91,82,3,12,52,5.406593406593407,0.5714285714285714,0.03296703296703297
T Basile,18,7,4,0,12,2.3333333333333335,0.6666666666666666,0.2222222222222222
T Bavuma,37,22,0,3,24,3.5675675675675675,0.6486486486486487,0.0
T Bharaj,12,3,0,0,9,1.5,0.75,0.0
T Britton,25,21,2,2,10,5.04,0.4,0.08
T Bukenya,83,119,3,16,33,8.602409638554217,0.39759036144578314,0.03614457831325301
T Byron,35,32,3,4,21,5.485714285714286,0.6,0.08571428571428572
T Calingin,10,15,0,2,6,9.0,0.6,0.0
T Chabila,129,139,2,18,76,6.465116279069767,0.5891472868217055,0.015503875968992248
T Cheki,137,135,9,10,58,5.912408759124088,0.4233576642335766,0.06569343065693431
T Chopel,13,29,0,6,5,13.384615384615385,0.38461538461538464,0.0
T Chopra,94,105,3,14,39,6.702127659574469,0.4148936170212766,0.031914893617021274
T Cross,13,9,0,0,6,4.153846153846154,0.46153846153846156,0.0
T Damindu,59,29,1,1,43,2.949152542372881,0.7288135593220338,0.01694915254237288
T Dempsey,28,37,0,5,17,7.928571428571428,0.6071428571428571,0.0
T Dilshan,38,26,0,2,24,4.105263157894737,0.631578947368421,0.0
T Dissanayake,169,128,3,8,112,4.544378698224852,0.6627218934911243,0.01775147928994083
T Dlamini,234,221,4,11,140,5.666666666666667,0.5982905982905983,0.017094017094017096
T Elikana,59,73,1,8,23,7.423728813559322,0.3898305084745763,0.01694915254237288
T Filer,26,26,4,2,7,6.0,0.2692307692307692,0.15384615384615385
T Gibbons,64,66,0,8,34,6.1875,0.53125,0.0
T Granger,733,538,26,49,442,4.403819918144611,0.6030013642564802,0.03547066848567531
T Graves,704,543,23,47,382,4.627840909090909,0.5426136363636364,0.032670454545454544
T Gwandu,498,622,23,86,218,7.493975903614458,0.43775100401606426,0.04618473895582329
T Hagihara,148,82,6,7,110,3.324324324324324,0.7432432432432432,0.04054054054054054
T Hanum,37,31,4,3,14,5.027027027027027,0.3783783783783784,0.10810810810810811
T Henderson,24,31,0,5,12,7.75,0.5,0.0
T Hewa,25,24,0,3,20,5.76,0.8,0.0
T Hinds,31,58,1,8,12,11.225806451612902,0.3870967741935484,0.03225806451612903
T Iosefo,255,208,20,17,125,4.894117647058824,0.49019607843137253,0.0784313725490196
T Jamtsho,563,625,28,74,307,6.660746003552398,0.5452930728241563,0.0497335701598579
T Johnson,56,65,1,9,23,6.9642857142857135,0.4107142857142857,0.017857142857142856
T Kahamker,90,95,12,10,31,6.333333333333333,0.34444444444444444,0.13333333333333333
T Kalosin,14,16,0,1,4,6.857142857142857,0.2857142857142857,0.0
T Kamungozi,592,517,12,52,274,5.239864864864865,0.46283783783783783,0.02027027027027027
T Katunga,7,11,0,2,4,9.428571428571429,0.5714285714285714,0.0
T Kazanci,52,69,0,5,16,7.961538461538462,0.3076923076923077,0.0
T Khabo,92,113,1,15,59,7.369565217391304,0.6413043478260869,0.010869565217391304
T Kirk,12,11,0,2,9,5.5,0.75,0.0
T Kobeli,85,112,2,13,33,7.905882352941177,0.38823529411764707,0.023529411764705882
T Koen,188,188,9,22,81,6.0,0.4308510638297872,0.047872340425531915
T Kolcunova,336,284,5,16,212,5.071428571428571,0.6309523809523809,0.01488095238095238
T Koloi,76,91,2,7,38,7.184210526315789,0.5,0.02631578947368421
T Lafai,218,196,7,21,112,5.394495412844036,0.5137614678899083,0.03211009174311927
T Legaabile,257,209,12,12,148,4.879377431906614,0.5758754863813229,0.04669260700389105
T Lhaden,51,43,2,4,26,5.0588235294117645,0.5098039215686274,0.0392156862745098
T Luka,49,38,5,4,29,4.653061224489797,0.5918367346938775,0.10204081632653061
T Lungameni,2613,2305,95,259,1417,5.29276693455798,0.5422885572139303,0.03635667814772292
T Makaya,55,54,2,6,22,5.8909090909090915,0.4,0.03636363636363636
T Makusha,543,460,10,51,328,5.082872928176796,0.6040515653775322,0.01841620626151013
T Malinga,290,259,6,18,173,5.358620689655172,0.596551724137931,0.020689655172413793
T Manders,70,83,2,12,35,7.114285714285715,0.5,0.02857142857142857
T Marshall,24,37,1,5,7,9.25,0.2916666666666667,0.041666666666666664
T Martin,62,73,2,6,33,7.064516129032258,0.532258064516129,0.03225806451612903
T Maruma,217,204,6,21,104,5.6405529953917055,0.4792626728110599,0.027649769585253458
T Marumani,6,8,0,1,3,8.0,0.5,0.0
T Mathew,361,271,18,24,194,4.50415512465374,0.5373961218836565,0.04986149584487535
T Mayes,807,743,20,89,449,5.5241635687732344,0.5563816604708798,0.024783147459727387
T McKeegan,168,219,3,31,90,7.821428571428571,0.5357142857142857,0.017857142857142856
T Mishra,6,8,1,1,3,8.0,0.5,0.16666666666666666
T Mlilo,48,44,0,2,22,5.5,0.4583333333333333,0.0
T Mohapi,46,57,4,4,8,7.434782608695652,0.17391304347826086,0.08695652173913043
T Motlhabaphuti,20,22,1,1,8,6.6,0.4,0.05
T Mpandakwaya,27,35,1,4,11,7.777777777777778,0.4074074074074074,0.037037037037037035
T Mpatane,60,78,3,8,24,7.8,0.4,0.05
T Mufudza,103,75,1,4,52,4.368932038834951,0.5048543689320388,0.009708737864077669
T Mulepati,130,75,10,1,76,3.4615384615384612,0.5846153846153846,0.07692307692307693
T Munyonga,87,74,3,5,38,5.103448275862069,0.4367816091954023,0.034482758620689655
T Mupariwa,1450,1270,40,130,777,5.255172413793104,0.5358620689655172,0.027586206896551724
T Murphy,1581,1265,34,100,736,4.8007590132827325,0.465528146742568,0.021505376344086023
T Musekiwa,113,105,8,8,46,5.575221238938053,0.40707964601769914,0.07079646017699115
T Muzarabani,392,413,13,59,201,6.321428571428572,0.5127551020408163,0.03316326530612245
T Natarajan,230,267,13,30,92,6.965217391304347,0.4,0.05652173913043478
T Nightingale,274,269,9,28,132,5.89051094890511,0.48175182481751827,0.032846715328467155
T Nyirongo,137,87,2,7,97,3.81021897810219,0.708029197080292,0.014598540145985401
T Omaidurai,37,28,1,4,23,4.54054054054054,0.6216216216216216,0.02702702702702703
T Oyella,76,39,6,2,43,3.0789473684210527,0.5657894736842105,0.07894736842105263
T Panyangara,2966,2834,80,354,1629,5.732973701955496,0.5492245448415374,0.026972353337828724
T Parima,16,28,0,4,7,10.5,0.4375,0.0
T Perera,340,461,22,55,139,8.135294117647058,0.4088235294117647,0.06470588235294118
T Piakura,6,9,0,1,4,9.0,0.6666666666666666,0.0
T Pullman,21,26,1,3,9,7.428571428571429,0.42857142857142855,0.047619047619047616
T Putthawong,2712,1801,184,182,1562,3.984513274336283,0.5759587020648967,0.06784660766961652
T Rajiv,6,16,0,2,0,16.0,0.0,0.0
T Ramabitsa,231,211,11,15,123,5.48051948051948,0.5324675324675324,0.047619047619047616
T Ritawa,98,134,9,17,33,8.204081632653061,0.336734693877551,0.09183673469387756
T Rossi,384,431,21,56,198,6.734375,0.515625,0.0546875
T Ruma,71,66,3,11,45,5.577464788732394,0.6338028169014085,0.04225352112676056
T Salcedo,92,45,11,2,67,2.934782608695652,0.7282608695652174,0.11956521739130435
T Sandaruwan,93,132,7,17,31,8.516129032258064,0.3333333333333333,0.07526881720430108
T Sangha,1149,1125,44,116,491,5.87467362924282,0.42732811140121846,0.038294168842471714
T Sarada,49,41,1,2,26,5.020408163265307,0.5306122448979592,0.02040816326530612
T Sen,82,80,2,7,51,5.853658536585366,0.6219512195121951,0.024390243902439025
T Shabani,69,32,3,2,46,2.782608695652174,0.6666666666666666,0.043478260869565216
T Shadrack,1079,727,60,69,692,4.042632066728452,0.6413345690454124,0.05560704355885079
T Shamsi,4335,4419,165,440,1828,6.116262975778547,0.42168396770472893,0.03806228373702422
T Shanmugam,38,38,1,4,22,6.0,0.5789473684210527,0.02631578947368421
T Singye,106,144,7,14,38,8.150943396226415,0.3584905660377358,0.0660377358490566
T Skordili,13,7,2,1,8,3.230769230769231,0.6153846153846154,0.15384615384615385
T Smith,19,21,1,1,6,6.631578947368421,0.3157894736842105,0.05263157894736842
T Straker,245,234,9,31,126,5.730612244897959,0.5142857142857142,0.036734693877551024
T Stubbs,25,56,0,8,5,13.44,0.2,0.0
T Taibu,49,62,0,7,17,7.591836734693878,0.3469387755102041,0.0
T Takada,246,187,7,18,150,4.560975609756097,0.6097560975609756,0.028455284552845527
T Tavo,117,159,7,25,44,8.153846153846153,0.37606837606837606,0.05982905982905983
T Taylor,666,710,34,83,333,6.396396396396397,0.5,0.05105105105105105
T Thorpe,230,180,7,18,141,4.695652173913043,0.6130434782608696,0.030434782608695653
T Thushara,1738,1540,56,172,957,5.3164556962025316,0.5506329113924051,0.03222094361334868
T Trajkovic,174,128,17,9,106,4.413793103448276,0.6091954022988506,0.09770114942528736
T Tshose,864,912,45,99,404,6.333333333333333,0.4675925925925926,0.052083333333333336
T Tumursukh,117,180,4,18,32,9.23076923076923,0.27350427350427353,0.03418803418803419
T Turan,5,4,0,0,2,4.8,0.4,0.0
T Ulutuna,6,7,0,1,3,7.0,0.5,0.0
T Vanuarua,126,118,5,12,82,5.619047619047619,0.6507936507936508,0.03968253968253968
T Verwey,25,35,0,4,9,8.399999999999999,0.36,0.0
T Vithushan,568,394,14,34,309,4.161971830985915,0.5440140845070423,0.02464788732394366
T Wang Ling,28,43,0,5,12,9.214285714285714,0.42857142857142855,0.0
T Wangchuk,793,954,40,120,343,7.218158890290038,0.43253467843631777,0.05044136191677175
T Wanninayake,44,41,2,5,24,5.590909090909091,0.5454545454545454,0.045454545454545456
T Westley,1729,1443,44,114,769,5.007518796992481,0.44476576055523426,0.025448235974551765
T Whitney,174,170,4,19,88,5.862068965517241,0.5057471264367817,0.022988505747126436
T Yangchen,56,62,3,9,29,6.642857142857142,0.5178571428571429,0.05357142857142857
T Yotharat,65,59,4,6,29,5.4461538461538455,0.4461538461538462,0.06153846153846154
T Zangmo,664,530,32,39,311,4.789156626506024,0.4683734939759036,0.04819277108433735
T Zotos,30,30,2,2,16,6.0,0.5333333333333333,0.06666666666666667
T van der Gugten,3808,3487,140,404,2001,5.494222689075631,0.5254726890756303,0.03676470588235294
TA Boult,7624,6976,297,873,4179,5.4900314795383,0.5481374606505771,0.03895592864637985
TA Dudnath,95,88,5,6,49,5.557894736842105,0.5157894736842106,0.05263157894736842
TA Lammonby,356,291,16,24,163,4.904494382022472,0.45786516853932585,0.0449438202247191
TA Lavia,201,130,10,1,97,3.8805970149253732,0.48258706467661694,0.04975124378109453
TA Wood,134,127,3,11,53,5.686567164179105,0.39552238805970147,0.022388059701492536
TAI Taylor,1923,1823,48,224,989,5.68798751950078,0.5143005720228809,0.0249609984399376
TAM Siriwardana,779,759,19,78,345,5.845956354300385,0.4428754813863928,0.024390243902439025
TAN Suranga,24,18,1,1,13,4.5,0.5416666666666666,0.041666666666666664
TAR Scriven,1504,1426,47,157,703,5.6888297872340425,0.46742021276595747,0.03125
TAW Patterson,13,31,0,4,1,14.307692307692308,0.07692307692307693,0.0
TB Abell,31,21,2,1,15,4.064516129032258,0.4838709677419355,0.06451612903225806
TB Robinson,6,18,0,3,1,18.0,0.16666666666666666,0.0
TB Sole,589,447,15,35,313,4.5534804753820035,0.5314091680814941,0.025466893039049237
TBM de Leede,484,413,18,49,268,5.119834710743802,0.5537190082644629,0.0371900826446281
TC Ali,648,630,26,59,267,5.833333333333333,0.41203703703703703,0.040123456790123455
TC Bastiampillai,6,12,0,2,1,12.0,0.16666666666666666,0.0
TC Lace,12,20,2,3,5,10.0,0.4166666666666667,0.16666666666666666
TC Mataora,59,71,1,7,24,7.220338983050847,0.4067796610169492,0.01694915254237288
TC Smith,239,226,9,19,107,5.673640167364017,0.4476987447698745,0.03765690376569038
TC Vine,118,168,5,20,39,8.542372881355933,0.3305084745762712,0.0423728813559322
TCB Fernando,220,182,1,23,136,4.963636363636364,0.6181818181818182,0.004545454545454545
TCW Veillard,73,80,6,8,27,6.575342465753425,0.3698630136986301,0.0821917808219178
TD Andrews,822,722,21,68,382,5.2700729927007295,0.46472019464720193,0.025547445255474453
TD Astle,352,366,17,39,152,6.238636363636364,0.4318181818181818,0.048295454545454544
TD Chaoana,423,480,16,50,199,6.808510638297872,0.47044917257683216,0.037825059101654845
TD Groenewald,1816,1752,53,199,896,5.788546255506607,0.4933920704845815,0.02918502202643172
TD Smartt,1042,776,38,86,624,4.468330134357006,0.5988483685220729,0.036468330134357005
TDA Henry,26,34,1,6,12,7.846153846153847,0.46153846153846156,0.038461538461538464
TE Bailey,2200,1918,56,216,1220,5.2309090909090905,0.5545454545454546,0.025454545454545455
TE Barber,137,138,3,14,67,6.043795620437956,0.48905109489051096,0.021897810218978103
TE Kane,1321,1041,44,129,802,4.728236184708554,0.607115821347464,0.033308099924299776
TE Lawes,400,417,8,53,223,6.255,0.5575,0.02
TE Linley,144,174,7,23,60,7.25,0.4166666666666667,0.04861111111111111
TE Minty,122,90,6,12,73,4.426229508196721,0.5983606557377049,0.04918032786885246
TE Tucker,18,21,0,2,8,7.0,0.4444444444444444,0.0
TF Brookes,62,43,3,4,34,4.161290322580645,0.5483870967741935,0.04838709677419355
TF van Woerkom,395,387,16,40,187,5.878481012658228,0.47341772151898737,0.04050632911392405
TG Gordon,16,13,0,1,11,4.875,0.6875,0.0
TG Helm,1432,1410,45,187,723,5.907821229050279,0.5048882681564246,0.031424581005586594
TG Norris,2886,2237,92,243,1711,4.650727650727651,0.5928620928620929,0.03187803187803188
TG Southee,10796,11106,405,1417,5376,6.172286031863654,0.4979622082252686,0.037513894034827716
TG Sturgess,158,138,5,16,89,5.2405063291139244,0.5632911392405063,0.03164556962025317
TG Thamae,73,97,5,11,27,7.972602739726028,0.3698630136986301,0.0684931506849315
TGJ Gruijters,91,96,3,13,44,6.32967032967033,0.4835164835164835,0.03296703296703297
TGR Clark,230,211,3,23,121,5.504347826086956,0.5260869565217391,0.013043478260869565
TH Aspinwall,520,515,15,65,259,5.942307692307692,0.4980769230769231,0.028846153846153848
TH David,400,431,17,48,167,6.465,0.4175,0.0425
TH Semau,235,173,15,8,132,4.417021276595745,0.5617021276595745,0.06382978723404255
TH Tector,7,13,0,1,5,11.142857142857142,0.7142857142857143,0.0
THS Pettman,380,362,10,51,231,5.71578947368421,0.6078947368421053,0.02631578947368421
TI Gajanayake,496,506,22,52,228,6.120967741935483,0.4596774193548387,0.04435483870967742
TI Hinley,420,389,13,38,203,5.557142857142857,0.48333333333333334,0.030952380952380953
TJ Draca,314,325,15,43,175,6.210191082802547,0.5573248407643312,0.04777070063694268
TJ Friend,57,69,1,9,25,7.2631578947368425,0.43859649122807015,0.017543859649122806
TJ Haines,122,122,1,11,53,6.0,0.4344262295081967,0.00819672131147541
TJ Heggelman,42,34,2,3,19,4.857142857142857,0.4523809523809524,0.047619047619047616
TJ Mahe,56,77,1,8,26,8.25,0.4642857142857143,0.017857142857142856
TJ Murtagh,2995,2469,89,298,1708,4.946243739565943,0.5702838063439065,0.02971619365609349
TJ O'Donnell,37,28,0,4,26,4.54054054054054,0.7027027027027027,0.0
TJ Phillips,359,299,4,23,170,4.997214484679666,0.4735376044568245,0.011142061281337047
TJ Prest,402,346,12,26,174,5.164179104477612,0.43283582089552236,0.029850746268656716
TJ Price,723,660,19,82,397,5.477178423236515,0.5491009681881052,0.02627939142461964
TJ Ramphoma,4,0,1,0,3,0.0,0.75,0.25
TJ Ravenscroft,254,155,8,12,167,3.6614173228346454,0.65748031496063,0.031496062992125984
TJ Stephenson,25,32,2,3,8,7.68,0.32,0.08
TJ Vlaeminck,691,584,25,68,432,5.070911722141823,0.6251808972503617,0.0361794500723589
TJ Wells,669,727,17,88,285,6.520179372197309,0.4260089686098655,0.025411061285500747
TJG Pringle,623,688,21,70,234,6.626003210272874,0.3756019261637239,0.033707865168539325
TK Canning,84,64,2,9,51,4.571428571428571,0.6071428571428571,0.023809523809523808
TK Curran,3644,3795,123,426,1635,6.248627881448956,0.4486827661909989,0.033754116355653126
TK Lal,174,173,10,13,70,5.9655172413793105,0.40229885057471265,0.05747126436781609
TK Patel,1324,960,57,87,747,4.350453172205438,0.5641993957703928,0.04305135951661632
TK Saha,84,98,5,12,32,7.0,0.38095238095238093,0.05952380952380952
TKP Rajapaksha,104,138,4,12,35,7.961538461538462,0.33653846153846156,0.038461538461538464
TL Best,1425,1283,44,136,813,5.402105263157894,0.5705263157894737,0.030877192982456142
TL Chatara,4825,4620,164,550,2544,5.745077720207254,0.5272538860103627,0.03398963730569948
TL Chivanga,235,266,4,36,134,6.791489361702128,0.5702127659574469,0.01702127659574468
TL Cutler,220,291,9,34,84,7.9363636363636365,0.38181818181818183,0.04090909090909091
TL Greatwood,312,315,9,37,154,6.0576923076923075,0.4935897435897436,0.028846153846153848
TLW Cooper,435,435,9,44,189,6.0,0.43448275862068964,0.020689655172413793
TM Dilshan,5604,4726,113,329,2427,5.059957173447537,0.4330835117773019,0.020164168451106353
TM Ealham,63,62,0,7,30,5.904761904761905,0.47619047619047616,0.0
TM Faimalo,53,30,6,0,33,3.3962264150943393,0.6226415094339622,0.11320754716981132
TM Head,1552,1556,36,145,609,6.015463917525773,0.39239690721649484,0.023195876288659795
TM Macalou,110,135,8,15,40,7.363636363636364,0.36363636363636365,0.07272727272727272
TM McGrath,1565,1515,57,153,704,5.808306709265176,0.44984025559105434,0.03642172523961661
TM Odoyo,1787,1297,55,134,1113,4.354784555120314,0.6228315612758814,0.03077783995523223
TMA Leslie,264,231,13,27,160,5.25,0.6060606060606061,0.04924242424242424
TMJ Smith,3056,2592,74,209,1299,5.0890052356020945,0.425065445026178,0.024214659685863876
TMM Newton,412,301,10,25,243,4.383495145631068,0.5898058252427184,0.024271844660194174
TN Guruge,183,137,6,12,103,4.491803278688525,0.5628415300546448,0.03278688524590164
TN Walallawita,493,451,5,41,237,5.488843813387423,0.48073022312373226,0.010141987829614604
TO Carmichael,37,43,0,3,10,6.972972972972973,0.2702702702702703,0.0
TO Giles,62,60,2,7,29,5.806451612903225,0.46774193548387094,0.03225806451612903
TO Norton,62,42,4,3,32,4.064516129032258,0.5161290322580645,0.06451612903225806
TO Thilappan,57,86,1,10,13,9.052631578947368,0.22807017543859648,0.017543859649122806
TOW Chu,39,43,2,2,11,6.615384615384615,0.28205128205128205,0.05128205128205128
TP Allen,740,659,22,78,410,5.3432432432432435,0.5540540540540541,0.02972972972972973
TP Kanwar,208,153,3,14,121,4.413461538461538,0.5817307692307693,0.014423076923076924
TP Milnes,72,99,1,19,34,8.25,0.4722222222222222,0.013888888888888888
TP Ura,6,12,0,2,1,12.0,0.16666666666666666,0.0
TR Bevan,103,115,0,12,40,6.699029126213592,0.3883495145631068,0.0
TR Cornall,130,130,4,14,50,6.0,0.38461538461538464,0.03076923076923077
TR Gripper,49,39,2,3,24,4.775510204081633,0.4897959183673469,0.04081632653061224
TR Sadhu,606,563,20,73,340,5.574257425742574,0.5610561056105611,0.033003300330033
TRR Sharfudheen,61,48,2,1,29,4.721311475409836,0.47540983606557374,0.03278688524590164
TS Braat,89,136,6,18,29,9.168539325842696,0.3258426966292135,0.06741573033707865
TS Chisoro,744,661,21,61,353,5.330645161290323,0.47446236559139787,0.028225806451612902
TS Mills,474,641,21,81,189,8.113924050632912,0.3987341772151899,0.04430379746835443
TS Muyeye,60,33,1,3,40,3.3,0.6666666666666666,0.016666666666666666
TS Nethula,268,250,5,23,131,5.597014925373134,0.48880597014925375,0.018656716417910446
TS Omary,214,160,11,17,110,4.4859813084112155,0.514018691588785,0.0514018691588785
TS Rogers,1046,950,37,111,549,5.449330783938814,0.5248565965583174,0.03537284894837476
TS Roland-Jones,2080,1696,65,198,1178,4.892307692307692,0.5663461538461538,0.03125
TS Sekhukhune,2346,2185,82,254,1213,5.588235294117647,0.5170502983802217,0.03495311167945439
TS Waqavakatoga,138,168,5,18,49,7.304347826086956,0.35507246376811596,0.036231884057971016
TSB Ekanayake,12,11,0,0,4,5.5,0.3333333333333333,0.0
TT Aung,50,55,5,6,23,6.6,0.46,0.1
TT Bresnan,7259,6851,208,805,3749,5.662763466042155,0.5164623226339716,0.028654084584653534
TT Maposa,333,476,15,59,119,8.576576576576576,0.35735735735735735,0.04504504504504504
TT Samaraweera,30,33,1,3,11,6.6,0.36666666666666664,0.03333333333333333
TT Soe,628,416,40,26,330,3.9745222929936306,0.5254777070063694,0.06369426751592357
TU Deshpande,37,55,2,10,16,8.91891891891892,0.43243243243243246,0.05405405405405406
TW Dlamini,12,2,0,0,10,1.0,0.8333333333333334,0.0
TW Hamid,3,1,2,0,0,2.0,0.0,0.6666666666666666
TW Hartley,60,48,0,5,35,4.8,0.5833333333333334,0.0
TW Loten,595,555,17,64,295,5.5966386554621845,0.4957983193277311,0.02857142857142857
TW Samuels,33,52,0,7,15,9.454545454545455,0.45454545454545453,0.0
TZ Chataira,48,57,5,8,23,7.125,0.4791666666666667,0.10416666666666667
Taekwan Park,137,141,9,14,70,6.1751824817518255,0.5109489051094891,0.06569343065693431
Tafseer Ali,94,78,6,6,52,4.9787234042553195,0.5531914893617021,0.06382978723404255
Taful Elkhair,33,45,0,4,21,8.181818181818182,0.6363636363636364,0.0
Taher Muhammad,148,246,4,28,38,9.972972972972972,0.25675675675675674,0.02702702702702703
Tahir Dar,301,120,14,10,215,2.39202657807309,0.7142857142857143,0.046511627906976744
Taijul Islam,901,720,30,71,464,4.794672586015539,0.5149833518312985,0.033296337402885685
Talat Nadeem,18,18,2,2,6,6.0,0.3333333333333333,0.1111111111111111
Talha Jubair,77,73,0,8,53,5.688311688311688,0.6883116883116883,0.0
Talha Khan,13,8,1,0,6,3.6923076923076925,0.46153846153846156,0.07692307692307693
Tamim Iqbal,7,13,0,2,3,11.142857142857142,0.42857142857142855,0.0
Tamoor Sajjad,746,721,21,78,366,5.798927613941019,0.4906166219839142,0.028150134048257374
Tanbir Hayder,60,67,0,8,21,6.7,0.35,0.0
Tandin Wangchuk,53,66,1,6,19,7.471698113207546,0.3584905660377358,0.018867924528301886
Tanveer Ahmed,611,651,15,80,295,6.3927986906710315,0.4828150572831424,0.024549918166939442
Tanveer Iqbal,25,14,1,1,16,3.36,0.64,0.04
Tanvir Ahmed,58,58,3,8,35,6.0,0.603448275862069,0.05172413793103448
Tanvir Islam,452,388,17,45,228,5.150442477876107,0.504424778761062,0.03761061946902655
Tanwir Afzal,1712,1470,52,182,987,5.151869158878505,0.576518691588785,0.030373831775700934
Tanzeel Sheikh,179,120,4,13,121,4.022346368715084,0.6759776536312849,0.0223463687150838
Tanzim Hasan Sakib,1427,1688,65,224,654,7.097407147862649,0.4583041345480028,0.04555010511562719
Tapash Baisya,1170,1112,28,140,668,5.702564102564103,0.5709401709401709,0.023931623931623933
Taranjeet Singh,819,917,51,97,339,6.717948717948718,0.4139194139194139,0.06227106227106227
Taranjit Singh,320,349,21,26,125,6.543749999999999,0.390625,0.065625
Tareq Aziz,53,35,2,4,37,3.962264150943396,0.6981132075471698,0.03773584905660377
Tariq Ali,179,146,5,13,104,4.893854748603352,0.5810055865921788,0.027932960893854747
Tariq Aziz,115,117,11,6,39,6.104347826086956,0.3391304347826087,0.09565217391304348
Tarun Yadav,23,22,2,3,12,5.739130434782608,0.5217391304347826,0.08695652173913043
Tasaduq Hussain,59,66,3,7,27,6.711864406779661,0.4576271186440678,0.05084745762711865
Tashi Dorji,190,203,11,27,85,6.410526315789474,0.4473684210526316,0.05789473684210526
Tashi Phuntsho,266,221,20,24,150,4.984962406015037,0.5639097744360902,0.07518796992481203
Taskin Ahmed,5289,5426,206,686,2653,6.155416903006239,0.5016071090943468,0.03894876158063906
Tasmia Rubab,52,79,1,12,18,9.115384615384617,0.34615384615384615,0.019230769230769232
Tauqeer Hussain,52,56,7,4,15,6.461538461538462,0.28846153846153844,0.1346153846153846
Tehseen Hassan,34,53,0,6,19,9.352941176470587,0.5588235294117647,0.0
Tejwinder Singh,234,222,14,19,116,5.6923076923076925,0.49572649572649574,0.05982905982905983
Tenjin Rabgey,33,26,1,3,20,4.7272727272727275,0.6060606060606061,0.030303030303030304
Tenzin Wangchuk jnr,39,50,0,8,22,7.6923076923076925,0.5641025641025641,0.0
Thae Thae Po,20,20,0,3,12,6.0,0.6,0.0
Tharika Sewwandi,101,75,1,8,69,4.455445544554456,0.6831683168316832,0.009900990099009901
Thilina Silva,85,78,5,6,35,5.5058823529411764,0.4117647058823529,0.058823529411764705
Thomas Balkin,83,56,2,6,57,4.048192771084337,0.6867469879518072,0.024096385542168676
Thuya Aung,369,363,21,34,163,5.902439024390244,0.44173441734417346,0.056910569105691054
Tian Sen Qun,262,325,11,42,125,7.442748091603054,0.4770992366412214,0.04198473282442748
Tilak Varma,148,141,5,14,66,5.716216216216216,0.44594594594594594,0.033783783783783786
Tillakaratne Sampath,587,387,19,33,337,3.9557069846678026,0.5741056218057922,0.03236797274275979
Toqeer Ahmad,126,137,8,15,54,6.523809523809524,0.42857142857142855,0.06349206349206349
Towhid Hridoy,3,7,0,1,0,14.0,0.0,0.0
Tripti Gore,43,63,1,8,23,8.790697674418604,0.5348837209302325,0.023255813953488372
Tshering Choden,127,124,3,9,50,5.858267716535432,0.3937007874015748,0.023622047244094488
Tuba Hassan,868,929,30,110,376,6.421658986175116,0.43317972350230416,0.03456221198156682
Tushar Imran,90,59,2,1,38,3.933333333333333,0.4222222222222222,0.022222222222222223
U Arshad,448,463,11,56,210,6.200892857142857,0.46875,0.024553571428571428
U Aryaman Sunil,1131,1288,44,154,533,6.83289124668435,0.47126436781609193,0.038903625110521665
U Bayarjavkhlan,132,121,5,5,70,5.5,0.5303030303030303,0.03787878787878788
U Bhagwan,225,292,5,45,99,7.786666666666667,0.44,0.022222222222222223
U Bhatti,608,412,16,53,423,4.065789473684211,0.6957236842105263,0.02631578947368421
U Dorji,16,23,0,2,10,8.625,0.625,0.0
U Iftikhar,209,134,10,8,119,3.8468899521531097,0.569377990430622,0.04784688995215311
U Lakshan,1,4,0,1,0,24.0,0.0,0.0
U Peace,450,320,22,29,253,4.266666666666667,0.5622222222222222,0.04888888888888889
U Ramji,68,93,5,7,10,8.205882352941176,0.14705882352941177,0.07352941176470588
U Shahid,118,107,6,10,61,5.440677966101695,0.5169491525423728,0.05084745762711865
U Shantu,276,275,22,37,150,5.978260869565218,0.5434782608695652,0.07971014492753623
U Sofi,25,52,0,7,5,12.479999999999999,0.2,0.0
U Thimashini,4,7,0,1,0,10.5,0.0,0.0
UA Morais,60,60,0,7,32,6.0,0.5333333333333333,0.0
UDU Chandana,1255,1022,38,81,620,4.88605577689243,0.4940239043824701,0.030278884462151396
UKPW Kumaranayaka,62,72,1,8,26,6.967741935483871,0.41935483870967744,0.016129032258064516
US Hathinjar,35,45,3,5,15,7.714285714285714,0.42857142857142855,0.08571428571428572
UT Yadav,4273,4281,147,560,2236,6.011233325532413,0.5232857477182308,0.03440205944301428
UWMBCA Welegedara,513,505,19,67,272,5.906432748538012,0.530214424951267,0.037037037037037035
Ubaid Minhas,3,5,0,1,1,10.0,0.3333333333333333,0.0
Ugyen Dorji,51,58,1,7,27,6.823529411764706,0.5294117647058824,0.0196078431372549
Umaima Sohail,1283,1095,44,93,603,5.120810600155885,0.4699922057677319,0.034294621979735
Umair Ali,98,107,2,10,42,6.551020408163266,0.42857142857142855,0.02040816326530612
Umair Qasim,365,438,16,51,165,7.199999999999999,0.4520547945205479,0.043835616438356165
Umair Sharif,47,68,1,10,23,8.680851063829788,0.48936170212765956,0.02127659574468085
Umair Tariq,553,673,48,80,237,7.3019891500904155,0.42857142857142855,0.0867992766726944
Umar Adam,834,997,52,113,349,7.172661870503597,0.4184652278177458,0.06235011990407674
Umar Amin,42,24,0,2,27,3.4285714285714284,0.6428571428571429,0.0
Umar Gul,7044,6516,264,771,3828,5.550255536626916,0.5434412265758092,0.03747870528109029
Umm-e-Hani,957,780,26,63,460,4.890282131661442,0.48066875653082547,0.027168234064785787
Umran Malik,537,660,26,94,251,7.374301675977653,0.46741154562383613,0.048417132216014895
Urooj Mumtaz,67,70,7,6,22,6.268656716417911,0.3283582089552239,0.1044776119402985
Usama Mir,644,682,20,68,254,6.354037267080746,0.3944099378881988,0.031055900621118012
Usman Ali,146,165,12,16,49,6.780821917808219,0.3356164383561644,0.0821917808219178
Usman Arif,194,186,11,18,93,5.752577319587629,0.4793814432989691,0.05670103092783505
Usman Ashraf,49,48,9,8,19,5.877551020408164,0.3877551020408163,0.1836734693877551
Usman Khalid,523,520,26,53,233,5.965583173996175,0.44550669216061184,0.0497131931166348
Usman Khan,594,637,47,61,252,6.434343434343434,0.42424242424242425,0.07912457912457913
Usman Najeeb,808,997,51,122,349,7.403465346534654,0.4319306930693069,0.06311881188118812
Usman Qadir,470,612,30,73,162,7.812765957446809,0.3446808510638298,0.06382978723404255
Usman Rafiq,44,71,1,10,10,9.681818181818182,0.22727272727272727,0.022727272727272728
Usman Shinwari,1043,1026,51,124,524,5.902205177372962,0.5023969319271333,0.0488974113135187
Usman Shuja,505,330,22,42,326,3.9207920792079207,0.6455445544554456,0.04356435643564356
Usman Tariq,188,202,18,14,54,6.446808510638298,0.2872340425531915,0.09574468085106383
Uswa Syed,225,173,14,13,127,4.613333333333333,0.5644444444444444,0.06222222222222222
Utkarsh Jain,462,435,25,46,204,5.64935064935065,0.44155844155844154,0.05411255411255411
Utkarsh Srivastava,24,17,0,1,12,4.25,0.5,0.0
V Araa,792,632,40,55,374,4.787878787878788,0.4722222222222222,0.050505050505050504
V Atanasova,113,140,2,11,69,7.433628318584072,0.6106194690265486,0.017699115044247787
V Ateak,762,454,31,41,475,3.574803149606299,0.6233595800524935,0.04068241469816273
V Avdylaj,136,152,0,12,63,6.705882352941176,0.4632352941176471,0.0
V Balakrishnan,54,45,3,3,25,5.0,0.46296296296296297,0.05555555555555555
V Barboza,76,80,2,9,43,6.315789473684211,0.5657894736842105,0.02631578947368421
V Baskaran,1534,1329,51,151,826,5.198174706649283,0.5384615384615384,0.033246414602346806
V Buruka,229,190,11,20,125,4.978165938864629,0.5458515283842795,0.048034934497816595
V Chopra,55,70,1,8,17,7.636363636363637,0.3090909090909091,0.01818181818181818
V Dhaniram,133,93,7,6,71,4.195488721804511,0.5338345864661654,0.05263157894736842
V Frank,247,205,4,23,142,4.9797570850202435,0.5748987854251012,0.016194331983805668
V Ganesan,614,535,31,41,269,5.228013029315961,0.4381107491856677,0.050488599348534204
V Hampihallikar,56,99,0,12,13,10.607142857142856,0.23214285714285715,0.0
V Hamunyela,1006,766,46,63,546,4.568588469184891,0.5427435387673957,0.04572564612326044
V Hettiarachchi,6,12,0,1,1,12.0,0.16666666666666666,0.0
V Iriho,97,78,3,7,51,4.824742268041237,0.5257731958762887,0.030927835051546393
V Jatinder Kumar,138,158,6,18,58,6.869565217391305,0.42028985507246375,0.043478260869565216
V Jayant,51,78,1,8,15,9.176470588235293,0.29411764705882354,0.0196078431372549
V Kai,59,56,0,4,28,5.694915254237288,0.4745762711864407,0.0
V Khanduri,77,100,5,10,26,7.792207792207792,0.33766233766233766,0.06493506493506493
V Kohli,826,888,12,82,284,6.450363196125909,0.34382566585956414,0.014527845036319613
V Krishnamurthy,119,62,3,4,81,3.1260504201680672,0.680672268907563,0.025210084033613446
V Lahiru,376,220,17,18,224,3.5106382978723407,0.5957446808510638,0.04521276595744681
V Mahajan,206,172,7,12,106,5.009708737864077,0.5145631067961165,0.03398058252427184
V Manakitoga,65,25,2,3,55,2.3076923076923075,0.8461538461538461,0.03076923076923077
V Manakiwai,128,110,4,12,75,5.15625,0.5859375,0.03125
V Mansale,488,428,26,35,277,5.262295081967213,0.5676229508196722,0.05327868852459016
V Marghashayam,60,102,4,14,18,10.2,0.3,0.06666666666666667
V Mitari,359,458,24,54,148,7.654596100278551,0.41225626740947074,0.06685236768802229
V Nagpaul,104,106,5,10,40,6.115384615384616,0.38461538461538464,0.04807692307692308
V Ooko,120,80,4,9,82,4.0,0.6833333333333333,0.03333333333333333
V Pennazza,464,354,19,32,279,4.577586206896552,0.6012931034482759,0.040948275862068964
V Permaul,342,285,8,31,178,5.0,0.52046783625731,0.023391812865497075
V Phiri,216,179,17,14,103,4.972222222222222,0.47685185185185186,0.0787037037037037
V Poglitsch,11,16,0,0,5,8.727272727272728,0.45454545454545453,0.0
V Pulibanti,14,15,1,1,6,6.428571428571428,0.42857142857142855,0.07142857142857142
V Rathinasamy,41,37,3,4,21,5.414634146341464,0.5121951219512195,0.07317073170731707
V Ravindran,40,21,4,1,20,3.15,0.5,0.1
V Redkar,6,6,0,0,2,6.0,0.3333333333333333,0.0
V Romani,13,9,0,0,11,4.153846153846154,0.8461538461538461,0.0
V Saini,930,1051,47,116,398,6.780645161290322,0.42795698924731185,0.05053763440860215
V Sehdev,60,43,1,5,38,4.3,0.6333333333333333,0.016666666666666666
V Sehwag,2482,2103,58,132,1103,5.083803384367445,0.4443996776792909,0.023368251410153102
V Shankar,376,403,11,46,161,6.430851063829787,0.42819148936170215,0.02925531914893617
V Shaw,45,41,3,2,17,5.466666666666667,0.37777777777777777,0.06666666666666667
V Shetty,84,53,2,1,36,3.7857142857142856,0.42857142857142855,0.023809523809523808
V Sibanda,276,267,4,27,117,5.804347826086956,0.42391304347826086,0.014492753623188406
V Silva,81,104,1,17,41,7.703703703703703,0.5061728395061729,0.012345679012345678
V Sukumaran,136,112,4,11,74,4.941176470588235,0.5441176470588235,0.029411764705882353
V Tafea,53,60,0,7,32,6.792452830188679,0.6037735849056604,0.0
V Thari Thari,23,47,1,6,6,12.26086956521739,0.2608695652173913,0.043478260869565216
V Thewmika,285,233,4,20,140,4.905263157894737,0.49122807017543857,0.014035087719298246
V Vijh,699,908,44,82,207,7.793991416309013,0.296137339055794,0.06294706723891273
V Vini,6,9,0,1,0,9.0,0.0,0.0
V Vira,450,324,30,28,263,4.32,0.5844444444444444,0.06666666666666667
V Vithanage,106,93,5,6,50,5.264150943396226,0.4716981132075472,0.04716981132075472
V Viyaskanth,502,336,21,24,262,4.01593625498008,0.5219123505976095,0.04183266932270916
V Yabaki,278,186,8,16,160,4.014388489208633,0.5755395683453237,0.02877697841726619
V Zanko,44,56,3,7,18,7.636363636363637,0.4090909090909091,0.06818181818181818
V Zimonjic,626,784,33,107,294,7.514376996805112,0.4696485623003195,0.052715654952076675
VAI Akash,68,45,1,1,33,3.9705882352941173,0.4852941176470588,0.014705882352941176
VB Viyala,117,109,5,5,73,5.589743589743589,0.6239316239316239,0.042735042735042736
VC Ahir,36,53,0,6,11,8.833333333333334,0.3055555555555556,0.0
VC Drakes,634,465,18,51,376,4.400630914826499,0.5930599369085173,0.028391167192429023
VD Adewoye,301,394,18,47,99,7.853820598006645,0.3289036544850498,0.059800664451827246
VD Philander,1406,1133,46,126,821,4.834992887624466,0.5839260312944523,0.032716927453769556
VE Tembo,41,83,1,11,12,12.146341463414634,0.2926829268292683,0.024390243902439025
VJ Kingma,2267,2073,72,255,1343,5.486546096162329,0.5924128804587561,0.031760035288928096
VL Jani,37,28,2,2,18,4.54054054054054,0.4864864864864865,0.05405405405405406
VL Mukesh,48,64,0,10,21,8.0,0.4375,0.0
VM Nyauchi,471,429,11,49,278,5.464968152866242,0.5902335456475584,0.02335456475583864
VM Vaghela,61,41,8,2,26,4.032786885245902,0.4262295081967213,0.13114754098360656
VN Veetil,143,185,6,18,37,7.7622377622377625,0.25874125874125875,0.04195804195804196
VN Watts,156,59,9,5,114,2.269230769230769,0.7307692307692307,0.057692307692307696
VP Thamotharam,802,964,35,97,320,7.211970074812968,0.39900249376558605,0.043640897755610975
VR Aaron,723,762,19,94,359,6.323651452282157,0.49654218533886585,0.02627939142461964
VR Iyer,201,222,9,23,77,6.626865671641791,0.38308457711442784,0.04477611940298507
VRB Arachchige,56,84,2,9,15,9.0,0.26785714285714285,0.03571428571428571
VRV Singh,81,106,0,16,41,7.851851851851852,0.5061728395061729,0.0
VS Halambage,224,229,2,22,100,6.133928571428571,0.44642857142857145,0.008928571428571428
VS Padhaal,6,12,0,1,1,12.0,0.16666666666666666,0.0
VS Solanki,84,80,1,7,42,5.714285714285714,0.5,0.011904761904761904
Vaishnave Mahesh,1756,1392,114,128,913,4.75626423690205,0.5199316628701595,0.06492027334851937
Vaishnavi Sharma,141,155,7,16,46,6.595744680851064,0.3262411347517731,0.04964539007092199
Vathila Udara,183,129,6,13,106,4.229508196721311,0.5792349726775956,0.03278688524590164
Vichanath Singh,503,410,15,39,265,4.890656063618291,0.5268389662027833,0.02982107355864811
Vikramjit Singh,359,430,13,53,155,7.186629526462395,0.43175487465181056,0.036211699164345405
Viktoria Frey,421,337,21,16,282,4.802850356294536,0.669833729216152,0.0498812351543943
Vimal Kumar,250,235,6,20,136,5.640000000000001,0.544,0.024
Vinay Ravi,772,844,46,102,383,6.5595854922279795,0.4961139896373057,0.05958549222797927
Vinu Kumar,511,430,26,34,270,5.048923679060665,0.5283757338551859,0.050880626223091974
Virandeep Singh,2166,1940,130,169,966,5.373961218836565,0.44598337950138506,0.06001846722068329
Virendra Kumar,62,74,4,11,31,7.161290322580645,0.5,0.06451612903225806
Vishal Sharma,22,38,1,5,7,10.363636363636363,0.3181818181818182,0.045454545454545456
Vishaul Singh,30,42,2,7,11,8.4,0.36666666666666664,0.06666666666666667
Vishil Patel,233,274,14,31,91,7.055793991416309,0.3905579399141631,0.060085836909871244
Vivek Dixit,6,8,0,1,2,8.0,0.3333333333333333,0.0
Vraj Patel,2070,1712,106,159,1045,4.9623188405797105,0.5048309178743962,0.051207729468599035
W Banner,7,25,0,4,1,21.428571428571427,0.14285714285714285,0.0
W Barresi,40,63,2,9,14,9.45,0.35,0.05
W Behr,109,108,9,11,50,5.944954128440367,0.45871559633027525,0.08256880733944955
W Fazakerley,160,122,4,9,98,4.575,0.6125,0.025
W Ginindza,152,204,5,22,77,8.052631578947368,0.506578947368421,0.03289473684210526
W Hornero-Garcia,139,177,5,12,60,7.640287769784172,0.4316546762589928,0.03597122302158273
W Jing Zhang,17,30,0,5,6,10.588235294117647,0.35294117647058826,0.0
W Kevin,7,9,1,0,2,7.7142857142857135,0.2857142857142857,0.14285714285714285
W Kokaua,68,106,7,12,21,9.352941176470587,0.3088235294117647,0.10294117647058823
W Liengprasert,265,158,19,8,137,3.577358490566038,0.5169811320754717,0.07169811320754717
W Madhevere,1180,1148,33,95,478,5.83728813559322,0.40508474576271186,0.027966101694915254
W Malajczuk,91,91,2,9,35,6.0,0.38461538461538464,0.02197802197802198
W Mariner,105,74,1,10,70,4.228571428571429,0.6666666666666666,0.009523809523809525
W Matabwa,28,35,1,3,11,7.499999999999999,0.39285714285714285,0.03571428571428571
W McClintock,38,42,2,4,13,6.631578947368421,0.34210526315789475,0.05263157894736842
W Miyauchi,6,3,0,0,3,3.0,0.5,0.0
W Moutswi,399,251,20,9,251,3.774436090225564,0.6290726817042607,0.05012531328320802
W Mwatile,1880,1324,86,136,1188,4.225531914893617,0.6319148936170212,0.045744680851063826
W Mwayenga,74,86,1,12,36,6.972972972972973,0.4864864864864865,0.013513513513513514
W Nalisa,1064,1012,42,94,514,5.7067669172932325,0.4830827067669173,0.039473684210526314
W Ngowhuad,205,323,17,45,77,9.453658536585367,0.375609756097561,0.08292682926829269
W O'Rourke,1085,1019,31,119,598,5.635023041474654,0.5511520737327189,0.02857142857142857
W Parker,44,44,1,6,20,6.0,0.45454545454545453,0.022727272727272728
W Peatfield,536,472,38,50,267,5.283582089552239,0.498134328358209,0.0708955223880597
W Perchard,37,46,0,4,9,7.459459459459459,0.24324324324324326,0.0
W Prestwidge,278,320,6,39,125,6.906474820143885,0.44964028776978415,0.02158273381294964
W Sahan,514,286,25,23,323,3.33852140077821,0.6284046692607004,0.048638132295719845
W Salzmann,273,288,17,33,121,6.329670329670329,0.4432234432234432,0.06227106227106227
W Shafiq,38,8,0,1,35,1.2631578947368423,0.9210526315789473,0.0
W Sutherland,1528,1351,45,153,821,5.304973821989529,0.537303664921466,0.029450261780104712
W Uisuk,172,153,7,21,108,5.337209302325581,0.627906976744186,0.040697674418604654
W Viraliliu,366,291,9,35,237,4.770491803278689,0.6475409836065574,0.02459016393442623
W Wotu,99,114,4,12,38,6.909090909090909,0.3838383838383838,0.04040404040404041
WA Agar,1421,1388,35,166,788,5.860661505981703,0.5545390570021111,0.024630541871921183
WA Dilshan,254,203,9,21,141,4.795275590551181,0.5551181102362205,0.03543307086614173
WA Duraisingam,1446,1310,61,111,704,5.435684647302905,0.48686030428769017,0.042185338865836794
WA Haslim,48,26,1,2,32,3.25,0.6666666666666666,0.020833333333333332
WA White,326,351,11,41,139,6.460122699386503,0.4263803680981595,0.03374233128834356
WACP Wijelath,339,310,15,40,200,5.486725663716814,0.5899705014749262,0.04424778761061947
WAE Burton,233,327,10,43,100,8.420600858369099,0.4291845493562232,0.04291845493562232
WAN Ransika,46,78,1,13,18,10.17391304347826,0.391304347826087,0.021739130434782608
WAT Beer,1680,1470,33,124,747,5.25,0.4446428571428571,0.019642857142857142
WB Rankin,4080,3527,137,392,2262,5.186764705882353,0.5544117647058824,0.03357843137254902
WCA Ganegama,44,61,0,11,26,8.318181818181818,0.5909090909090909,0.0
WD Balaji Rao,357,330,10,29,159,5.546218487394958,0.44537815126050423,0.028011204481792718
WD Bragg,12,16,0,1,4,8.0,0.3333333333333333,0.0
WD Parnell,5306,5431,204,669,2561,6.141349415755748,0.48266113833396157,0.038447041085563516
WF Stelling,193,117,6,11,132,3.6373056994818658,0.6839378238341969,0.031088082901554404
WG Jacks,929,1012,32,114,376,6.536060279870829,0.4047362755651238,0.03444564047362755
WGAKK Kulasuriya,1641,1522,47,201,858,5.564899451553931,0.5228519195612431,0.028641072516758074
WJ Cope,322,391,17,48,135,7.2857142857142865,0.4192546583850932,0.052795031055900624
WJ Durston,428,395,9,32,175,5.537383177570094,0.4088785046728972,0.02102803738317757
WJ Malinda,58,66,1,8,28,6.8275862068965525,0.4827586206896552,0.017241379310344827
WJ Weighell,1185,1162,42,133,568,5.883544303797469,0.47932489451476795,0.035443037974683546
WJR Robertson,37,33,2,4,20,5.351351351351351,0.5405405405405406,0.05405405405405406
WK Bitis,80,118,3,16,27,8.85,0.3375,0.0375
WK Dilhari,2783,2586,105,238,1163,5.575278476464248,0.4178943586058211,0.03772906934962271
WK Lai,259,217,16,14,127,5.027027027027027,0.49034749034749037,0.06177606177606178
WK McCallan,732,563,24,43,364,4.614754098360656,0.4972677595628415,0.03278688524590164
WL Madsen,545,443,10,45,291,4.877064220183486,0.5339449541284403,0.01834862385321101
WM Delgado,84,53,5,1,65,3.7857142857142856,0.7738095238095238,0.05952380952380952
WMH Rhodes,1645,1631,48,173,713,5.948936170212765,0.43343465045592705,0.02917933130699088
WMN Silva,50,56,1,7,23,6.72,0.46,0.02
WNK Wanniarachchi,13,14,0,2,8,6.461538461538462,0.6153846153846154,0.0
WP Masakadza,2590,2633,73,243,1004,6.0996138996138995,0.38764478764478766,0.028185328185328186
WP Myburgh,49,64,2,4,11,7.836734693877552,0.22448979591836735,0.04081632653061224
WPU Madushan,84,47,2,6,56,3.357142857142857,0.6666666666666666,0.023809523809523808
WPUJC Vaas,4993,3513,126,400,3182,4.221510114159824,0.6372922090927298,0.025235329461245744
WR Smith,486,441,8,37,206,5.444444444444445,0.42386831275720166,0.01646090534979424
WRC Fernando,134,108,4,10,79,4.835820895522389,0.5895522388059702,0.029850746268656716
WRKS Darshika,302,258,11,22,141,5.125827814569536,0.46688741721854304,0.03642384105960265
WRS Gidman,546,419,20,42,283,4.604395604395604,0.5183150183150184,0.03663003663003663
WS Davis,416,455,11,53,177,6.562500000000001,0.4254807692307692,0.026442307692307692
WS Jayantha,25,27,1,3,7,6.4799999999999995,0.28,0.04
WSA Williams,856,692,27,79,485,4.850467289719626,0.5665887850467289,0.03154205607476635
WSLK Narayana,58,67,1,7,27,6.931034482758621,0.46551724137931033,0.017241379310344827
WT Gavera,534,567,22,65,235,6.370786516853933,0.4400749063670412,0.04119850187265917
WT Mashinge,35,59,1,9,14,10.114285714285716,0.4,0.02857142857142857
WT Mubayiwa,114,92,6,7,54,4.842105263157895,0.47368421052631576,0.05263157894736842
WT Root,300,310,6,26,102,6.2,0.34,0.02
WTN Fernando,56,51,1,5,24,5.4642857142857135,0.42857142857142855,0.017857142857142856
WVD Seneviratne,183,136,6,18,114,4.459016393442623,0.6229508196721312,0.03278688524590164
WW Hinds,626,515,22,37,289,4.936102236421726,0.46166134185303515,0.03514376996805112
Wahab Riaz,5193,5169,179,574,2505,5.972270363951473,0.4823801270941652,0.03446947814365492
Waheed Aamir,49,39,2,4,32,4.775510204081633,0.6530612244897959,0.04081632653061224
Waheed Ahmed,314,321,9,19,118,6.133757961783439,0.37579617834394907,0.028662420382165606
Waheeda Akhtar,157,195,8,30,72,7.452229299363057,0.4585987261146497,0.050955414012738856
Wahidullah Sahak,272,360,22,44,108,7.941176470588235,0.39705882352941174,0.08088235294117647
Waji Ul Hassan,377,475,21,49,125,7.5596816976127315,0.33156498673740054,0.05570291777188329
Waleed Rana,43,59,3,5,9,8.232558139534884,0.20930232558139536,0.06976744186046512
Waleed Waqar,20,43,1,8,5,12.899999999999999,0.25,0.05
Walid Ghauri,56,73,2,7,21,7.821428571428571,0.375,0.03571428571428571
Wan Nor Zulaika,168,160,6,16,77,5.714285714285714,0.4583333333333333,0.03571428571428571
Wang Huiying,267,230,13,18,136,5.168539325842697,0.5093632958801498,0.04868913857677903
Wang Jing,24,28,1,2,9,7.0,0.375,0.041666666666666664
Wang Meng,272,157,11,11,168,3.4632352941176467,0.6176470588235294,0.04044117647058824
Wang Qi,116,99,5,10,63,5.120689655172414,0.5431034482758621,0.04310344827586207
Wang Zihao,34,23,2,0,23,4.0588235294117645,0.6764705882352942,0.058823529411764705
Wania Malik,28,16,1,1,20,3.4285714285714284,0.7142857142857143,0.03571428571428571
Waqar Abbasi,52,49,2,6,27,5.653846153846154,0.5192307692307693,0.038461538461538464
Waqar Ali,313,242,32,20,150,4.638977635782748,0.4792332268370607,0.10223642172523961
Waqar Khan,30,69,3,10,12,13.8,0.4,0.1
Waqar Ul Hassan,6,10,0,1,1,10.0,0.16666666666666666,0.0
Waqar Younis,189,181,7,25,109,5.746031746031746,0.5767195767195767,0.037037037037037035
Waqar Zalmai,528,652,32,79,218,7.409090909090909,0.4128787878787879,0.06060606060606061
Waqas Ahmad,359,417,29,49,139,6.969359331476323,0.3871866295264624,0.0807799442896936
Waqas Akram,36,35,3,5,16,5.833333333333333,0.4444444444444444,0.08333333333333333
Waqas Ali,53,56,4,3,15,6.339622641509433,0.2830188679245283,0.07547169811320754
Waqas Barkat,398,499,14,55,142,7.522613065326634,0.35678391959798994,0.035175879396984924
Waqas Khan,31,42,1,5,8,8.129032258064516,0.25806451612903225,0.03225806451612903
Waqas Maqsood,11,21,2,4,1,11.454545454545455,0.09090909090909091,0.18181818181818182
Waseem Muhammad,144,224,3,24,48,9.333333333333334,0.3333333333333333,0.020833333333333332
Waseem Yaqoob,246,328,24,38,82,8.0,0.3333333333333333,0.0975609756097561
Waseeq Ahmed,337,386,16,33,112,6.872403560830861,0.3323442136498516,0.04747774480712166
Washeem Abbas,1105,1424,75,168,427,7.732126696832579,0.38642533936651585,0.06787330316742081
Washington Sundar,2149,2061,84,204,928,5.754304327594229,0.43182875756165656,0.03908794788273615
Wasim Akram,314,216,12,19,210,4.127388535031847,0.6687898089171974,0.03821656050955414
Wasim Ali,208,242,8,24,69,6.980769230769231,0.3317307692307692,0.038461538461538464
Wasim Tahir,36,9,1,0,30,1.5,0.8333333333333334,0.027777777777777776
Wei Haiting,18,29,0,4,8,9.666666666666666,0.4444444444444444,0.0
Wenjing Yin,19,33,0,3,3,10.421052631578949,0.15789473684210525,0.0
Wu Juan,323,200,18,8,176,3.7151702786377707,0.544891640866873,0.05572755417956656
X Ruan,61,49,0,4,37,4.8196721311475414,0.6065573770491803,0.0
XA Crone,398,442,10,51,178,6.6633165829145735,0.4472361809045226,0.02512562814070352
XC Bartlett,1042,1020,54,124,520,5.8733205374280235,0.4990403071017274,0.05182341650671785
XJ Doherty,3006,2514,73,214,1445,5.017964071856287,0.48070525615435794,0.02428476380572189
XM Marshall,4,5,0,0,4,7.5,1.0,0.0
XSD Smith,294,240,21,15,139,4.8979591836734695,0.47278911564625853,0.07142857142857142
Xiuli Jin,58,38,9,0,23,3.931034482758621,0.39655172413793105,0.15517241379310345
Xu Hao,7,8,0,1,5,6.857142857142857,0.7142857142857143,0.0
Xu Qian,478,273,22,23,300,3.426778242677824,0.6276150627615062,0.04602510460251046
Y Avishka,43,31,1,2,26,4.325581395348837,0.6046511627906976,0.023255813953488372
Y Cariah,635,670,17,79,290,6.330708661417323,0.4566929133858268,0.026771653543307086
Y Choden,50,48,5,4,21,5.76,0.42,0.1
Y Dewthusa,60,47,2,3,27,4.7,0.45,0.03333333333333333
Y Dilruk,6,5,0,0,1,5.0,0.16666666666666666,0.0
Y Divekar,12,32,0,5,2,16.0,0.16666666666666666,0.0
Y Fourie,407,293,17,30,239,4.31941031941032,0.5872235872235873,0.04176904176904177
Y Graves,234,180,7,16,115,4.615384615384615,0.49145299145299143,0.029914529914529916
Y Jasti,112,101,7,11,55,5.410714285714286,0.49107142857142855,0.0625
Y Konate,18,16,0,0,4,5.333333333333333,0.2222222222222222,0.0
Y Korniienko,10,8,0,0,7,4.8,0.7,0.0
Y Maddege,338,280,13,24,170,4.970414201183432,0.5029585798816568,0.038461538461538464
Y Majid,1286,1209,25,126,571,5.640746500777604,0.4440124416796267,0.019440124416796267
Y Naing Kyaw,4,8,0,1,0,12.0,0.0,0.0
Y Potgieter,93,74,1,7,55,4.774193548387097,0.5913978494623656,0.010752688172043012
Y Punja,39,50,0,6,17,7.6923076923076925,0.4358974358974359,0.0
Y Razpurker,26,22,0,1,14,5.0769230769230775,0.5384615384615384,0.0
Y Rodrigo,302,281,4,35,166,5.582781456953642,0.5496688741721855,0.013245033112582781
Y Sangare,5,8,0,1,1,9.6,0.2,0.0
Y Saranonnakkun,19,22,1,1,6,6.947368421052632,0.3157894736842105,0.05263157894736842
Y Verma,107,98,2,6,56,5.4953271028037385,0.5233644859813084,0.018691588785046728
Y Wang,6,10,1,1,0,10.0,0.0,0.16666666666666666
YA Abdulla,45,44,2,6,24,5.866666666666666,0.5333333333333333,0.044444444444444446
YBK Jaiswal,6,11,0,1,1,11.0,0.16666666666666666,0.0
YJC Altamirano,8,16,0,2,5,12.0,0.625,0.0
YK Ko Aung,18,30,1,6,7,10.0,0.3888888888888889,0.05555555555555555
YK Pathan,1820,1812,51,161,716,5.973626373626374,0.3934065934065934,0.028021978021978023
YM Murrure,229,164,4,7,151,4.296943231441048,0.6593886462882096,0.017467248908296942
YM Nkanya,935,820,62,72,429,5.262032085561497,0.4588235294117647,0.06631016042780749
YP Dayal,418,420,15,40,198,6.028708133971292,0.47368421052631576,0.03588516746411483
YP Molina,92,45,6,3,69,2.934782608695652,0.75,0.06521739130434782
YS Blagg,236,157,20,10,169,3.991525423728813,0.7161016949152542,0.0847457627118644
YS Chahal,5965,6048,235,583,2514,6.083487007544007,0.4214585079631182,0.039396479463537304
YS Chauhan,12,18,1,2,3,9.0,0.25,0.08333333333333333
YS Samra,12,13,2,1,3,6.5,0.25,0.16666666666666666
YS To,139,114,9,3,47,4.920863309352518,0.3381294964028777,0.06474820143884892
YSD Seneveratne,53,61,1,6,23,6.90566037735849,0.4339622641509434,0.018867924528301886
YT Gunawardena,41,64,1,8,17,9.365853658536587,0.4146341463414634,0.024390243902439025
YT Lewis,11,6,0,0,10,3.272727272727273,0.9090909090909091,0.0
YYM Jakda,124,165,8,18,46,7.983870967741935,0.3709677419354839,0.06451612903225806
Yadwinder Singh,12,2,0,0,10,1.0,0.8333333333333334,0.0
Yahya Suhail,55,75,2,10,19,8.181818181818182,0.34545454545454546,0.03636363636363636
Yair Nagavkar,248,261,11,21,101,6.314516129032258,0.40725806451612906,0.04435483870967742
Yang Shen,82,56,4,5,53,4.097560975609756,0.6463414634146342,0.04878048780487805
Yang Yu Xuan,51,30,3,3,34,3.5294117647058822,0.6666666666666666,0.058823529411764705
Yaqoob Ali,177,124,6,14,106,4.203389830508475,0.5988700564971752,0.03389830508474576
Yasar Haroon,322,315,19,26,145,5.869565217391305,0.4503105590062112,0.059006211180124224
Yaser Sadeq,97,44,1,3,68,2.721649484536082,0.7010309278350515,0.010309278350515464
Yash Singh,111,143,5,16,32,7.72972972972973,0.2882882882882883,0.04504504504504504
Yash Talati,26,8,3,0,19,1.8461538461538463,0.7307692307692307,0.11538461538461539
Yasim Murtaza,1991,1892,103,179,884,5.7016574585635365,0.4439979909593169,0.05173279758915118
Yasin Patel,1703,1549,88,173,862,5.4574280681150915,0.5061655901350558,0.051673517322372284
Yasir Ali,714,682,57,56,306,5.73109243697479,0.42857142857142855,0.07983193277310924
Yasir Arafat,1207,1195,44,133,585,5.940347970173986,0.48467274233637114,0.03645401822700911
Yasir Iqbal,266,274,10,31,131,6.180451127819548,0.4924812030075188,0.03759398496240601
Yasir Mehmood,77,85,4,7,33,6.623376623376623,0.42857142857142855,0.05194805194805195
Yasir Mohammad,512,559,27,58,206,6.55078125,0.40234375,0.052734375
Yasir Shah,1326,1206,25,105,576,5.457013574660634,0.4343891402714932,0.01885369532428356
Yasmeen Khan,109,113,1,8,53,6.220183486238532,0.48623853211009177,0.009174311926605505
Yasser Nazir,37,66,0,7,9,10.702702702702702,0.24324324324324326,0.0
Ye Ko Ko,25,29,2,4,8,6.959999999999999,0.32,0.08
Yebin Ka,28,19,0,0,18,4.071428571428571,0.6428571428571429,0.0
Yin Chenhao,8,5,0,0,5,3.75,0.625,0.0
Younis Khan,244,237,4,17,94,5.827868852459017,0.38524590163934425,0.01639344262295082
Yousif Wali,8,18,0,2,4,13.5,0.5,0.0
Yousuf Ali,26,34,0,3,11,7.846153846153847,0.4230769230769231,0.0
Yousuf Aslam,47,19,5,1,29,2.425531914893617,0.6170212765957447,0.10638297872340426
Yousuf Youhana,1,1,0,0,0,6.0,0.0,0.0
Yu Miao,44,26,2,2,27,3.5454545454545454,0.6136363636363636,0.045454545454545456
Yuanyuan Cai,44,36,1,2,27,4.909090909090909,0.6136363636363636,0.022727272727272728
Yusuf Ebrahim,134,203,9,25,47,9.08955223880597,0.35074626865671643,0.06716417910447761
Yuvraj Singh,4471,3952,132,311,1929,5.303511518675911,0.4314471035562514,0.029523596510847686
Yves Cyusa,192,204,8,18,78,6.375,0.40625,0.041666666666666664
Z Abbasi,69,40,4,4,42,3.4782608695652173,0.6086956521739131,0.057971014492753624
Z Bimenyimana,1730,2046,98,269,807,7.095953757225434,0.4664739884393064,0.056647398843930635
Z Burgess,713,666,28,75,401,5.604488078541375,0.5624123422159888,0.03927068723702665
Z Crawley,14,18,0,2,5,7.7142857142857135,0.35714285714285715,0.0
Z Evans,107,102,2,12,58,5.719626168224299,0.5420560747663551,0.018691588785046728
Z Groenewald,762,602,32,54,407,4.74015748031496,0.5341207349081365,0.04199475065616798
Z Hoque,182,173,6,18,92,5.7032967032967035,0.5054945054945055,0.03296703296703297
Z James,787,762,22,94,387,5.809402795425668,0.49174078780177893,0.02795425667090216
Z Kamara,238,163,9,15,153,4.109243697478992,0.6428571428571429,0.037815126050420166
Z Khan,7196,6153,230,683,4101,5.13035019455253,0.5698999444135631,0.03196220122290161
Z Lyu,62,54,3,4,34,5.225806451612903,0.5483870967741935,0.04838709677419355
Z Mali,276,269,8,32,134,5.8478260869565215,0.4855072463768116,0.028985507246376812
Z McLaughlin,43,55,2,10,22,7.674418604651162,0.5116279069767442,0.046511627906976744
Z Motara,6,13,0,3,2,13.0,0.3333333333333333,0.0
Z Shurentsetseg,146,233,6,25,33,9.575342465753424,0.22602739726027396,0.0410958904109589
Z Simpson,22,32,2,4,10,8.727272727272728,0.45454545454545453,0.09090909090909091
ZB Ender,25,16,0,1,19,3.84,0.76,0.0
ZB Lion-Cachet,408,407,19,38,174,5.985294117647059,0.4264705882352941,0.04656862745098039
ZE Matsinhe,75,91,1,13,37,7.28,0.49333333333333335,0.013333333333333334
ZGF Foulkes,842,983,37,134,403,7.004750593824228,0.47862232779097386,0.043942992874109264
ZH Cheema,15,10,1,1,10,4.0,0.6666666666666666,0.06666666666666667
ZH Saidi,43,42,2,4,14,5.8604651162790695,0.32558139534883723,0.046511627906976744
ZJ Chappell,1693,1652,55,205,864,5.854695806261074,0.5103366804489072,0.032486709982279975
ZK Shem,59,86,1,10,23,8.745762711864407,0.3898305084745763,0.01694915254237288
ZL Thoon,280,158,18,6,165,3.3857142857142857,0.5892857142857143,0.06428571428571428
ZL Win,563,382,28,34,357,4.071047957371226,0.6341030195381883,0.0497335701598579
ZM Tribe,76,72,3,7,33,5.684210526315789,0.4342105263157895,0.039473684210526314
ZP Ikiua,243,236,8,25,107,5.827160493827161,0.4403292181069959,0.03292181069958848
ZR Jaboneke,157,168,5,19,79,6.420382165605095,0.5031847133757962,0.03184713375796178
ZS Ansari,692,634,18,48,290,5.497109826589596,0.4190751445086705,0.02601156069364162
ZT Kyaw,263,226,12,19,151,5.155893536121673,0.5741444866920152,0.045627376425855515
ZXM Vukusic,136,193,7,28,60,8.51470588235294,0.4411764705882353,0.051470588235294115
Zabiullah Zahid,95,83,3,8,55,5.242105263157894,0.5789473684210527,0.031578947368421054
Zada Sher,74,104,3,14,24,8.432432432432432,0.32432432432432434,0.04054054054054054
Zafar Gohar,916,704,24,63,495,4.611353711790393,0.5403930131004366,0.026200873362445413
Zafer Durmaz,69,83,4,10,25,7.217391304347826,0.36231884057971014,0.057971014492753624
Zaheer Ibrahim,192,183,5,17,85,5.71875,0.4427083333333333,0.026041666666666668
Zaheer Maqsood,114,138,3,14,34,7.2631578947368425,0.2982456140350877,0.02631578947368421
Zaheer Zahiri,351,378,22,41,164,6.461538461538462,0.4672364672364672,0.06267806267806268
Zahid Abbas,30,32,2,3,7,6.4,0.23333333333333334,0.06666666666666667
Zahid Ali,231,286,10,33,91,7.428571428571429,0.3939393939393939,0.04329004329004329
Zahid Hussain,154,127,3,10,71,4.948051948051948,0.461038961038961,0.01948051948051948
Zahid Khan,75,98,1,13,34,7.84,0.4533333333333333,0.013333333333333334
Zahid Mahmood,243,261,7,29,99,6.444444444444445,0.4074074074074074,0.02880658436213992
Zahid Shah,128,103,7,7,61,4.828125,0.4765625,0.0546875
Zahid Zadran,136,174,5,26,62,7.6764705882352935,0.45588235294117646,0.03676470588235294
Zahir Mohammed,7,23,0,3,2,19.71428571428571,0.2857142857142857,0.0
Zahoor Ahmad,77,77,3,6,34,6.0,0.44155844155844154,0.03896103896103896
Zahoor Khan,4261,3842,176,364,2080,5.409997653133067,0.4881483219901432,0.041304858014550576
Zaid Ahmad,66,63,6,7,30,5.7272727272727275,0.45454545454545453,0.09090909090909091
Zain Abbas,38,56,1,7,15,8.842105263157896,0.39473684210526316,0.02631578947368421
Zain Ahmad,214,231,17,23,77,6.476635514018692,0.3598130841121495,0.0794392523364486
Zain Ali,55,60,4,9,26,6.545454545454546,0.4727272727272727,0.07272727272727272
Zain Muzaffar,99,109,6,9,49,6.606060606060606,0.494949494949495,0.06060606060606061
Zain Ul Abidin,840,800,47,78,350,5.714285714285714,0.4166666666666667,0.055952380952380955
Zain-ul-Hassan,371,352,13,46,202,5.692722371967655,0.5444743935309974,0.03504043126684636
Zaker Taqawi,275,300,26,30,101,6.545454545454545,0.36727272727272725,0.09454545454545454
Zaki Ul Hassan,190,254,16,32,73,8.021052631578947,0.38421052631578945,0.08421052631578947
Zaman Akhter,534,522,18,56,240,5.865168539325842,0.449438202247191,0.033707865168539325
Zaman Khan,172,217,7,27,65,7.569767441860465,0.37790697674418605,0.040697674418604654
Zara Haider,15,15,2,2,7,6.0,0.4666666666666667,0.13333333333333333
Zara Mohammad,258,200,15,9,177,4.651162790697675,0.686046511627907,0.05813953488372093
Zawar Farid,316,350,11,41,137,6.6455696202531644,0.43354430379746833,0.03481012658227848
Zayani Syamimi,87,46,8,1,55,3.1724137931034484,0.632183908045977,0.09195402298850575
Zayneb Fazil,106,122,2,14,60,6.90566037735849,0.5660377358490566,0.018867924528301886
Zeefa Jilani,368,304,21,26,168,4.956521739130435,0.45652173913043476,0.057065217391304345
Zeerak Chughtai,288,399,22,49,88,8.3125,0.3055555555555556,0.0763888888888889
Zeeshan Abbas,154,152,7,12,57,5.922077922077921,0.37012987012987014,0.045454545454545456
Zeeshan Ali,99,121,6,12,49,7.333333333333333,0.494949494949495,0.06060606060606061
Zeeshan Goraya,107,121,6,20,64,6.785046728971963,0.5981308411214953,0.056074766355140186
Zeeshan Kukikhel,257,344,17,46,107,8.03112840466926,0.4163424124513619,0.06614785992217899
Zeeshan Maqsood,4597,3592,149,315,2388,4.688274961931695,0.519469219055906,0.032412442897541874
Zeeshan Siddiqui,103,79,5,9,53,4.601941747572815,0.5145631067961165,0.04854368932038835
Zeshan Arif,18,39,1,4,1,13.0,0.05555555555555555,0.05555555555555555
Zhai Dian Da,10,12,0,0,5,7.199999999999999,0.5,0.0
Zhang Peng,88,95,2,11,44,6.4772727272727275,0.5,0.022727272727272728
Zhang Xiangxue,131,102,6,6,74,4.67175572519084,0.5648854961832062,0.04580152671755725
Zhang Yu Fei,182,168,5,18,113,5.538461538461538,0.6208791208791209,0.027472527472527472
Zhao Tianle,25,55,1,8,8,13.2,0.32,0.04
Zheng Lili,136,99,1,10,79,4.367647058823529,0.5808823529411765,0.007352941176470588
Zhong Wenyi,24,30,4,3,7,7.5,0.2916666666666667,0.16666666666666666
Zhou Haijie,72,41,3,1,52,3.4166666666666665,0.7222222222222222,0.041666666666666664
Ziaur Rahman,431,400,13,43,205,5.568445475638051,0.4756380510440835,0.030162412993039442
Ziaurahman Shinwari,140,168,12,17,49,7.2,0.35,0.08571428571428572
Zika Ali,24,17,0,2,16,4.25,0.6666666666666666,0.0
Zikria Islam,25,28,1,1,8,6.72,0.32,0.04
Zinaida Jeremiah,227,186,16,13,99,4.916299559471366,0.43612334801762115,0.07048458149779736
Zishan Shah,38,34,3,4,16,5.368421052631579,0.42105263157894735,0.07894736842105263
Zohaib Sarwar,144,199,7,20,49,8.291666666666666,0.3402777777777778,0.04861111111111111
Zon Lin,373,275,21,26,244,4.423592493297587,0.6541554959785523,0.05630026809651475
Zong Yuechao,85,87,4,10,50,6.141176470588236,0.5882352941176471,0.047058823529411764
Zou Kui,15,37,0,6,5,14.8,0.3333333333333333,0.0
Zubair Khan,54,54,2,9,31,6.0,0.5740740740740741,0.037037037037037035
Zuber Sunasara,2,2,0,0,0,6.0,0.0,0.0
Zuhaib Zubair,393,438,18,44,146,6.687022900763359,0.37150127226463103,0.04580152671755725
Zulfiqar Babar,438,409,15,50,224,5.602739726027397,0.5114155251141552,0.03424657534246575
Zulqarnain Haider,135,121,7,12,79,5.377777777777778,0.5851851851851851,0.05185185185185185
Zumika Azmi,198,211,4,14,75,6.393939393939394,0.3787878787878788,0.020202020202020204
Zwe Htet Paing,12,30,1,5,0,15.0,0.0,0.08333333333333333
